# Rhino

g object_1
v 58.53802490234375 15.199999809265137 -77.429573059082031
v 58.53802490234375 19 -77.429573059082031
v 61.411106109619141 15.199999809265137 -77.429573059082031
v 61.411106109619141 19 -77.429573059082031
v 61.411106109619141 15.199999809265137 -80.095565795898438
v 61.411106109619141 19 -80.095565795898438
v 58.53802490234375 15.199999809265137 -80.095565795898438
v 58.53802490234375 19 -80.095565795898438
f 2 1 3 4
f 4 3 5 6
f 6 5 7 8
f 8 7 1 2
f 7 5 3 1
f 8 2 4 6
g object_2
v 58.53802490234375 15.199999809265137 -80.095565795898438
v 58.53802490234375 19 -80.095565795898438
v 61.411106109619141 15.199999809265137 -80.095565795898438
v 61.411106109619141 19 -80.095565795898438
v 61.411106109619141 15.199999809265137 -82.761566162109375
v 61.411106109619141 19 -82.761566162109375
v 58.53802490234375 15.199999809265137 -82.761566162109375
v 58.53802490234375 19 -82.761566162109375
f 10 9 11 12
f 12 11 13 14
f 14 13 15 16
f 16 15 9 10
f 15 13 11 9
f 16 10 12 14
g object_3
v 58.53802490234375 11.399999618530273 -77.429573059082031
v 58.53802490234375 15.199999809265137 -77.429573059082031
v 61.411106109619141 11.399999618530273 -77.429573059082031
v 61.411106109619141 15.199999809265137 -77.429573059082031
v 61.411106109619141 11.399999618530273 -80.095565795898438
v 61.411106109619141 15.199999809265137 -80.095565795898438
v 58.53802490234375 11.399999618530273 -80.095565795898438
v 58.53802490234375 15.199999809265137 -80.095565795898438
f 18 17 19 20
f 20 19 21 22
f 22 21 23 24
f 24 23 17 18
f 23 21 19 17
f 24 18 20 22
g object_4
v 58.53802490234375 11.399999618530273 -80.095565795898438
v 58.53802490234375 15.199999809265137 -80.095565795898438
v 61.411106109619141 11.399999618530273 -80.095565795898438
v 61.411106109619141 15.199999809265137 -80.095565795898438
v 61.411106109619141 11.399999618530273 -82.761566162109375
v 61.411106109619141 15.199999809265137 -82.761566162109375
v 58.53802490234375 11.399999618530273 -82.761566162109375
v 58.53802490234375 15.199999809265137 -82.761566162109375
f 26 25 27 28
f 28 27 29 30
f 30 29 31 32
f 32 31 25 26
f 31 29 27 25
f 32 26 28 30
g object_5
v 58.53802490234375 7.5999999046325684 -77.429573059082031
v 58.53802490234375 11.399999618530273 -77.429573059082031
v 61.411106109619141 7.5999999046325684 -77.429573059082031
v 61.411106109619141 11.399999618530273 -77.429573059082031
v 61.411106109619141 7.5999999046325684 -80.095565795898438
v 61.411106109619141 11.399999618530273 -80.095565795898438
v 58.53802490234375 7.5999999046325684 -80.095565795898438
v 58.53802490234375 11.399999618530273 -80.095565795898438
f 34 33 35 36
f 36 35 37 38
f 38 37 39 40
f 40 39 33 34
f 39 37 35 33
f 40 34 36 38
g object_6
v 58.53802490234375 7.5999999046325684 -80.095565795898438
v 58.53802490234375 11.399999618530273 -80.095565795898438
v 61.411106109619141 7.5999999046325684 -80.095565795898438
v 61.411106109619141 11.399999618530273 -80.095565795898438
v 61.411106109619141 7.5999999046325684 -82.761566162109375
v 61.411106109619141 11.399999618530273 -82.761566162109375
v 58.53802490234375 7.5999999046325684 -82.761566162109375
v 58.53802490234375 11.399999618530273 -82.761566162109375
f 42 41 43 44
f 44 43 45 46
f 46 45 47 48
f 48 47 41 42
f 47 45 43 41
f 48 42 44 46
g object_7
v 58.53802490234375 3.7999999523162842 -77.429573059082031
v 58.53802490234375 7.5999999046325684 -77.429573059082031
v 61.411106109619141 3.7999999523162842 -77.429573059082031
v 61.411106109619141 7.5999999046325684 -77.429573059082031
v 61.411106109619141 3.7999999523162842 -80.095565795898438
v 61.411106109619141 7.5999999046325684 -80.095565795898438
v 58.53802490234375 3.7999999523162842 -80.095565795898438
v 58.53802490234375 7.5999999046325684 -80.095565795898438
f 50 49 51 52
f 52 51 53 54
f 54 53 55 56
f 56 55 49 50
f 55 53 51 49
f 56 50 52 54
g object_8
v 58.53802490234375 3.7999999523162842 -80.095565795898438
v 58.53802490234375 7.5999999046325684 -80.095565795898438
v 61.411106109619141 3.7999999523162842 -80.095565795898438
v 61.411106109619141 7.5999999046325684 -80.095565795898438
v 61.411106109619141 3.7999999523162842 -82.761566162109375
v 61.411106109619141 7.5999999046325684 -82.761566162109375
v 58.53802490234375 3.7999999523162842 -82.761566162109375
v 58.53802490234375 7.5999999046325684 -82.761566162109375
f 58 57 59 60
f 60 59 61 62
f 62 61 63 64
f 64 63 57 58
f 63 61 59 57
f 64 58 60 62
g object_9
v 58.53802490234375 0 -77.429573059082031
v 58.53802490234375 3.7999999523162842 -77.429573059082031
v 61.411106109619141 0 -77.429573059082031
v 61.411106109619141 3.7999999523162842 -77.429573059082031
v 61.411106109619141 0 -80.095565795898438
v 61.411106109619141 3.7999999523162842 -80.095565795898438
v 58.53802490234375 0 -80.095565795898438
v 58.53802490234375 3.7999999523162842 -80.095565795898438
f 66 65 67 68
f 68 67 69 70
f 70 69 71 72
f 72 71 65 66
f 71 69 67 65
f 72 66 68 70
g object_10
v 58.53802490234375 0 -80.095565795898438
v 58.53802490234375 3.7999999523162842 -80.095565795898438
v 61.411106109619141 0 -80.095565795898438
v 61.411106109619141 3.7999999523162842 -80.095565795898438
v 61.411106109619141 0 -82.761566162109375
v 61.411106109619141 3.7999999523162842 -82.761566162109375
v 58.53802490234375 0 -82.761566162109375
v 58.53802490234375 3.7999999523162842 -82.761566162109375
f 74 73 75 76
f 76 75 77 78
f 78 77 79 80
f 80 79 73 74
f 79 77 75 73
f 80 74 76 78
g object_11
v 61.411106109619141 15.199999809265137 -80.095565795898438
v 61.411106109619141 19 -80.095565795898438
v 64.631278991699219 15.199999809265137 -80.095565795898438
v 64.631278991699219 19 -80.095565795898438
v 64.631278991699219 15.199999809265137 -82.761566162109375
v 64.631278991699219 19 -82.761566162109375
v 61.411106109619141 15.199999809265137 -82.761566162109375
v 61.411106109619141 19 -82.761566162109375
f 82 81 83 84
f 84 83 85 86
f 86 85 87 88
f 88 87 81 82
f 87 85 83 81
f 88 82 84 86
g object_12
v 61.411106109619141 15.199999809265137 -77.429573059082031
v 61.411106109619141 19 -77.429573059082031
v 64.631278991699219 15.199999809265137 -77.429573059082031
v 64.631278991699219 19 -77.429573059082031
v 64.631278991699219 15.199999809265137 -80.095565795898438
v 64.631278991699219 19 -80.095565795898438
v 61.411106109619141 15.199999809265137 -80.095565795898438
v 61.411106109619141 19 -80.095565795898438
f 90 89 91 92
f 92 91 93 94
f 94 93 95 96
f 96 95 89 90
f 95 93 91 89
f 96 90 92 94
g object_13
v 64.631278991699219 15.199999809265137 -80.095565795898438
v 64.631278991699219 19 -80.095565795898438
v 67.851448059082031 15.199999809265137 -80.095565795898438
v 67.851448059082031 19 -80.095565795898438
v 67.851448059082031 15.199999809265137 -82.761566162109375
v 67.851448059082031 19 -82.761566162109375
v 64.631278991699219 15.199999809265137 -82.761566162109375
v 64.631278991699219 19 -82.761566162109375
f 98 97 99 100
f 100 99 101 102
f 102 101 103 104
f 104 103 97 98
f 103 101 99 97
f 104 98 100 102
g object_14
v 64.631278991699219 15.199999809265137 -77.429573059082031
v 64.631278991699219 19 -77.429573059082031
v 67.851448059082031 15.199999809265137 -77.429573059082031
v 67.851448059082031 19 -77.429573059082031
v 67.851448059082031 15.199999809265137 -80.095565795898438
v 67.851448059082031 19 -80.095565795898438
v 64.631278991699219 15.199999809265137 -80.095565795898438
v 64.631278991699219 19 -80.095565795898438
f 106 105 107 108
f 108 107 109 110
f 110 109 111 112
f 112 111 105 106
f 111 109 107 105
f 112 106 108 110
g object_15
v 67.851448059082031 15.199999809265137 -80.095565795898438
v 67.851448059082031 19 -80.095565795898438
v 71.071624755859375 15.199999809265137 -80.095565795898438
v 71.071624755859375 19 -80.095565795898438
v 71.071624755859375 15.199999809265137 -82.761566162109375
v 71.071624755859375 19 -82.761566162109375
v 67.851448059082031 15.199999809265137 -82.761566162109375
v 67.851448059082031 19 -82.761566162109375
f 114 113 115 116
f 116 115 117 118
f 118 117 119 120
f 120 119 113 114
f 119 117 115 113
f 120 114 116 118
g object_16
v 67.851448059082031 15.199999809265137 -77.429573059082031
v 67.851448059082031 19 -77.429573059082031
v 71.071624755859375 15.199999809265137 -77.429573059082031
v 71.071624755859375 19 -77.429573059082031
v 71.071624755859375 15.199999809265137 -80.095565795898438
v 71.071624755859375 19 -80.095565795898438
v 67.851448059082031 15.199999809265137 -80.095565795898438
v 67.851448059082031 19 -80.095565795898438
f 122 121 123 124
f 124 123 125 126
f 126 125 127 128
f 128 127 121 122
f 127 125 123 121
f 128 122 124 126
g object_17
v 71.071624755859375 15.199999809265137 -80.095565795898438
v 71.071624755859375 19 -80.095565795898438
v 74.291793823242188 15.199999809265137 -80.095565795898438
v 74.291793823242188 19 -80.095565795898438
v 74.291793823242188 15.199999809265137 -82.761566162109375
v 74.291793823242188 19 -82.761566162109375
v 71.071624755859375 15.199999809265137 -82.761566162109375
v 71.071624755859375 19 -82.761566162109375
f 130 129 131 132
f 132 131 133 134
f 134 133 135 136
f 136 135 129 130
f 135 133 131 129
f 136 130 132 134
g object_18
v 71.071624755859375 15.199999809265137 -77.429573059082031
v 71.071624755859375 19 -77.429573059082031
v 74.291793823242188 15.199999809265137 -77.429573059082031
v 74.291793823242188 19 -77.429573059082031
v 74.291793823242188 15.199999809265137 -80.095565795898438
v 74.291793823242188 19 -80.095565795898438
v 71.071624755859375 15.199999809265137 -80.095565795898438
v 71.071624755859375 19 -80.095565795898438
f 138 137 139 140
f 140 139 141 142
f 142 141 143 144
f 144 143 137 138
f 143 141 139 137
f 144 138 140 142
g object_19
v 74.291793823242188 15.199999809265137 -80.095565795898438
v 74.291793823242188 19 -80.095565795898438
v 77.511970520019531 15.199999809265137 -80.095565795898438
v 77.511970520019531 19 -80.095565795898438
v 77.511970520019531 15.199999809265137 -82.761566162109375
v 77.511970520019531 19 -82.761566162109375
v 74.291793823242188 15.199999809265137 -82.761566162109375
v 74.291793823242188 19 -82.761566162109375
f 146 145 147 148
f 148 147 149 150
f 150 149 151 152
f 152 151 145 146
f 151 149 147 145
f 152 146 148 150
g object_20
v 74.291793823242188 15.199999809265137 -77.429573059082031
v 74.291793823242188 19 -77.429573059082031
v 77.511970520019531 15.199999809265137 -77.429573059082031
v 77.511970520019531 19 -77.429573059082031
v 77.511970520019531 15.199999809265137 -80.095565795898438
v 77.511970520019531 19 -80.095565795898438
v 74.291793823242188 15.199999809265137 -80.095565795898438
v 74.291793823242188 19 -80.095565795898438
f 154 153 155 156
f 156 155 157 158
f 158 157 159 160
f 160 159 153 154
f 159 157 155 153
f 160 154 156 158
g object_21
v 61.411106109619141 11.399999618530273 -80.095565795898438
v 61.411106109619141 15.199999809265137 -80.095565795898438
v 64.631278991699219 11.399999618530273 -80.095565795898438
v 64.631278991699219 15.199999809265137 -80.095565795898438
v 64.631278991699219 11.399999618530273 -82.761566162109375
v 64.631278991699219 15.199999809265137 -82.761566162109375
v 61.411106109619141 11.399999618530273 -82.761566162109375
v 61.411106109619141 15.199999809265137 -82.761566162109375
f 162 161 163 164
f 164 163 165 166
f 166 165 167 168
f 168 167 161 162
f 167 165 163 161
f 168 162 164 166
g object_22
v 61.411106109619141 11.399999618530273 -77.429573059082031
v 61.411106109619141 15.199999809265137 -77.429573059082031
v 64.631278991699219 11.399999618530273 -77.429573059082031
v 64.631278991699219 15.199999809265137 -77.429573059082031
v 64.631278991699219 11.399999618530273 -80.095565795898438
v 64.631278991699219 15.199999809265137 -80.095565795898438
v 61.411106109619141 11.399999618530273 -80.095565795898438
v 61.411106109619141 15.199999809265137 -80.095565795898438
f 170 169 171 172
f 172 171 173 174
f 174 173 175 176
f 176 175 169 170
f 175 173 171 169
f 176 170 172 174
g object_23
v 64.631278991699219 11.399999618530273 -80.095565795898438
v 64.631278991699219 15.199999809265137 -80.095565795898438
v 67.851448059082031 11.399999618530273 -80.095565795898438
v 67.851448059082031 15.199999809265137 -80.095565795898438
v 67.851448059082031 11.399999618530273 -82.761566162109375
v 67.851448059082031 15.199999809265137 -82.761566162109375
v 64.631278991699219 11.399999618530273 -82.761566162109375
v 64.631278991699219 15.199999809265137 -82.761566162109375
f 178 177 179 180
f 180 179 181 182
f 182 181 183 184
f 184 183 177 178
f 183 181 179 177
f 184 178 180 182
g object_24
v 64.631278991699219 11.399999618530273 -77.429573059082031
v 64.631278991699219 15.199999809265137 -77.429573059082031
v 67.851448059082031 11.399999618530273 -77.429573059082031
v 67.851448059082031 15.199999809265137 -77.429573059082031
v 67.851448059082031 11.399999618530273 -80.095565795898438
v 67.851448059082031 15.199999809265137 -80.095565795898438
v 64.631278991699219 11.399999618530273 -80.095565795898438
v 64.631278991699219 15.199999809265137 -80.095565795898438
f 186 185 187 188
f 188 187 189 190
f 190 189 191 192
f 192 191 185 186
f 191 189 187 185
f 192 186 188 190
g object_25
v 67.851448059082031 11.399999618530273 -80.095565795898438
v 67.851448059082031 15.199999809265137 -80.095565795898438
v 71.071624755859375 11.399999618530273 -80.095565795898438
v 71.071624755859375 15.199999809265137 -80.095565795898438
v 71.071624755859375 11.399999618530273 -82.761566162109375
v 71.071624755859375 15.199999809265137 -82.761566162109375
v 67.851448059082031 11.399999618530273 -82.761566162109375
v 67.851448059082031 15.199999809265137 -82.761566162109375
f 194 193 195 196
f 196 195 197 198
f 198 197 199 200
f 200 199 193 194
f 199 197 195 193
f 200 194 196 198
g object_26
v 67.851448059082031 11.399999618530273 -77.429573059082031
v 67.851448059082031 15.199999809265137 -77.429573059082031
v 71.071624755859375 11.399999618530273 -77.429573059082031
v 71.071624755859375 15.199999809265137 -77.429573059082031
v 71.071624755859375 11.399999618530273 -80.095565795898438
v 71.071624755859375 15.199999809265137 -80.095565795898438
v 67.851448059082031 11.399999618530273 -80.095565795898438
v 67.851448059082031 15.199999809265137 -80.095565795898438
f 202 201 203 204
f 204 203 205 206
f 206 205 207 208
f 208 207 201 202
f 207 205 203 201
f 208 202 204 206
g object_27
v 71.071624755859375 11.399999618530273 -80.095565795898438
v 71.071624755859375 15.199999809265137 -80.095565795898438
v 74.291793823242188 11.399999618530273 -80.095565795898438
v 74.291793823242188 15.199999809265137 -80.095565795898438
v 74.291793823242188 11.399999618530273 -82.761566162109375
v 74.291793823242188 15.199999809265137 -82.761566162109375
v 71.071624755859375 11.399999618530273 -82.761566162109375
v 71.071624755859375 15.199999809265137 -82.761566162109375
f 210 209 211 212
f 212 211 213 214
f 214 213 215 216
f 216 215 209 210
f 215 213 211 209
f 216 210 212 214
g object_28
v 71.071624755859375 11.399999618530273 -77.429573059082031
v 71.071624755859375 15.199999809265137 -77.429573059082031
v 74.291793823242188 11.399999618530273 -77.429573059082031
v 74.291793823242188 15.199999809265137 -77.429573059082031
v 74.291793823242188 11.399999618530273 -80.095565795898438
v 74.291793823242188 15.199999809265137 -80.095565795898438
v 71.071624755859375 11.399999618530273 -80.095565795898438
v 71.071624755859375 15.199999809265137 -80.095565795898438
f 218 217 219 220
f 220 219 221 222
f 222 221 223 224
f 224 223 217 218
f 223 221 219 217
f 224 218 220 222
g object_29
v 74.291793823242188 11.399999618530273 -80.095565795898438
v 74.291793823242188 15.199999809265137 -80.095565795898438
v 77.511970520019531 11.399999618530273 -80.095565795898438
v 77.511970520019531 15.199999809265137 -80.095565795898438
v 77.511970520019531 11.399999618530273 -82.761566162109375
v 77.511970520019531 15.199999809265137 -82.761566162109375
v 74.291793823242188 11.399999618530273 -82.761566162109375
v 74.291793823242188 15.199999809265137 -82.761566162109375
f 226 225 227 228
f 228 227 229 230
f 230 229 231 232
f 232 231 225 226
f 231 229 227 225
f 232 226 228 230
g object_30
v 74.291793823242188 11.399999618530273 -77.429573059082031
v 74.291793823242188 15.199999809265137 -77.429573059082031
v 77.511970520019531 11.399999618530273 -77.429573059082031
v 77.511970520019531 15.199999809265137 -77.429573059082031
v 77.511970520019531 11.399999618530273 -80.095565795898438
v 77.511970520019531 15.199999809265137 -80.095565795898438
v 74.291793823242188 11.399999618530273 -80.095565795898438
v 74.291793823242188 15.199999809265137 -80.095565795898438
f 234 233 235 236
f 236 235 237 238
f 238 237 239 240
f 240 239 233 234
f 239 237 235 233
f 240 234 236 238
g object_31
v 61.411106109619141 7.5999999046325684 -80.095565795898438
v 61.411106109619141 11.399999618530273 -80.095565795898438
v 64.631278991699219 7.5999999046325684 -80.095565795898438
v 64.631278991699219 11.399999618530273 -80.095565795898438
v 64.631278991699219 7.5999999046325684 -82.761566162109375
v 64.631278991699219 11.399999618530273 -82.761566162109375
v 61.411106109619141 7.5999999046325684 -82.761566162109375
v 61.411106109619141 11.399999618530273 -82.761566162109375
f 242 241 243 244
f 244 243 245 246
f 246 245 247 248
f 248 247 241 242
f 247 245 243 241
f 248 242 244 246
g object_32
v 61.411106109619141 7.5999999046325684 -77.429573059082031
v 61.411106109619141 11.399999618530273 -77.429573059082031
v 64.631278991699219 7.5999999046325684 -77.429573059082031
v 64.631278991699219 11.399999618530273 -77.429573059082031
v 64.631278991699219 7.5999999046325684 -80.095565795898438
v 64.631278991699219 11.399999618530273 -80.095565795898438
v 61.411106109619141 7.5999999046325684 -80.095565795898438
v 61.411106109619141 11.399999618530273 -80.095565795898438
f 250 249 251 252
f 252 251 253 254
f 254 253 255 256
f 256 255 249 250
f 255 253 251 249
f 256 250 252 254
g object_33
v 64.631278991699219 7.5999999046325684 -80.095565795898438
v 64.631278991699219 11.399999618530273 -80.095565795898438
v 67.851448059082031 7.5999999046325684 -80.095565795898438
v 67.851448059082031 11.399999618530273 -80.095565795898438
v 67.851448059082031 7.5999999046325684 -82.761566162109375
v 67.851448059082031 11.399999618530273 -82.761566162109375
v 64.631278991699219 7.5999999046325684 -82.761566162109375
v 64.631278991699219 11.399999618530273 -82.761566162109375
f 258 257 259 260
f 260 259 261 262
f 262 261 263 264
f 264 263 257 258
f 263 261 259 257
f 264 258 260 262
g object_34
v 64.631278991699219 7.5999999046325684 -77.429573059082031
v 64.631278991699219 11.399999618530273 -77.429573059082031
v 67.851448059082031 7.5999999046325684 -77.429573059082031
v 67.851448059082031 11.399999618530273 -77.429573059082031
v 67.851448059082031 7.5999999046325684 -80.095565795898438
v 67.851448059082031 11.399999618530273 -80.095565795898438
v 64.631278991699219 7.5999999046325684 -80.095565795898438
v 64.631278991699219 11.399999618530273 -80.095565795898438
f 266 265 267 268
f 268 267 269 270
f 270 269 271 272
f 272 271 265 266
f 271 269 267 265
f 272 266 268 270
g object_35
v 67.851448059082031 7.5999999046325684 -80.095565795898438
v 67.851448059082031 11.399999618530273 -80.095565795898438
v 71.071624755859375 7.5999999046325684 -80.095565795898438
v 71.071624755859375 11.399999618530273 -80.095565795898438
v 71.071624755859375 7.5999999046325684 -82.761566162109375
v 71.071624755859375 11.399999618530273 -82.761566162109375
v 67.851448059082031 7.5999999046325684 -82.761566162109375
v 67.851448059082031 11.399999618530273 -82.761566162109375
f 274 273 275 276
f 276 275 277 278
f 278 277 279 280
f 280 279 273 274
f 279 277 275 273
f 280 274 276 278
g object_36
v 67.851448059082031 7.5999999046325684 -77.429573059082031
v 67.851448059082031 11.399999618530273 -77.429573059082031
v 71.071624755859375 7.5999999046325684 -77.429573059082031
v 71.071624755859375 11.399999618530273 -77.429573059082031
v 71.071624755859375 7.5999999046325684 -80.095565795898438
v 71.071624755859375 11.399999618530273 -80.095565795898438
v 67.851448059082031 7.5999999046325684 -80.095565795898438
v 67.851448059082031 11.399999618530273 -80.095565795898438
f 282 281 283 284
f 284 283 285 286
f 286 285 287 288
f 288 287 281 282
f 287 285 283 281
f 288 282 284 286
g object_37
v 71.071624755859375 7.5999999046325684 -80.095565795898438
v 71.071624755859375 11.399999618530273 -80.095565795898438
v 74.291793823242188 7.5999999046325684 -80.095565795898438
v 74.291793823242188 11.399999618530273 -80.095565795898438
v 74.291793823242188 7.5999999046325684 -82.761566162109375
v 74.291793823242188 11.399999618530273 -82.761566162109375
v 71.071624755859375 7.5999999046325684 -82.761566162109375
v 71.071624755859375 11.399999618530273 -82.761566162109375
f 290 289 291 292
f 292 291 293 294
f 294 293 295 296
f 296 295 289 290
f 295 293 291 289
f 296 290 292 294
g object_38
v 71.071624755859375 7.5999999046325684 -77.429573059082031
v 71.071624755859375 11.399999618530273 -77.429573059082031
v 74.291793823242188 7.5999999046325684 -77.429573059082031
v 74.291793823242188 11.399999618530273 -77.429573059082031
v 74.291793823242188 7.5999999046325684 -80.095565795898438
v 74.291793823242188 11.399999618530273 -80.095565795898438
v 71.071624755859375 7.5999999046325684 -80.095565795898438
v 71.071624755859375 11.399999618530273 -80.095565795898438
f 298 297 299 300
f 300 299 301 302
f 302 301 303 304
f 304 303 297 298
f 303 301 299 297
f 304 298 300 302
g object_39
v 74.291793823242188 7.5999999046325684 -80.095565795898438
v 74.291793823242188 11.399999618530273 -80.095565795898438
v 77.511970520019531 7.5999999046325684 -80.095565795898438
v 77.511970520019531 11.399999618530273 -80.095565795898438
v 77.511970520019531 7.5999999046325684 -82.761566162109375
v 77.511970520019531 11.399999618530273 -82.761566162109375
v 74.291793823242188 7.5999999046325684 -82.761566162109375
v 74.291793823242188 11.399999618530273 -82.761566162109375
f 306 305 307 308
f 308 307 309 310
f 310 309 311 312
f 312 311 305 306
f 311 309 307 305
f 312 306 308 310
g object_40
v 74.291793823242188 7.5999999046325684 -77.429573059082031
v 74.291793823242188 11.399999618530273 -77.429573059082031
v 77.511970520019531 7.5999999046325684 -77.429573059082031
v 77.511970520019531 11.399999618530273 -77.429573059082031
v 77.511970520019531 7.5999999046325684 -80.095565795898438
v 77.511970520019531 11.399999618530273 -80.095565795898438
v 74.291793823242188 7.5999999046325684 -80.095565795898438
v 74.291793823242188 11.399999618530273 -80.095565795898438
f 314 313 315 316
f 316 315 317 318
f 318 317 319 320
f 320 319 313 314
f 319 317 315 313
f 320 314 316 318
g object_41
v 61.411106109619141 3.7999999523162842 -80.095565795898438
v 61.411106109619141 7.5999999046325684 -80.095565795898438
v 64.631278991699219 3.7999999523162842 -80.095565795898438
v 64.631278991699219 7.5999999046325684 -80.095565795898438
v 64.631278991699219 3.7999999523162842 -82.761566162109375
v 64.631278991699219 7.5999999046325684 -82.761566162109375
v 61.411106109619141 3.7999999523162842 -82.761566162109375
v 61.411106109619141 7.5999999046325684 -82.761566162109375
f 322 321 323 324
f 324 323 325 326
f 326 325 327 328
f 328 327 321 322
f 327 325 323 321
f 328 322 324 326
g object_42
v 61.411106109619141 3.7999999523162842 -77.429573059082031
v 61.411106109619141 7.5999999046325684 -77.429573059082031
v 64.631278991699219 3.7999999523162842 -77.429573059082031
v 64.631278991699219 7.5999999046325684 -77.429573059082031
v 64.631278991699219 3.7999999523162842 -80.095565795898438
v 64.631278991699219 7.5999999046325684 -80.095565795898438
v 61.411106109619141 3.7999999523162842 -80.095565795898438
v 61.411106109619141 7.5999999046325684 -80.095565795898438
f 330 329 331 332
f 332 331 333 334
f 334 333 335 336
f 336 335 329 330
f 335 333 331 329
f 336 330 332 334
g object_43
v 64.631278991699219 3.7999999523162842 -80.095565795898438
v 64.631278991699219 7.5999999046325684 -80.095565795898438
v 67.851448059082031 3.7999999523162842 -80.095565795898438
v 67.851448059082031 7.5999999046325684 -80.095565795898438
v 67.851448059082031 3.7999999523162842 -82.761566162109375
v 67.851448059082031 7.5999999046325684 -82.761566162109375
v 64.631278991699219 3.7999999523162842 -82.761566162109375
v 64.631278991699219 7.5999999046325684 -82.761566162109375
f 338 337 339 340
f 340 339 341 342
f 342 341 343 344
f 344 343 337 338
f 343 341 339 337
f 344 338 340 342
g object_44
v 64.631278991699219 3.7999999523162842 -77.429573059082031
v 64.631278991699219 7.5999999046325684 -77.429573059082031
v 67.851448059082031 3.7999999523162842 -77.429573059082031
v 67.851448059082031 7.5999999046325684 -77.429573059082031
v 67.851448059082031 3.7999999523162842 -80.095565795898438
v 67.851448059082031 7.5999999046325684 -80.095565795898438
v 64.631278991699219 3.7999999523162842 -80.095565795898438
v 64.631278991699219 7.5999999046325684 -80.095565795898438
f 346 345 347 348
f 348 347 349 350
f 350 349 351 352
f 352 351 345 346
f 351 349 347 345
f 352 346 348 350
g object_45
v 67.851448059082031 3.7999999523162842 -80.095565795898438
v 67.851448059082031 7.5999999046325684 -80.095565795898438
v 71.071624755859375 3.7999999523162842 -80.095565795898438
v 71.071624755859375 7.5999999046325684 -80.095565795898438
v 71.071624755859375 3.7999999523162842 -82.761566162109375
v 71.071624755859375 7.5999999046325684 -82.761566162109375
v 67.851448059082031 3.7999999523162842 -82.761566162109375
v 67.851448059082031 7.5999999046325684 -82.761566162109375
f 354 353 355 356
f 356 355 357 358
f 358 357 359 360
f 360 359 353 354
f 359 357 355 353
f 360 354 356 358
g object_46
v 67.851448059082031 3.7999999523162842 -77.429573059082031
v 67.851448059082031 7.5999999046325684 -77.429573059082031
v 71.071624755859375 3.7999999523162842 -77.429573059082031
v 71.071624755859375 7.5999999046325684 -77.429573059082031
v 71.071624755859375 3.7999999523162842 -80.095565795898438
v 71.071624755859375 7.5999999046325684 -80.095565795898438
v 67.851448059082031 3.7999999523162842 -80.095565795898438
v 67.851448059082031 7.5999999046325684 -80.095565795898438
f 362 361 363 364
f 364 363 365 366
f 366 365 367 368
f 368 367 361 362
f 367 365 363 361
f 368 362 364 366
g object_47
v 71.071624755859375 3.7999999523162842 -80.095565795898438
v 71.071624755859375 7.5999999046325684 -80.095565795898438
v 74.291793823242188 3.7999999523162842 -80.095565795898438
v 74.291793823242188 7.5999999046325684 -80.095565795898438
v 74.291793823242188 3.7999999523162842 -82.761566162109375
v 74.291793823242188 7.5999999046325684 -82.761566162109375
v 71.071624755859375 3.7999999523162842 -82.761566162109375
v 71.071624755859375 7.5999999046325684 -82.761566162109375
f 370 369 371 372
f 372 371 373 374
f 374 373 375 376
f 376 375 369 370
f 375 373 371 369
f 376 370 372 374
g object_48
v 71.071624755859375 3.7999999523162842 -77.429573059082031
v 71.071624755859375 7.5999999046325684 -77.429573059082031
v 74.291793823242188 3.7999999523162842 -77.429573059082031
v 74.291793823242188 7.5999999046325684 -77.429573059082031
v 74.291793823242188 3.7999999523162842 -80.095565795898438
v 74.291793823242188 7.5999999046325684 -80.095565795898438
v 71.071624755859375 3.7999999523162842 -80.095565795898438
v 71.071624755859375 7.5999999046325684 -80.095565795898438
f 378 377 379 380
f 380 379 381 382
f 382 381 383 384
f 384 383 377 378
f 383 381 379 377
f 384 378 380 382
g object_49
v 74.291793823242188 3.7999999523162842 -80.095565795898438
v 74.291793823242188 7.5999999046325684 -80.095565795898438
v 77.511970520019531 3.7999999523162842 -80.095565795898438
v 77.511970520019531 7.5999999046325684 -80.095565795898438
v 77.511970520019531 3.7999999523162842 -82.761566162109375
v 77.511970520019531 7.5999999046325684 -82.761566162109375
v 74.291793823242188 3.7999999523162842 -82.761566162109375
v 74.291793823242188 7.5999999046325684 -82.761566162109375
f 386 385 387 388
f 388 387 389 390
f 390 389 391 392
f 392 391 385 386
f 391 389 387 385
f 392 386 388 390
g object_50
v 74.291793823242188 3.7999999523162842 -77.429573059082031
v 74.291793823242188 7.5999999046325684 -77.429573059082031
v 77.511970520019531 3.7999999523162842 -77.429573059082031
v 77.511970520019531 7.5999999046325684 -77.429573059082031
v 77.511970520019531 3.7999999523162842 -80.095565795898438
v 77.511970520019531 7.5999999046325684 -80.095565795898438
v 74.291793823242188 3.7999999523162842 -80.095565795898438
v 74.291793823242188 7.5999999046325684 -80.095565795898438
f 394 393 395 396
f 396 395 397 398
f 398 397 399 400
f 400 399 393 394
f 399 397 395 393
f 400 394 396 398
g object_51
v 61.411106109619141 0 -80.095565795898438
v 61.411106109619141 3.7999999523162842 -80.095565795898438
v 64.631278991699219 0 -80.095565795898438
v 64.631278991699219 3.7999999523162842 -80.095565795898438
v 64.631278991699219 0 -82.761566162109375
v 64.631278991699219 3.7999999523162842 -82.761566162109375
v 61.411106109619141 0 -82.761566162109375
v 61.411106109619141 3.7999999523162842 -82.761566162109375
f 402 401 403 404
f 404 403 405 406
f 406 405 407 408
f 408 407 401 402
f 407 405 403 401
f 408 402 404 406
g object_52
v 61.411106109619141 0 -77.429573059082031
v 61.411106109619141 3.7999999523162842 -77.429573059082031
v 64.631278991699219 0 -77.429573059082031
v 64.631278991699219 3.7999999523162842 -77.429573059082031
v 64.631278991699219 0 -80.095565795898438
v 64.631278991699219 3.7999999523162842 -80.095565795898438
v 61.411106109619141 0 -80.095565795898438
v 61.411106109619141 3.7999999523162842 -80.095565795898438
f 410 409 411 412
f 412 411 413 414
f 414 413 415 416
f 416 415 409 410
f 415 413 411 409
f 416 410 412 414
g object_53
v 64.631278991699219 0 -80.095565795898438
v 64.631278991699219 3.7999999523162842 -80.095565795898438
v 67.851448059082031 0 -80.095565795898438
v 67.851448059082031 3.7999999523162842 -80.095565795898438
v 67.851448059082031 0 -82.761566162109375
v 67.851448059082031 3.7999999523162842 -82.761566162109375
v 64.631278991699219 0 -82.761566162109375
v 64.631278991699219 3.7999999523162842 -82.761566162109375
f 418 417 419 420
f 420 419 421 422
f 422 421 423 424
f 424 423 417 418
f 423 421 419 417
f 424 418 420 422
g object_54
v 64.631278991699219 0 -77.429573059082031
v 64.631278991699219 3.7999999523162842 -77.429573059082031
v 67.851448059082031 0 -77.429573059082031
v 67.851448059082031 3.7999999523162842 -77.429573059082031
v 67.851448059082031 0 -80.095565795898438
v 67.851448059082031 3.7999999523162842 -80.095565795898438
v 64.631278991699219 0 -80.095565795898438
v 64.631278991699219 3.7999999523162842 -80.095565795898438
f 426 425 427 428
f 428 427 429 430
f 430 429 431 432
f 432 431 425 426
f 431 429 427 425
f 432 426 428 430
g object_55
v 67.851448059082031 0 -80.095565795898438
v 67.851448059082031 3.7999999523162842 -80.095565795898438
v 71.071624755859375 0 -80.095565795898438
v 71.071624755859375 3.7999999523162842 -80.095565795898438
v 71.071624755859375 0 -82.761566162109375
v 71.071624755859375 3.7999999523162842 -82.761566162109375
v 67.851448059082031 0 -82.761566162109375
v 67.851448059082031 3.7999999523162842 -82.761566162109375
f 434 433 435 436
f 436 435 437 438
f 438 437 439 440
f 440 439 433 434
f 439 437 435 433
f 440 434 436 438
g object_56
v 67.851448059082031 0 -77.429573059082031
v 67.851448059082031 3.7999999523162842 -77.429573059082031
v 71.071624755859375 0 -77.429573059082031
v 71.071624755859375 3.7999999523162842 -77.429573059082031
v 71.071624755859375 0 -80.095565795898438
v 71.071624755859375 3.7999999523162842 -80.095565795898438
v 67.851448059082031 0 -80.095565795898438
v 67.851448059082031 3.7999999523162842 -80.095565795898438
f 442 441 443 444
f 444 443 445 446
f 446 445 447 448
f 448 447 441 442
f 447 445 443 441
f 448 442 444 446
g object_57
v 71.071624755859375 0 -80.095565795898438
v 71.071624755859375 3.7999999523162842 -80.095565795898438
v 74.291793823242188 0 -80.095565795898438
v 74.291793823242188 3.7999999523162842 -80.095565795898438
v 74.291793823242188 0 -82.761566162109375
v 74.291793823242188 3.7999999523162842 -82.761566162109375
v 71.071624755859375 0 -82.761566162109375
v 71.071624755859375 3.7999999523162842 -82.761566162109375
f 450 449 451 452
f 452 451 453 454
f 454 453 455 456
f 456 455 449 450
f 455 453 451 449
f 456 450 452 454
g object_58
v 71.071624755859375 0 -77.429573059082031
v 71.071624755859375 3.7999999523162842 -77.429573059082031
v 74.291793823242188 0 -77.429573059082031
v 74.291793823242188 3.7999999523162842 -77.429573059082031
v 74.291793823242188 0 -80.095565795898438
v 74.291793823242188 3.7999999523162842 -80.095565795898438
v 71.071624755859375 0 -80.095565795898438
v 71.071624755859375 3.7999999523162842 -80.095565795898438
f 458 457 459 460
f 460 459 461 462
f 462 461 463 464
f 464 463 457 458
f 463 461 459 457
f 464 458 460 462
g object_59
v 74.291793823242188 0 -80.095565795898438
v 74.291793823242188 3.7999999523162842 -80.095565795898438
v 77.511970520019531 0 -80.095565795898438
v 77.511970520019531 3.7999999523162842 -80.095565795898438
v 77.511970520019531 0 -82.761566162109375
v 77.511970520019531 3.7999999523162842 -82.761566162109375
v 74.291793823242188 0 -82.761566162109375
v 74.291793823242188 3.7999999523162842 -82.761566162109375
f 466 465 467 468
f 468 467 469 470
f 470 469 471 472
f 472 471 465 466
f 471 469 467 465
f 472 466 468 470
g object_60
v 74.291793823242188 0 -77.429573059082031
v 74.291793823242188 3.7999999523162842 -77.429573059082031
v 77.511970520019531 0 -77.429573059082031
v 77.511970520019531 3.7999999523162842 -77.429573059082031
v 77.511970520019531 0 -80.095565795898438
v 77.511970520019531 3.7999999523162842 -80.095565795898438
v 74.291793823242188 0 -80.095565795898438
v 74.291793823242188 3.7999999523162842 -80.095565795898438
f 474 473 475 476
f 476 475 477 478
f 478 477 479 480
f 480 479 473 474
f 479 477 475 473
f 480 474 476 478
g object_61
v 61.411106109619141 15.199999809265137 -73.196693420410156
v 61.411106109619141 19 -73.196693420410156
v 64.631278991699219 15.199999809265137 -73.196693420410156
v 64.631278991699219 19 -73.196693420410156
v 64.631278991699219 15.199999809265137 -75.862693786621094
v 64.631278991699219 19 -75.862693786621094
v 61.411106109619141 15.199999809265137 -75.862693786621094
v 61.411106109619141 19 -75.862693786621094
f 482 481 483 484
f 484 483 485 486
f 486 485 487 488
f 488 487 481 482
f 487 485 483 481
f 488 482 484 486
g object_62
v 61.411106109619141 15.199999809265137 -70.53070068359375
v 61.411106109619141 19 -70.53070068359375
v 64.631278991699219 15.199999809265137 -70.53070068359375
v 64.631278991699219 19 -70.53070068359375
v 64.631278991699219 15.199999809265137 -73.196693420410156
v 64.631278991699219 19 -73.196693420410156
v 61.411106109619141 15.199999809265137 -73.196693420410156
v 61.411106109619141 19 -73.196693420410156
f 490 489 491 492
f 492 491 493 494
f 494 493 495 496
f 496 495 489 490
f 495 493 491 489
f 496 490 492 494
g object_63
v 64.631278991699219 15.199999809265137 -73.196693420410156
v 64.631278991699219 19 -73.196693420410156
v 67.851448059082031 15.199999809265137 -73.196693420410156
v 67.851448059082031 19 -73.196693420410156
v 67.851448059082031 15.199999809265137 -75.862693786621094
v 67.851448059082031 19 -75.862693786621094
v 64.631278991699219 15.199999809265137 -75.862693786621094
v 64.631278991699219 19 -75.862693786621094
f 498 497 499 500
f 500 499 501 502
f 502 501 503 504
f 504 503 497 498
f 503 501 499 497
f 504 498 500 502
g object_64
v 64.631278991699219 15.199999809265137 -70.53070068359375
v 64.631278991699219 19 -70.53070068359375
v 67.851448059082031 15.199999809265137 -70.53070068359375
v 67.851448059082031 19 -70.53070068359375
v 67.851448059082031 15.199999809265137 -73.196693420410156
v 67.851448059082031 19 -73.196693420410156
v 64.631278991699219 15.199999809265137 -73.196693420410156
v 64.631278991699219 19 -73.196693420410156
f 506 505 507 508
f 508 507 509 510
f 510 509 511 512
f 512 511 505 506
f 511 509 507 505
f 512 506 508 510
g object_65
v 67.851448059082031 15.199999809265137 -73.196693420410156
v 67.851448059082031 19 -73.196693420410156
v 71.071624755859375 15.199999809265137 -73.196693420410156
v 71.071624755859375 19 -73.196693420410156
v 71.071624755859375 15.199999809265137 -75.862693786621094
v 71.071624755859375 19 -75.862693786621094
v 67.851448059082031 15.199999809265137 -75.862693786621094
v 67.851448059082031 19 -75.862693786621094
f 514 513 515 516
f 516 515 517 518
f 518 517 519 520
f 520 519 513 514
f 519 517 515 513
f 520 514 516 518
g object_66
v 67.851448059082031 15.199999809265137 -70.53070068359375
v 67.851448059082031 19 -70.53070068359375
v 71.071624755859375 15.199999809265137 -70.53070068359375
v 71.071624755859375 19 -70.53070068359375
v 71.071624755859375 15.199999809265137 -73.196693420410156
v 71.071624755859375 19 -73.196693420410156
v 67.851448059082031 15.199999809265137 -73.196693420410156
v 67.851448059082031 19 -73.196693420410156
f 522 521 523 524
f 524 523 525 526
f 526 525 527 528
f 528 527 521 522
f 527 525 523 521
f 528 522 524 526
g object_67
v 71.071624755859375 15.199999809265137 -73.196693420410156
v 71.071624755859375 19 -73.196693420410156
v 74.291793823242188 15.199999809265137 -73.196693420410156
v 74.291793823242188 19 -73.196693420410156
v 74.291793823242188 15.199999809265137 -75.862693786621094
v 74.291793823242188 19 -75.862693786621094
v 71.071624755859375 15.199999809265137 -75.862693786621094
v 71.071624755859375 19 -75.862693786621094
f 530 529 531 532
f 532 531 533 534
f 534 533 535 536
f 536 535 529 530
f 535 533 531 529
f 536 530 532 534
g object_68
v 71.071624755859375 15.199999809265137 -70.53070068359375
v 71.071624755859375 19 -70.53070068359375
v 74.291793823242188 15.199999809265137 -70.53070068359375
v 74.291793823242188 19 -70.53070068359375
v 74.291793823242188 15.199999809265137 -73.196693420410156
v 74.291793823242188 19 -73.196693420410156
v 71.071624755859375 15.199999809265137 -73.196693420410156
v 71.071624755859375 19 -73.196693420410156
f 538 537 539 540
f 540 539 541 542
f 542 541 543 544
f 544 543 537 538
f 543 541 539 537
f 544 538 540 542
g object_69
v 74.291793823242188 15.199999809265137 -73.196693420410156
v 74.291793823242188 19 -73.196693420410156
v 77.511970520019531 15.199999809265137 -73.196693420410156
v 77.511970520019531 19 -73.196693420410156
v 77.511970520019531 15.199999809265137 -75.862693786621094
v 77.511970520019531 19 -75.862693786621094
v 74.291793823242188 15.199999809265137 -75.862693786621094
v 74.291793823242188 19 -75.862693786621094
f 546 545 547 548
f 548 547 549 550
f 550 549 551 552
f 552 551 545 546
f 551 549 547 545
f 552 546 548 550
g object_70
v 74.291793823242188 15.199999809265137 -70.53070068359375
v 74.291793823242188 19 -70.53070068359375
v 77.511970520019531 15.199999809265137 -70.53070068359375
v 77.511970520019531 19 -70.53070068359375
v 77.511970520019531 15.199999809265137 -73.196693420410156
v 77.511970520019531 19 -73.196693420410156
v 74.291793823242188 15.199999809265137 -73.196693420410156
v 74.291793823242188 19 -73.196693420410156
f 554 553 555 556
f 556 555 557 558
f 558 557 559 560
f 560 559 553 554
f 559 557 555 553
f 560 554 556 558
g object_71
v 61.411106109619141 11.399999618530273 -73.196693420410156
v 61.411106109619141 15.199999809265137 -73.196693420410156
v 64.631278991699219 11.399999618530273 -73.196693420410156
v 64.631278991699219 15.199999809265137 -73.196693420410156
v 64.631278991699219 11.399999618530273 -75.862693786621094
v 64.631278991699219 15.199999809265137 -75.862693786621094
v 61.411106109619141 11.399999618530273 -75.862693786621094
v 61.411106109619141 15.199999809265137 -75.862693786621094
f 562 561 563 564
f 564 563 565 566
f 566 565 567 568
f 568 567 561 562
f 567 565 563 561
f 568 562 564 566
g object_72
v 61.411106109619141 11.399999618530273 -70.53070068359375
v 61.411106109619141 15.199999809265137 -70.53070068359375
v 64.631278991699219 11.399999618530273 -70.53070068359375
v 64.631278991699219 15.199999809265137 -70.53070068359375
v 64.631278991699219 11.399999618530273 -73.196693420410156
v 64.631278991699219 15.199999809265137 -73.196693420410156
v 61.411106109619141 11.399999618530273 -73.196693420410156
v 61.411106109619141 15.199999809265137 -73.196693420410156
f 570 569 571 572
f 572 571 573 574
f 574 573 575 576
f 576 575 569 570
f 575 573 571 569
f 576 570 572 574
g object_73
v 64.631278991699219 11.399999618530273 -73.196693420410156
v 64.631278991699219 15.199999809265137 -73.196693420410156
v 67.851448059082031 11.399999618530273 -73.196693420410156
v 67.851448059082031 15.199999809265137 -73.196693420410156
v 67.851448059082031 11.399999618530273 -75.862693786621094
v 67.851448059082031 15.199999809265137 -75.862693786621094
v 64.631278991699219 11.399999618530273 -75.862693786621094
v 64.631278991699219 15.199999809265137 -75.862693786621094
f 578 577 579 580
f 580 579 581 582
f 582 581 583 584
f 584 583 577 578
f 583 581 579 577
f 584 578 580 582
g object_74
v 64.631278991699219 11.399999618530273 -70.53070068359375
v 64.631278991699219 15.199999809265137 -70.53070068359375
v 67.851448059082031 11.399999618530273 -70.53070068359375
v 67.851448059082031 15.199999809265137 -70.53070068359375
v 67.851448059082031 11.399999618530273 -73.196693420410156
v 67.851448059082031 15.199999809265137 -73.196693420410156
v 64.631278991699219 11.399999618530273 -73.196693420410156
v 64.631278991699219 15.199999809265137 -73.196693420410156
f 586 585 587 588
f 588 587 589 590
f 590 589 591 592
f 592 591 585 586
f 591 589 587 585
f 592 586 588 590
g object_75
v 67.851448059082031 11.399999618530273 -73.196693420410156
v 67.851448059082031 15.199999809265137 -73.196693420410156
v 71.071624755859375 11.399999618530273 -73.196693420410156
v 71.071624755859375 15.199999809265137 -73.196693420410156
v 71.071624755859375 11.399999618530273 -75.862693786621094
v 71.071624755859375 15.199999809265137 -75.862693786621094
v 67.851448059082031 11.399999618530273 -75.862693786621094
v 67.851448059082031 15.199999809265137 -75.862693786621094
f 594 593 595 596
f 596 595 597 598
f 598 597 599 600
f 600 599 593 594
f 599 597 595 593
f 600 594 596 598
g object_76
v 67.851448059082031 11.399999618530273 -70.53070068359375
v 67.851448059082031 15.199999809265137 -70.53070068359375
v 71.071624755859375 11.399999618530273 -70.53070068359375
v 71.071624755859375 15.199999809265137 -70.53070068359375
v 71.071624755859375 11.399999618530273 -73.196693420410156
v 71.071624755859375 15.199999809265137 -73.196693420410156
v 67.851448059082031 11.399999618530273 -73.196693420410156
v 67.851448059082031 15.199999809265137 -73.196693420410156
f 602 601 603 604
f 604 603 605 606
f 606 605 607 608
f 608 607 601 602
f 607 605 603 601
f 608 602 604 606
g object_77
v 71.071624755859375 11.399999618530273 -73.196693420410156
v 71.071624755859375 15.199999809265137 -73.196693420410156
v 74.291793823242188 11.399999618530273 -73.196693420410156
v 74.291793823242188 15.199999809265137 -73.196693420410156
v 74.291793823242188 11.399999618530273 -75.862693786621094
v 74.291793823242188 15.199999809265137 -75.862693786621094
v 71.071624755859375 11.399999618530273 -75.862693786621094
v 71.071624755859375 15.199999809265137 -75.862693786621094
f 610 609 611 612
f 612 611 613 614
f 614 613 615 616
f 616 615 609 610
f 615 613 611 609
f 616 610 612 614
g object_78
v 71.071624755859375 11.399999618530273 -70.53070068359375
v 71.071624755859375 15.199999809265137 -70.53070068359375
v 74.291793823242188 11.399999618530273 -70.53070068359375
v 74.291793823242188 15.199999809265137 -70.53070068359375
v 74.291793823242188 11.399999618530273 -73.196693420410156
v 74.291793823242188 15.199999809265137 -73.196693420410156
v 71.071624755859375 11.399999618530273 -73.196693420410156
v 71.071624755859375 15.199999809265137 -73.196693420410156
f 618 617 619 620
f 620 619 621 622
f 622 621 623 624
f 624 623 617 618
f 623 621 619 617
f 624 618 620 622
g object_79
v 74.291793823242188 11.399999618530273 -73.196693420410156
v 74.291793823242188 15.199999809265137 -73.196693420410156
v 77.511970520019531 11.399999618530273 -73.196693420410156
v 77.511970520019531 15.199999809265137 -73.196693420410156
v 77.511970520019531 11.399999618530273 -75.862693786621094
v 77.511970520019531 15.199999809265137 -75.862693786621094
v 74.291793823242188 11.399999618530273 -75.862693786621094
v 74.291793823242188 15.199999809265137 -75.862693786621094
f 626 625 627 628
f 628 627 629 630
f 630 629 631 632
f 632 631 625 626
f 631 629 627 625
f 632 626 628 630
g object_80
v 74.291793823242188 11.399999618530273 -70.53070068359375
v 74.291793823242188 15.199999809265137 -70.53070068359375
v 77.511970520019531 11.399999618530273 -70.53070068359375
v 77.511970520019531 15.199999809265137 -70.53070068359375
v 77.511970520019531 11.399999618530273 -73.196693420410156
v 77.511970520019531 15.199999809265137 -73.196693420410156
v 74.291793823242188 11.399999618530273 -73.196693420410156
v 74.291793823242188 15.199999809265137 -73.196693420410156
f 634 633 635 636
f 636 635 637 638
f 638 637 639 640
f 640 639 633 634
f 639 637 635 633
f 640 634 636 638
g object_81
v 61.411106109619141 7.5999999046325684 -73.196693420410156
v 61.411106109619141 11.399999618530273 -73.196693420410156
v 64.631278991699219 7.5999999046325684 -73.196693420410156
v 64.631278991699219 11.399999618530273 -73.196693420410156
v 64.631278991699219 7.5999999046325684 -75.862693786621094
v 64.631278991699219 11.399999618530273 -75.862693786621094
v 61.411106109619141 7.5999999046325684 -75.862693786621094
v 61.411106109619141 11.399999618530273 -75.862693786621094
f 642 641 643 644
f 644 643 645 646
f 646 645 647 648
f 648 647 641 642
f 647 645 643 641
f 648 642 644 646
g object_82
v 61.411106109619141 7.5999999046325684 -70.53070068359375
v 61.411106109619141 11.399999618530273 -70.53070068359375
v 64.631278991699219 7.5999999046325684 -70.53070068359375
v 64.631278991699219 11.399999618530273 -70.53070068359375
v 64.631278991699219 7.5999999046325684 -73.196693420410156
v 64.631278991699219 11.399999618530273 -73.196693420410156
v 61.411106109619141 7.5999999046325684 -73.196693420410156
v 61.411106109619141 11.399999618530273 -73.196693420410156
f 650 649 651 652
f 652 651 653 654
f 654 653 655 656
f 656 655 649 650
f 655 653 651 649
f 656 650 652 654
g object_83
v 64.631278991699219 7.5999999046325684 -73.196693420410156
v 64.631278991699219 11.399999618530273 -73.196693420410156
v 67.851448059082031 7.5999999046325684 -73.196693420410156
v 67.851448059082031 11.399999618530273 -73.196693420410156
v 67.851448059082031 7.5999999046325684 -75.862693786621094
v 67.851448059082031 11.399999618530273 -75.862693786621094
v 64.631278991699219 7.5999999046325684 -75.862693786621094
v 64.631278991699219 11.399999618530273 -75.862693786621094
f 658 657 659 660
f 660 659 661 662
f 662 661 663 664
f 664 663 657 658
f 663 661 659 657
f 664 658 660 662
g object_84
v 64.631278991699219 7.5999999046325684 -70.53070068359375
v 64.631278991699219 11.399999618530273 -70.53070068359375
v 67.851448059082031 7.5999999046325684 -70.53070068359375
v 67.851448059082031 11.399999618530273 -70.53070068359375
v 67.851448059082031 7.5999999046325684 -73.196693420410156
v 67.851448059082031 11.399999618530273 -73.196693420410156
v 64.631278991699219 7.5999999046325684 -73.196693420410156
v 64.631278991699219 11.399999618530273 -73.196693420410156
f 666 665 667 668
f 668 667 669 670
f 670 669 671 672
f 672 671 665 666
f 671 669 667 665
f 672 666 668 670
g object_85
v 67.851448059082031 7.5999999046325684 -73.196693420410156
v 67.851448059082031 11.399999618530273 -73.196693420410156
v 71.071624755859375 7.5999999046325684 -73.196693420410156
v 71.071624755859375 11.399999618530273 -73.196693420410156
v 71.071624755859375 7.5999999046325684 -75.862693786621094
v 71.071624755859375 11.399999618530273 -75.862693786621094
v 67.851448059082031 7.5999999046325684 -75.862693786621094
v 67.851448059082031 11.399999618530273 -75.862693786621094
f 674 673 675 676
f 676 675 677 678
f 678 677 679 680
f 680 679 673 674
f 679 677 675 673
f 680 674 676 678
g object_86
v 67.851448059082031 7.5999999046325684 -70.53070068359375
v 67.851448059082031 11.399999618530273 -70.53070068359375
v 71.071624755859375 7.5999999046325684 -70.53070068359375
v 71.071624755859375 11.399999618530273 -70.53070068359375
v 71.071624755859375 7.5999999046325684 -73.196693420410156
v 71.071624755859375 11.399999618530273 -73.196693420410156
v 67.851448059082031 7.5999999046325684 -73.196693420410156
v 67.851448059082031 11.399999618530273 -73.196693420410156
f 682 681 683 684
f 684 683 685 686
f 686 685 687 688
f 688 687 681 682
f 687 685 683 681
f 688 682 684 686
g object_87
v 71.071624755859375 7.5999999046325684 -73.196693420410156
v 71.071624755859375 11.399999618530273 -73.196693420410156
v 74.291793823242188 7.5999999046325684 -73.196693420410156
v 74.291793823242188 11.399999618530273 -73.196693420410156
v 74.291793823242188 7.5999999046325684 -75.862693786621094
v 74.291793823242188 11.399999618530273 -75.862693786621094
v 71.071624755859375 7.5999999046325684 -75.862693786621094
v 71.071624755859375 11.399999618530273 -75.862693786621094
f 690 689 691 692
f 692 691 693 694
f 694 693 695 696
f 696 695 689 690
f 695 693 691 689
f 696 690 692 694
g object_88
v 71.071624755859375 7.5999999046325684 -70.53070068359375
v 71.071624755859375 11.399999618530273 -70.53070068359375
v 74.291793823242188 7.5999999046325684 -70.53070068359375
v 74.291793823242188 11.399999618530273 -70.53070068359375
v 74.291793823242188 7.5999999046325684 -73.196693420410156
v 74.291793823242188 11.399999618530273 -73.196693420410156
v 71.071624755859375 7.5999999046325684 -73.196693420410156
v 71.071624755859375 11.399999618530273 -73.196693420410156
f 698 697 699 700
f 700 699 701 702
f 702 701 703 704
f 704 703 697 698
f 703 701 699 697
f 704 698 700 702
g object_89
v 74.291793823242188 7.5999999046325684 -73.196693420410156
v 74.291793823242188 11.399999618530273 -73.196693420410156
v 77.511970520019531 7.5999999046325684 -73.196693420410156
v 77.511970520019531 11.399999618530273 -73.196693420410156
v 77.511970520019531 7.5999999046325684 -75.862693786621094
v 77.511970520019531 11.399999618530273 -75.862693786621094
v 74.291793823242188 7.5999999046325684 -75.862693786621094
v 74.291793823242188 11.399999618530273 -75.862693786621094
f 706 705 707 708
f 708 707 709 710
f 710 709 711 712
f 712 711 705 706
f 711 709 707 705
f 712 706 708 710
g object_90
v 74.291793823242188 7.5999999046325684 -70.53070068359375
v 74.291793823242188 11.399999618530273 -70.53070068359375
v 77.511970520019531 7.5999999046325684 -70.53070068359375
v 77.511970520019531 11.399999618530273 -70.53070068359375
v 77.511970520019531 7.5999999046325684 -73.196693420410156
v 77.511970520019531 11.399999618530273 -73.196693420410156
v 74.291793823242188 7.5999999046325684 -73.196693420410156
v 74.291793823242188 11.399999618530273 -73.196693420410156
f 714 713 715 716
f 716 715 717 718
f 718 717 719 720
f 720 719 713 714
f 719 717 715 713
f 720 714 716 718
g object_91
v 61.411106109619141 3.7999999523162842 -73.196693420410156
v 61.411106109619141 7.5999999046325684 -73.196693420410156
v 64.631278991699219 3.7999999523162842 -73.196693420410156
v 64.631278991699219 7.5999999046325684 -73.196693420410156
v 64.631278991699219 3.7999999523162842 -75.862693786621094
v 64.631278991699219 7.5999999046325684 -75.862693786621094
v 61.411106109619141 3.7999999523162842 -75.862693786621094
v 61.411106109619141 7.5999999046325684 -75.862693786621094
f 722 721 723 724
f 724 723 725 726
f 726 725 727 728
f 728 727 721 722
f 727 725 723 721
f 728 722 724 726
g object_92
v 61.411106109619141 3.7999999523162842 -70.53070068359375
v 61.411106109619141 7.5999999046325684 -70.53070068359375
v 64.631278991699219 3.7999999523162842 -70.53070068359375
v 64.631278991699219 7.5999999046325684 -70.53070068359375
v 64.631278991699219 3.7999999523162842 -73.196693420410156
v 64.631278991699219 7.5999999046325684 -73.196693420410156
v 61.411106109619141 3.7999999523162842 -73.196693420410156
v 61.411106109619141 7.5999999046325684 -73.196693420410156
f 730 729 731 732
f 732 731 733 734
f 734 733 735 736
f 736 735 729 730
f 735 733 731 729
f 736 730 732 734
g object_93
v 64.631278991699219 3.7999999523162842 -73.196693420410156
v 64.631278991699219 7.5999999046325684 -73.196693420410156
v 67.851448059082031 3.7999999523162842 -73.196693420410156
v 67.851448059082031 7.5999999046325684 -73.196693420410156
v 67.851448059082031 3.7999999523162842 -75.862693786621094
v 67.851448059082031 7.5999999046325684 -75.862693786621094
v 64.631278991699219 3.7999999523162842 -75.862693786621094
v 64.631278991699219 7.5999999046325684 -75.862693786621094
f 738 737 739 740
f 740 739 741 742
f 742 741 743 744
f 744 743 737 738
f 743 741 739 737
f 744 738 740 742
g object_94
v 64.631278991699219 3.7999999523162842 -70.53070068359375
v 64.631278991699219 7.5999999046325684 -70.53070068359375
v 67.851448059082031 3.7999999523162842 -70.53070068359375
v 67.851448059082031 7.5999999046325684 -70.53070068359375
v 67.851448059082031 3.7999999523162842 -73.196693420410156
v 67.851448059082031 7.5999999046325684 -73.196693420410156
v 64.631278991699219 3.7999999523162842 -73.196693420410156
v 64.631278991699219 7.5999999046325684 -73.196693420410156
f 746 745 747 748
f 748 747 749 750
f 750 749 751 752
f 752 751 745 746
f 751 749 747 745
f 752 746 748 750
g object_95
v 67.851448059082031 3.7999999523162842 -73.196693420410156
v 67.851448059082031 7.5999999046325684 -73.196693420410156
v 71.071624755859375 3.7999999523162842 -73.196693420410156
v 71.071624755859375 7.5999999046325684 -73.196693420410156
v 71.071624755859375 3.7999999523162842 -75.862693786621094
v 71.071624755859375 7.5999999046325684 -75.862693786621094
v 67.851448059082031 3.7999999523162842 -75.862693786621094
v 67.851448059082031 7.5999999046325684 -75.862693786621094
f 754 753 755 756
f 756 755 757 758
f 758 757 759 760
f 760 759 753 754
f 759 757 755 753
f 760 754 756 758
g object_96
v 67.851448059082031 3.7999999523162842 -70.53070068359375
v 67.851448059082031 7.5999999046325684 -70.53070068359375
v 71.071624755859375 3.7999999523162842 -70.53070068359375
v 71.071624755859375 7.5999999046325684 -70.53070068359375
v 71.071624755859375 3.7999999523162842 -73.196693420410156
v 71.071624755859375 7.5999999046325684 -73.196693420410156
v 67.851448059082031 3.7999999523162842 -73.196693420410156
v 67.851448059082031 7.5999999046325684 -73.196693420410156
f 762 761 763 764
f 764 763 765 766
f 766 765 767 768
f 768 767 761 762
f 767 765 763 761
f 768 762 764 766
g object_97
v 71.071624755859375 3.7999999523162842 -73.196693420410156
v 71.071624755859375 7.5999999046325684 -73.196693420410156
v 74.291793823242188 3.7999999523162842 -73.196693420410156
v 74.291793823242188 7.5999999046325684 -73.196693420410156
v 74.291793823242188 3.7999999523162842 -75.862693786621094
v 74.291793823242188 7.5999999046325684 -75.862693786621094
v 71.071624755859375 3.7999999523162842 -75.862693786621094
v 71.071624755859375 7.5999999046325684 -75.862693786621094
f 770 769 771 772
f 772 771 773 774
f 774 773 775 776
f 776 775 769 770
f 775 773 771 769
f 776 770 772 774
g object_98
v 71.071624755859375 3.7999999523162842 -70.53070068359375
v 71.071624755859375 7.5999999046325684 -70.53070068359375
v 74.291793823242188 3.7999999523162842 -70.53070068359375
v 74.291793823242188 7.5999999046325684 -70.53070068359375
v 74.291793823242188 3.7999999523162842 -73.196693420410156
v 74.291793823242188 7.5999999046325684 -73.196693420410156
v 71.071624755859375 3.7999999523162842 -73.196693420410156
v 71.071624755859375 7.5999999046325684 -73.196693420410156
f 778 777 779 780
f 780 779 781 782
f 782 781 783 784
f 784 783 777 778
f 783 781 779 777
f 784 778 780 782
g object_99
v 74.291793823242188 3.7999999523162842 -73.196693420410156
v 74.291793823242188 7.5999999046325684 -73.196693420410156
v 77.511970520019531 3.7999999523162842 -73.196693420410156
v 77.511970520019531 7.5999999046325684 -73.196693420410156
v 77.511970520019531 3.7999999523162842 -75.862693786621094
v 77.511970520019531 7.5999999046325684 -75.862693786621094
v 74.291793823242188 3.7999999523162842 -75.862693786621094
v 74.291793823242188 7.5999999046325684 -75.862693786621094
f 786 785 787 788
f 788 787 789 790
f 790 789 791 792
f 792 791 785 786
f 791 789 787 785
f 792 786 788 790
g object_100
v 74.291793823242188 3.7999999523162842 -70.53070068359375
v 74.291793823242188 7.5999999046325684 -70.53070068359375
v 77.511970520019531 3.7999999523162842 -70.53070068359375
v 77.511970520019531 7.5999999046325684 -70.53070068359375
v 77.511970520019531 3.7999999523162842 -73.196693420410156
v 77.511970520019531 7.5999999046325684 -73.196693420410156
v 74.291793823242188 3.7999999523162842 -73.196693420410156
v 74.291793823242188 7.5999999046325684 -73.196693420410156
f 794 793 795 796
f 796 795 797 798
f 798 797 799 800
f 800 799 793 794
f 799 797 795 793
f 800 794 796 798
g object_101
v 61.411106109619141 0 -73.196693420410156
v 61.411106109619141 3.7999999523162842 -73.196693420410156
v 64.631278991699219 0 -73.196693420410156
v 64.631278991699219 3.7999999523162842 -73.196693420410156
v 64.631278991699219 0 -75.862693786621094
v 64.631278991699219 3.7999999523162842 -75.862693786621094
v 61.411106109619141 0 -75.862693786621094
v 61.411106109619141 3.7999999523162842 -75.862693786621094
f 802 801 803 804
f 804 803 805 806
f 806 805 807 808
f 808 807 801 802
f 807 805 803 801
f 808 802 804 806
g object_102
v 61.411106109619141 0 -70.53070068359375
v 61.411106109619141 3.7999999523162842 -70.53070068359375
v 64.631278991699219 0 -70.53070068359375
v 64.631278991699219 3.7999999523162842 -70.53070068359375
v 64.631278991699219 0 -73.196693420410156
v 64.631278991699219 3.7999999523162842 -73.196693420410156
v 61.411106109619141 0 -73.196693420410156
v 61.411106109619141 3.7999999523162842 -73.196693420410156
f 810 809 811 812
f 812 811 813 814
f 814 813 815 816
f 816 815 809 810
f 815 813 811 809
f 816 810 812 814
g object_103
v 64.631278991699219 0 -73.196693420410156
v 64.631278991699219 3.7999999523162842 -73.196693420410156
v 67.851448059082031 0 -73.196693420410156
v 67.851448059082031 3.7999999523162842 -73.196693420410156
v 67.851448059082031 0 -75.862693786621094
v 67.851448059082031 3.7999999523162842 -75.862693786621094
v 64.631278991699219 0 -75.862693786621094
v 64.631278991699219 3.7999999523162842 -75.862693786621094
f 818 817 819 820
f 820 819 821 822
f 822 821 823 824
f 824 823 817 818
f 823 821 819 817
f 824 818 820 822
g object_104
v 64.631278991699219 0 -70.53070068359375
v 64.631278991699219 3.7999999523162842 -70.53070068359375
v 67.851448059082031 0 -70.53070068359375
v 67.851448059082031 3.7999999523162842 -70.53070068359375
v 67.851448059082031 0 -73.196693420410156
v 67.851448059082031 3.7999999523162842 -73.196693420410156
v 64.631278991699219 0 -73.196693420410156
v 64.631278991699219 3.7999999523162842 -73.196693420410156
f 826 825 827 828
f 828 827 829 830
f 830 829 831 832
f 832 831 825 826
f 831 829 827 825
f 832 826 828 830
g object_105
v 67.851448059082031 0 -73.196693420410156
v 67.851448059082031 3.7999999523162842 -73.196693420410156
v 71.071624755859375 0 -73.196693420410156
v 71.071624755859375 3.7999999523162842 -73.196693420410156
v 71.071624755859375 0 -75.862693786621094
v 71.071624755859375 3.7999999523162842 -75.862693786621094
v 67.851448059082031 0 -75.862693786621094
v 67.851448059082031 3.7999999523162842 -75.862693786621094
f 834 833 835 836
f 836 835 837 838
f 838 837 839 840
f 840 839 833 834
f 839 837 835 833
f 840 834 836 838
g object_106
v 67.851448059082031 0 -70.53070068359375
v 67.851448059082031 3.7999999523162842 -70.53070068359375
v 71.071624755859375 0 -70.53070068359375
v 71.071624755859375 3.7999999523162842 -70.53070068359375
v 71.071624755859375 0 -73.196693420410156
v 71.071624755859375 3.7999999523162842 -73.196693420410156
v 67.851448059082031 0 -73.196693420410156
v 67.851448059082031 3.7999999523162842 -73.196693420410156
f 842 841 843 844
f 844 843 845 846
f 846 845 847 848
f 848 847 841 842
f 847 845 843 841
f 848 842 844 846
g object_107
v 71.071624755859375 0 -73.196693420410156
v 71.071624755859375 3.7999999523162842 -73.196693420410156
v 74.291793823242188 0 -73.196693420410156
v 74.291793823242188 3.7999999523162842 -73.196693420410156
v 74.291793823242188 0 -75.862693786621094
v 74.291793823242188 3.7999999523162842 -75.862693786621094
v 71.071624755859375 0 -75.862693786621094
v 71.071624755859375 3.7999999523162842 -75.862693786621094
f 850 849 851 852
f 852 851 853 854
f 854 853 855 856
f 856 855 849 850
f 855 853 851 849
f 856 850 852 854
g object_108
v 71.071624755859375 0 -70.53070068359375
v 71.071624755859375 3.7999999523162842 -70.53070068359375
v 74.291793823242188 0 -70.53070068359375
v 74.291793823242188 3.7999999523162842 -70.53070068359375
v 74.291793823242188 0 -73.196693420410156
v 74.291793823242188 3.7999999523162842 -73.196693420410156
v 71.071624755859375 0 -73.196693420410156
v 71.071624755859375 3.7999999523162842 -73.196693420410156
f 858 857 859 860
f 860 859 861 862
f 862 861 863 864
f 864 863 857 858
f 863 861 859 857
f 864 858 860 862
g object_109
v 74.291793823242188 0 -73.196693420410156
v 74.291793823242188 3.7999999523162842 -73.196693420410156
v 77.511970520019531 0 -73.196693420410156
v 77.511970520019531 3.7999999523162842 -73.196693420410156
v 77.511970520019531 0 -75.862693786621094
v 77.511970520019531 3.7999999523162842 -75.862693786621094
v 74.291793823242188 0 -75.862693786621094
v 74.291793823242188 3.7999999523162842 -75.862693786621094
f 866 865 867 868
f 868 867 869 870
f 870 869 871 872
f 872 871 865 866
f 871 869 867 865
f 872 866 868 870
g object_110
v 74.291793823242188 0 -70.53070068359375
v 74.291793823242188 3.7999999523162842 -70.53070068359375
v 77.511970520019531 0 -70.53070068359375
v 77.511970520019531 3.7999999523162842 -70.53070068359375
v 77.511970520019531 0 -73.196693420410156
v 77.511970520019531 3.7999999523162842 -73.196693420410156
v 74.291793823242188 0 -73.196693420410156
v 74.291793823242188 3.7999999523162842 -73.196693420410156
f 874 873 875 876
f 876 875 877 878
f 878 877 879 880
f 880 879 873 874
f 879 877 875 873
f 880 874 876 878
g object_111
v 76.050331115722656 0 -45.133918762207031
v 76.050331115722656 3.7999999523162842 -45.133918762207031
v 77.511970520019531 0 -45.133918762207031
v 77.511970520019531 3.7999999523162842 -45.133918762207031
v 77.511970520019531 0 -48.308517456054688
v 77.511970520019531 3.7999999523162842 -48.308517456054688
v 76.050331115722656 0 -48.308517456054688
v 76.050331115722656 3.7999999523162842 -48.308517456054688
f 882 881 883 884
f 884 883 885 886
f 886 885 887 888
f 888 887 881 882
f 887 885 883 881
f 888 882 884 886
g object_112
v 76.050331115722656 0 -41.959320068359375
v 76.050331115722656 3.7999999523162842 -41.959320068359375
v 77.511970520019531 0 -41.959320068359375
v 77.511970520019531 3.7999999523162842 -41.959320068359375
v 77.511970520019531 0 -45.133918762207031
v 77.511970520019531 3.7999999523162842 -45.133918762207031
v 76.050331115722656 0 -45.133918762207031
v 76.050331115722656 3.7999999523162842 -45.133918762207031
f 890 889 891 892
f 892 891 893 894
f 894 893 895 896
f 896 895 889 890
f 895 893 891 889
f 896 890 892 894
g object_113
v 76.050331115722656 3.7999999523162842 -45.133918762207031
v 76.050331115722656 7.5999999046325684 -45.133918762207031
v 77.511970520019531 3.7999999523162842 -45.133918762207031
v 77.511970520019531 7.5999999046325684 -45.133918762207031
v 77.511970520019531 3.7999999523162842 -48.308517456054688
v 77.511970520019531 7.5999999046325684 -48.308517456054688
v 76.050331115722656 3.7999999523162842 -48.308517456054688
v 76.050331115722656 7.5999999046325684 -48.308517456054688
f 898 897 899 900
f 900 899 901 902
f 902 901 903 904
f 904 903 897 898
f 903 901 899 897
f 904 898 900 902
g object_114
v 76.050331115722656 3.7999999523162842 -41.959320068359375
v 76.050331115722656 7.5999999046325684 -41.959320068359375
v 77.511970520019531 3.7999999523162842 -41.959320068359375
v 77.511970520019531 7.5999999046325684 -41.959320068359375
v 77.511970520019531 3.7999999523162842 -45.133918762207031
v 77.511970520019531 7.5999999046325684 -45.133918762207031
v 76.050331115722656 3.7999999523162842 -45.133918762207031
v 76.050331115722656 7.5999999046325684 -45.133918762207031
f 906 905 907 908
f 908 907 909 910
f 910 909 911 912
f 912 911 905 906
f 911 909 907 905
f 912 906 908 910
g object_115
v 76.050331115722656 7.5999999046325684 -45.133918762207031
v 76.050331115722656 11.399999618530273 -45.133918762207031
v 77.511970520019531 7.5999999046325684 -45.133918762207031
v 77.511970520019531 11.399999618530273 -45.133918762207031
v 77.511970520019531 7.5999999046325684 -48.308517456054688
v 77.511970520019531 11.399999618530273 -48.308517456054688
v 76.050331115722656 7.5999999046325684 -48.308517456054688
v 76.050331115722656 11.399999618530273 -48.308517456054688
f 914 913 915 916
f 916 915 917 918
f 918 917 919 920
f 920 919 913 914
f 919 917 915 913
f 920 914 916 918
g object_116
v 76.050331115722656 7.5999999046325684 -41.959320068359375
v 76.050331115722656 11.399999618530273 -41.959320068359375
v 77.511970520019531 7.5999999046325684 -41.959320068359375
v 77.511970520019531 11.399999618530273 -41.959320068359375
v 77.511970520019531 7.5999999046325684 -45.133918762207031
v 77.511970520019531 11.399999618530273 -45.133918762207031
v 76.050331115722656 7.5999999046325684 -45.133918762207031
v 76.050331115722656 11.399999618530273 -45.133918762207031
f 922 921 923 924
f 924 923 925 926
f 926 925 927 928
f 928 927 921 922
f 927 925 923 921
f 928 922 924 926
g object_117
v 76.050331115722656 11.399999618530273 -45.133918762207031
v 76.050331115722656 15.199999809265137 -45.133918762207031
v 77.511970520019531 11.399999618530273 -45.133918762207031
v 77.511970520019531 15.199999809265137 -45.133918762207031
v 77.511970520019531 11.399999618530273 -48.308517456054688
v 77.511970520019531 15.199999809265137 -48.308517456054688
v 76.050331115722656 11.399999618530273 -48.308517456054688
v 76.050331115722656 15.199999809265137 -48.308517456054688
f 930 929 931 932
f 932 931 933 934
f 934 933 935 936
f 936 935 929 930
f 935 933 931 929
f 936 930 932 934
g object_118
v 76.050331115722656 11.399999618530273 -41.959320068359375
v 76.050331115722656 15.199999809265137 -41.959320068359375
v 77.511970520019531 11.399999618530273 -41.959320068359375
v 77.511970520019531 15.199999809265137 -41.959320068359375
v 77.511970520019531 11.399999618530273 -45.133918762207031
v 77.511970520019531 15.199999809265137 -45.133918762207031
v 76.050331115722656 11.399999618530273 -45.133918762207031
v 76.050331115722656 15.199999809265137 -45.133918762207031
f 938 937 939 940
f 940 939 941 942
f 942 941 943 944
f 944 943 937 938
f 943 941 939 937
f 944 938 940 942
g object_119
v 63.169635772705078 11.399999618530273 -41.959320068359375
v 63.169635772705078 15.199999809265137 -41.959320068359375
v 66.389808654785156 11.399999618530273 -41.959320068359375
v 66.389808654785156 15.199999809265137 -41.959320068359375
v 66.389808654785156 11.399999618530273 -45.133918762207031
v 66.389808654785156 15.199999809265137 -45.133918762207031
v 63.169635772705078 11.399999618530273 -45.133918762207031
v 63.169635772705078 15.199999809265137 -45.133918762207031
f 947 945 951 949
f 952 946 948 950
f 945 947 948 946
f 947 949 950 948
f 949 951 952 950
f 951 945 946 952
g object_120
v 66.389808654785156 11.399999618530273 -41.959320068359375
v 66.389808654785156 15.199999809265137 -41.959320068359375
v 69.6099853515625 11.399999618530273 -41.959320068359375
v 69.6099853515625 15.199999809265137 -41.959320068359375
v 69.6099853515625 11.399999618530273 -45.133918762207031
v 69.6099853515625 15.199999809265137 -45.133918762207031
v 66.389808654785156 11.399999618530273 -45.133918762207031
v 66.389808654785156 15.199999809265137 -45.133918762207031
f 955 953 959 957
f 960 954 956 958
f 953 955 956 954
f 955 957 958 956
f 957 959 960 958
f 959 953 954 960
g object_121
v 69.6099853515625 11.399999618530273 -41.959320068359375
v 69.6099853515625 15.199999809265137 -41.959320068359375
v 72.830154418945312 11.399999618530273 -41.959320068359375
v 72.830154418945312 15.199999809265137 -41.959320068359375
v 72.830154418945312 11.399999618530273 -45.133918762207031
v 72.830154418945312 15.199999809265137 -45.133918762207031
v 69.6099853515625 11.399999618530273 -45.133918762207031
v 69.6099853515625 15.199999809265137 -45.133918762207031
f 963 961 967 965
f 968 962 964 966
f 961 963 964 962
f 963 965 966 964
f 965 967 968 966
f 967 961 962 968
g object_122
v 72.830154418945312 11.399999618530273 -41.959320068359375
v 72.830154418945312 15.199999809265137 -41.959320068359375
v 76.050331115722656 11.399999618530273 -41.959320068359375
v 76.050331115722656 15.199999809265137 -41.959320068359375
v 76.050331115722656 11.399999618530273 -45.133918762207031
v 76.050331115722656 15.199999809265137 -45.133918762207031
v 72.830154418945312 11.399999618530273 -45.133918762207031
v 72.830154418945312 15.199999809265137 -45.133918762207031
f 971 969 975 973
f 976 970 972 974
f 969 971 972 970
f 971 973 974 972
f 973 975 976 974
f 975 969 970 976
g object_123
v 63.169635772705078 11.399999618530273 -45.133918762207031
v 63.169635772705078 15.199999809265137 -45.133918762207031
v 66.389808654785156 11.399999618530273 -45.133918762207031
v 66.389808654785156 15.199999809265137 -45.133918762207031
v 66.389808654785156 11.399999618530273 -48.308517456054688
v 66.389808654785156 15.199999809265137 -48.308517456054688
v 63.169635772705078 11.399999618530273 -48.308517456054688
v 63.169635772705078 15.199999809265137 -48.308517456054688
f 979 977 983 981
f 984 978 980 982
f 977 979 980 978
f 979 981 982 980
f 981 983 984 982
f 983 977 978 984
g object_124
v 66.389808654785156 11.399999618530273 -45.133918762207031
v 66.389808654785156 15.199999809265137 -45.133918762207031
v 69.6099853515625 11.399999618530273 -45.133918762207031
v 69.6099853515625 15.199999809265137 -45.133918762207031
v 69.6099853515625 11.399999618530273 -48.308517456054688
v 69.6099853515625 15.199999809265137 -48.308517456054688
v 66.389808654785156 11.399999618530273 -48.308517456054688
v 66.389808654785156 15.199999809265137 -48.308517456054688
f 987 985 991 989
f 992 986 988 990
f 985 987 988 986
f 987 989 990 988
f 989 991 992 990
f 991 985 986 992
g object_125
v 69.6099853515625 11.399999618530273 -45.133918762207031
v 69.6099853515625 15.199999809265137 -45.133918762207031
v 72.830154418945312 11.399999618530273 -45.133918762207031
v 72.830154418945312 15.199999809265137 -45.133918762207031
v 72.830154418945312 11.399999618530273 -48.308517456054688
v 72.830154418945312 15.199999809265137 -48.308517456054688
v 69.6099853515625 11.399999618530273 -48.308517456054688
v 69.6099853515625 15.199999809265137 -48.308517456054688
f 995 993 999 997
f 1000 994 996 998
f 993 995 996 994
f 995 997 998 996
f 997 999 1000 998
f 999 993 994 1000
g object_126
v 72.830154418945312 11.399999618530273 -45.133918762207031
v 72.830154418945312 15.199999809265137 -45.133918762207031
v 76.050331115722656 11.399999618530273 -45.133918762207031
v 76.050331115722656 15.199999809265137 -45.133918762207031
v 76.050331115722656 11.399999618530273 -48.308517456054688
v 76.050331115722656 15.199999809265137 -48.308517456054688
v 72.830154418945312 11.399999618530273 -48.308517456054688
v 72.830154418945312 15.199999809265137 -48.308517456054688
f 1003 1001 1007 1005
f 1008 1002 1004 1006
f 1001 1003 1004 1002
f 1003 1005 1006 1004
f 1005 1007 1008 1006
f 1007 1001 1002 1008
g object_127
v 63.169635772705078 7.5999999046325684 -41.959320068359375
v 63.169635772705078 11.399999618530273 -41.959320068359375
v 66.389808654785156 7.5999999046325684 -41.959320068359375
v 66.389808654785156 11.399999618530273 -41.959320068359375
v 66.389808654785156 7.5999999046325684 -45.133918762207031
v 66.389808654785156 11.399999618530273 -45.133918762207031
v 63.169635772705078 7.5999999046325684 -45.133918762207031
v 63.169635772705078 11.399999618530273 -45.133918762207031
f 1011 1009 1015 1013
f 1016 1010 1012 1014
f 1009 1011 1012 1010
f 1011 1013 1014 1012
f 1013 1015 1016 1014
f 1015 1009 1010 1016
g object_128
v 66.389808654785156 7.5999999046325684 -41.959320068359375
v 66.389808654785156 11.399999618530273 -41.959320068359375
v 69.6099853515625 7.5999999046325684 -41.959320068359375
v 69.6099853515625 11.399999618530273 -41.959320068359375
v 69.6099853515625 7.5999999046325684 -45.133918762207031
v 69.6099853515625 11.399999618530273 -45.133918762207031
v 66.389808654785156 7.5999999046325684 -45.133918762207031
v 66.389808654785156 11.399999618530273 -45.133918762207031
f 1019 1017 1023 1021
f 1024 1018 1020 1022
f 1017 1019 1020 1018
f 1019 1021 1022 1020
f 1021 1023 1024 1022
f 1023 1017 1018 1024
g object_129
v 69.6099853515625 7.5999999046325684 -41.959320068359375
v 69.6099853515625 11.399999618530273 -41.959320068359375
v 72.830154418945312 7.5999999046325684 -41.959320068359375
v 72.830154418945312 11.399999618530273 -41.959320068359375
v 72.830154418945312 7.5999999046325684 -45.133918762207031
v 72.830154418945312 11.399999618530273 -45.133918762207031
v 69.6099853515625 7.5999999046325684 -45.133918762207031
v 69.6099853515625 11.399999618530273 -45.133918762207031
f 1027 1025 1031 1029
f 1032 1026 1028 1030
f 1025 1027 1028 1026
f 1027 1029 1030 1028
f 1029 1031 1032 1030
f 1031 1025 1026 1032
g object_130
v 72.830154418945312 7.5999999046325684 -41.959320068359375
v 72.830154418945312 11.399999618530273 -41.959320068359375
v 76.050331115722656 7.5999999046325684 -41.959320068359375
v 76.050331115722656 11.399999618530273 -41.959320068359375
v 76.050331115722656 7.5999999046325684 -45.133918762207031
v 76.050331115722656 11.399999618530273 -45.133918762207031
v 72.830154418945312 7.5999999046325684 -45.133918762207031
v 72.830154418945312 11.399999618530273 -45.133918762207031
f 1035 1033 1039 1037
f 1040 1034 1036 1038
f 1033 1035 1036 1034
f 1035 1037 1038 1036
f 1037 1039 1040 1038
f 1039 1033 1034 1040
g object_131
v 63.169635772705078 7.5999999046325684 -45.133918762207031
v 63.169635772705078 11.399999618530273 -45.133918762207031
v 66.389808654785156 7.5999999046325684 -45.133918762207031
v 66.389808654785156 11.399999618530273 -45.133918762207031
v 66.389808654785156 7.5999999046325684 -48.308517456054688
v 66.389808654785156 11.399999618530273 -48.308517456054688
v 63.169635772705078 7.5999999046325684 -48.308517456054688
v 63.169635772705078 11.399999618530273 -48.308517456054688
f 1043 1041 1047 1045
f 1048 1042 1044 1046
f 1041 1043 1044 1042
f 1043 1045 1046 1044
f 1045 1047 1048 1046
f 1047 1041 1042 1048
g object_132
v 66.389808654785156 7.5999999046325684 -45.133918762207031
v 66.389808654785156 11.399999618530273 -45.133918762207031
v 69.6099853515625 7.5999999046325684 -45.133918762207031
v 69.6099853515625 11.399999618530273 -45.133918762207031
v 69.6099853515625 7.5999999046325684 -48.308517456054688
v 69.6099853515625 11.399999618530273 -48.308517456054688
v 66.389808654785156 7.5999999046325684 -48.308517456054688
v 66.389808654785156 11.399999618530273 -48.308517456054688
f 1051 1049 1055 1053
f 1056 1050 1052 1054
f 1049 1051 1052 1050
f 1051 1053 1054 1052
f 1053 1055 1056 1054
f 1055 1049 1050 1056
g object_133
v 69.6099853515625 7.5999999046325684 -45.133918762207031
v 69.6099853515625 11.399999618530273 -45.133918762207031
v 72.830154418945312 7.5999999046325684 -45.133918762207031
v 72.830154418945312 11.399999618530273 -45.133918762207031
v 72.830154418945312 7.5999999046325684 -48.308517456054688
v 72.830154418945312 11.399999618530273 -48.308517456054688
v 69.6099853515625 7.5999999046325684 -48.308517456054688
v 69.6099853515625 11.399999618530273 -48.308517456054688
f 1059 1057 1063 1061
f 1064 1058 1060 1062
f 1057 1059 1060 1058
f 1059 1061 1062 1060
f 1061 1063 1064 1062
f 1063 1057 1058 1064
g object_134
v 72.830154418945312 7.5999999046325684 -45.133918762207031
v 72.830154418945312 11.399999618530273 -45.133918762207031
v 76.050331115722656 7.5999999046325684 -45.133918762207031
v 76.050331115722656 11.399999618530273 -45.133918762207031
v 76.050331115722656 7.5999999046325684 -48.308517456054688
v 76.050331115722656 11.399999618530273 -48.308517456054688
v 72.830154418945312 7.5999999046325684 -48.308517456054688
v 72.830154418945312 11.399999618530273 -48.308517456054688
f 1067 1065 1071 1069
f 1072 1066 1068 1070
f 1065 1067 1068 1066
f 1067 1069 1070 1068
f 1069 1071 1072 1070
f 1071 1065 1066 1072
g object_135
v 63.169635772705078 3.7999999523162842 -41.959320068359375
v 63.169635772705078 7.5999999046325684 -41.959320068359375
v 66.389808654785156 3.7999999523162842 -41.959320068359375
v 66.389808654785156 7.5999999046325684 -41.959320068359375
v 66.389808654785156 3.7999999523162842 -45.133918762207031
v 66.389808654785156 7.5999999046325684 -45.133918762207031
v 63.169635772705078 3.7999999523162842 -45.133918762207031
v 63.169635772705078 7.5999999046325684 -45.133918762207031
f 1075 1073 1079 1077
f 1080 1074 1076 1078
f 1073 1075 1076 1074
f 1075 1077 1078 1076
f 1077 1079 1080 1078
f 1079 1073 1074 1080
g object_136
v 66.389808654785156 3.7999999523162842 -41.959320068359375
v 66.389808654785156 7.5999999046325684 -41.959320068359375
v 69.6099853515625 3.7999999523162842 -41.959320068359375
v 69.6099853515625 7.5999999046325684 -41.959320068359375
v 69.6099853515625 3.7999999523162842 -45.133918762207031
v 69.6099853515625 7.5999999046325684 -45.133918762207031
v 66.389808654785156 3.7999999523162842 -45.133918762207031
v 66.389808654785156 7.5999999046325684 -45.133918762207031
f 1083 1081 1087 1085
f 1088 1082 1084 1086
f 1081 1083 1084 1082
f 1083 1085 1086 1084
f 1085 1087 1088 1086
f 1087 1081 1082 1088
g object_137
v 69.6099853515625 3.7999999523162842 -41.959320068359375
v 69.6099853515625 7.5999999046325684 -41.959320068359375
v 72.830154418945312 3.7999999523162842 -41.959320068359375
v 72.830154418945312 7.5999999046325684 -41.959320068359375
v 72.830154418945312 3.7999999523162842 -45.133918762207031
v 72.830154418945312 7.5999999046325684 -45.133918762207031
v 69.6099853515625 3.7999999523162842 -45.133918762207031
v 69.6099853515625 7.5999999046325684 -45.133918762207031
f 1091 1089 1095 1093
f 1096 1090 1092 1094
f 1089 1091 1092 1090
f 1091 1093 1094 1092
f 1093 1095 1096 1094
f 1095 1089 1090 1096
g object_138
v 72.830154418945312 3.7999999523162842 -41.959320068359375
v 72.830154418945312 7.5999999046325684 -41.959320068359375
v 76.050331115722656 3.7999999523162842 -41.959320068359375
v 76.050331115722656 7.5999999046325684 -41.959320068359375
v 76.050331115722656 3.7999999523162842 -45.133918762207031
v 76.050331115722656 7.5999999046325684 -45.133918762207031
v 72.830154418945312 3.7999999523162842 -45.133918762207031
v 72.830154418945312 7.5999999046325684 -45.133918762207031
f 1099 1097 1103 1101
f 1104 1098 1100 1102
f 1097 1099 1100 1098
f 1099 1101 1102 1100
f 1101 1103 1104 1102
f 1103 1097 1098 1104
g object_139
v 63.169635772705078 3.7999999523162842 -45.133918762207031
v 63.169635772705078 7.5999999046325684 -45.133918762207031
v 66.389808654785156 3.7999999523162842 -45.133918762207031
v 66.389808654785156 7.5999999046325684 -45.133918762207031
v 66.389808654785156 3.7999999523162842 -48.308517456054688
v 66.389808654785156 7.5999999046325684 -48.308517456054688
v 63.169635772705078 3.7999999523162842 -48.308517456054688
v 63.169635772705078 7.5999999046325684 -48.308517456054688
f 1107 1105 1111 1109
f 1112 1106 1108 1110
f 1105 1107 1108 1106
f 1107 1109 1110 1108
f 1109 1111 1112 1110
f 1111 1105 1106 1112
g object_140
v 66.389808654785156 3.7999999523162842 -45.133918762207031
v 66.389808654785156 7.5999999046325684 -45.133918762207031
v 69.6099853515625 3.7999999523162842 -45.133918762207031
v 69.6099853515625 7.5999999046325684 -45.133918762207031
v 69.6099853515625 3.7999999523162842 -48.308517456054688
v 69.6099853515625 7.5999999046325684 -48.308517456054688
v 66.389808654785156 3.7999999523162842 -48.308517456054688
v 66.389808654785156 7.5999999046325684 -48.308517456054688
f 1115 1113 1119 1117
f 1120 1114 1116 1118
f 1113 1115 1116 1114
f 1115 1117 1118 1116
f 1117 1119 1120 1118
f 1119 1113 1114 1120
g object_141
v 69.6099853515625 3.7999999523162842 -45.133918762207031
v 69.6099853515625 7.5999999046325684 -45.133918762207031
v 72.830154418945312 3.7999999523162842 -45.133918762207031
v 72.830154418945312 7.5999999046325684 -45.133918762207031
v 72.830154418945312 3.7999999523162842 -48.308517456054688
v 72.830154418945312 7.5999999046325684 -48.308517456054688
v 69.6099853515625 3.7999999523162842 -48.308517456054688
v 69.6099853515625 7.5999999046325684 -48.308517456054688
f 1123 1121 1127 1125
f 1128 1122 1124 1126
f 1121 1123 1124 1122
f 1123 1125 1126 1124
f 1125 1127 1128 1126
f 1127 1121 1122 1128
g object_142
v 72.830154418945312 3.7999999523162842 -45.133918762207031
v 72.830154418945312 7.5999999046325684 -45.133918762207031
v 76.050331115722656 3.7999999523162842 -45.133918762207031
v 76.050331115722656 7.5999999046325684 -45.133918762207031
v 76.050331115722656 3.7999999523162842 -48.308517456054688
v 76.050331115722656 7.5999999046325684 -48.308517456054688
v 72.830154418945312 3.7999999523162842 -48.308517456054688
v 72.830154418945312 7.5999999046325684 -48.308517456054688
f 1131 1129 1135 1133
f 1136 1130 1132 1134
f 1129 1131 1132 1130
f 1131 1133 1134 1132
f 1133 1135 1136 1134
f 1135 1129 1130 1136
g object_143
v 63.169635772705078 3.7999999523162842 -48.308517456054688
v 63.169635772705078 7.5999999046325684 -48.308517456054688
v 66.389808654785156 3.7999999523162842 -48.308517456054688
v 66.389808654785156 7.5999999046325684 -48.308517456054688
v 66.389808654785156 3.7999999523162842 -51.483116149902344
v 66.389808654785156 7.5999999046325684 -51.483116149902344
v 63.169635772705078 3.7999999523162842 -51.483116149902344
v 63.169635772705078 7.5999999046325684 -51.483116149902344
f 1139 1137 1143 1141
f 1144 1138 1140 1142
f 1137 1139 1140 1138
f 1139 1141 1142 1140
f 1141 1143 1144 1142
f 1143 1137 1138 1144
g object_144
v 66.389808654785156 3.7999999523162842 -48.308517456054688
v 66.389808654785156 7.5999999046325684 -48.308517456054688
v 69.6099853515625 3.7999999523162842 -48.308517456054688
v 69.6099853515625 7.5999999046325684 -48.308517456054688
v 69.6099853515625 3.7999999523162842 -51.483116149902344
v 69.6099853515625 7.5999999046325684 -51.483116149902344
v 66.389808654785156 3.7999999523162842 -51.483116149902344
v 66.389808654785156 7.5999999046325684 -51.483116149902344
f 1147 1145 1151 1149
f 1152 1146 1148 1150
f 1145 1147 1148 1146
f 1147 1149 1150 1148
f 1149 1151 1152 1150
f 1151 1145 1146 1152
g object_145
v 69.6099853515625 3.7999999523162842 -48.308517456054688
v 69.6099853515625 7.5999999046325684 -48.308517456054688
v 72.830154418945312 3.7999999523162842 -48.308517456054688
v 72.830154418945312 7.5999999046325684 -48.308517456054688
v 72.830154418945312 3.7999999523162842 -51.483116149902344
v 72.830154418945312 7.5999999046325684 -51.483116149902344
v 69.6099853515625 3.7999999523162842 -51.483116149902344
v 69.6099853515625 7.5999999046325684 -51.483116149902344
f 1155 1153 1159 1157
f 1160 1154 1156 1158
f 1153 1155 1156 1154
f 1155 1157 1158 1156
f 1157 1159 1160 1158
f 1159 1153 1154 1160
g object_146
v 72.830154418945312 3.7999999523162842 -48.308517456054688
v 72.830154418945312 7.5999999046325684 -48.308517456054688
v 76.050331115722656 3.7999999523162842 -48.308517456054688
v 76.050331115722656 7.5999999046325684 -48.308517456054688
v 76.050331115722656 3.7999999523162842 -51.483116149902344
v 76.050331115722656 7.5999999046325684 -51.483116149902344
v 72.830154418945312 3.7999999523162842 -51.483116149902344
v 72.830154418945312 7.5999999046325684 -51.483116149902344
f 1163 1161 1167 1165
f 1168 1162 1164 1166
f 1161 1163 1164 1162
f 1163 1165 1166 1164
f 1165 1167 1168 1166
f 1167 1161 1162 1168
g object_147
v 76.050331115722656 3.7999999523162842 -48.308517456054688
v 76.050331115722656 7.5999999046325684 -48.308517456054688
v 78.72357177734375 3.7999999523162842 -48.308517456054688
v 78.72357177734375 7.5999999046325684 -48.308517456054688
v 78.72357177734375 3.7999999523162842 -51.483116149902344
v 78.72357177734375 7.5999999046325684 -51.483116149902344
v 76.050331115722656 3.7999999523162842 -51.483116149902344
v 76.050331115722656 7.5999999046325684 -51.483116149902344
f 1170 1169 1171 1172
f 1172 1171 1173 1174
f 1174 1173 1175 1176
f 1176 1175 1169 1170
f 1175 1173 1171 1169
f 1176 1170 1172 1174
g object_148
v 63.169635772705078 3.7999999523162842 -51.483116149902344
v 63.169635772705078 7.5999999046325684 -51.483116149902344
v 66.389808654785156 3.7999999523162842 -51.483116149902344
v 66.389808654785156 7.5999999046325684 -51.483116149902344
v 66.389808654785156 3.7999999523162842 -54.657711029052734
v 66.389808654785156 7.5999999046325684 -54.657711029052734
v 63.169635772705078 3.7999999523162842 -54.657711029052734
v 63.169635772705078 7.5999999046325684 -54.657711029052734
f 1179 1177 1183 1181
f 1184 1178 1180 1182
f 1177 1179 1180 1178
f 1179 1181 1182 1180
f 1181 1183 1184 1182
f 1183 1177 1178 1184
g object_149
v 63.169635772705078 3.7999999523162842 -54.657711029052734
v 63.169635772705078 7.5999999046325684 -54.657711029052734
v 66.389808654785156 3.7999999523162842 -54.657711029052734
v 66.389808654785156 7.5999999046325684 -54.657711029052734
v 66.389808654785156 3.7999999523162842 -57.832309722900391
v 66.389808654785156 7.5999999046325684 -57.832309722900391
v 63.169635772705078 3.7999999523162842 -57.832309722900391
v 63.169635772705078 7.5999999046325684 -57.832309722900391
f 1187 1185 1191 1189
f 1192 1186 1188 1190
f 1185 1187 1188 1186
f 1187 1189 1190 1188
f 1189 1191 1192 1190
f 1191 1185 1186 1192
g object_150
v 66.389808654785156 3.7999999523162842 -51.483116149902344
v 66.389808654785156 7.5999999046325684 -51.483116149902344
v 69.6099853515625 3.7999999523162842 -51.483116149902344
v 69.6099853515625 7.5999999046325684 -51.483116149902344
v 69.6099853515625 3.7999999523162842 -54.657711029052734
v 69.6099853515625 7.5999999046325684 -54.657711029052734
v 66.389808654785156 3.7999999523162842 -54.657711029052734
v 66.389808654785156 7.5999999046325684 -54.657711029052734
f 1195 1193 1199 1197
f 1200 1194 1196 1198
f 1193 1195 1196 1194
f 1195 1197 1198 1196
f 1197 1199 1200 1198
f 1199 1193 1194 1200
g object_151
v 66.389808654785156 3.7999999523162842 -54.657711029052734
v 66.389808654785156 7.5999999046325684 -54.657711029052734
v 69.6099853515625 3.7999999523162842 -54.657711029052734
v 69.6099853515625 7.5999999046325684 -54.657711029052734
v 69.6099853515625 3.7999999523162842 -57.832309722900391
v 69.6099853515625 7.5999999046325684 -57.832309722900391
v 66.389808654785156 3.7999999523162842 -57.832309722900391
v 66.389808654785156 7.5999999046325684 -57.832309722900391
f 1203 1201 1207 1205
f 1208 1202 1204 1206
f 1201 1203 1204 1202
f 1203 1205 1206 1204
f 1205 1207 1208 1206
f 1207 1201 1202 1208
g object_152
v 69.6099853515625 3.7999999523162842 -51.483116149902344
v 69.6099853515625 7.5999999046325684 -51.483116149902344
v 72.830154418945312 3.7999999523162842 -51.483116149902344
v 72.830154418945312 7.5999999046325684 -51.483116149902344
v 72.830154418945312 3.7999999523162842 -54.657711029052734
v 72.830154418945312 7.5999999046325684 -54.657711029052734
v 69.6099853515625 3.7999999523162842 -54.657711029052734
v 69.6099853515625 7.5999999046325684 -54.657711029052734
f 1211 1209 1215 1213
f 1216 1210 1212 1214
f 1209 1211 1212 1210
f 1211 1213 1214 1212
f 1213 1215 1216 1214
f 1215 1209 1210 1216
g object_153
v 69.6099853515625 3.7999999523162842 -54.657711029052734
v 69.6099853515625 7.5999999046325684 -54.657711029052734
v 72.830154418945312 3.7999999523162842 -54.657711029052734
v 72.830154418945312 7.5999999046325684 -54.657711029052734
v 72.830154418945312 3.7999999523162842 -57.832309722900391
v 72.830154418945312 7.5999999046325684 -57.832309722900391
v 69.6099853515625 3.7999999523162842 -57.832309722900391
v 69.6099853515625 7.5999999046325684 -57.832309722900391
f 1219 1217 1223 1221
f 1224 1218 1220 1222
f 1217 1219 1220 1218
f 1219 1221 1222 1220
f 1221 1223 1224 1222
f 1223 1217 1218 1224
g object_154
v 72.830154418945312 3.7999999523162842 -51.483116149902344
v 72.830154418945312 7.5999999046325684 -51.483116149902344
v 76.050331115722656 3.7999999523162842 -51.483116149902344
v 76.050331115722656 7.5999999046325684 -51.483116149902344
v 76.050331115722656 3.7999999523162842 -54.657711029052734
v 76.050331115722656 7.5999999046325684 -54.657711029052734
v 72.830154418945312 3.7999999523162842 -54.657711029052734
v 72.830154418945312 7.5999999046325684 -54.657711029052734
f 1227 1225 1231 1229
f 1232 1226 1228 1230
f 1225 1227 1228 1226
f 1227 1229 1230 1228
f 1229 1231 1232 1230
f 1231 1225 1226 1232
g object_155
v 72.830154418945312 3.7999999523162842 -54.657711029052734
v 72.830154418945312 7.5999999046325684 -54.657711029052734
v 76.050331115722656 3.7999999523162842 -54.657711029052734
v 76.050331115722656 7.5999999046325684 -54.657711029052734
v 76.050331115722656 3.7999999523162842 -57.832309722900391
v 76.050331115722656 7.5999999046325684 -57.832309722900391
v 72.830154418945312 3.7999999523162842 -57.832309722900391
v 72.830154418945312 7.5999999046325684 -57.832309722900391
f 1235 1233 1239 1237
f 1240 1234 1236 1238
f 1233 1235 1236 1234
f 1235 1237 1238 1236
f 1237 1239 1240 1238
f 1239 1233 1234 1240
g object_156
v 76.050331115722656 3.7999999523162842 -54.657711029052734
v 76.050331115722656 7.5999999046325684 -54.657711029052734
v 78.72357177734375 3.7999999523162842 -54.657711029052734
v 78.72357177734375 7.5999999046325684 -54.657711029052734
v 78.72357177734375 3.7999999523162842 -57.832309722900391
v 78.72357177734375 7.5999999046325684 -57.832309722900391
v 76.050331115722656 3.7999999523162842 -57.832309722900391
v 76.050331115722656 7.5999999046325684 -57.832309722900391
f 1242 1241 1243 1244
f 1244 1243 1245 1246
f 1246 1245 1247 1248
f 1248 1247 1241 1242
f 1247 1245 1243 1241
f 1248 1242 1244 1246
g object_157
v 76.050331115722656 3.7999999523162842 -51.483116149902344
v 76.050331115722656 7.5999999046325684 -51.483116149902344
v 78.72357177734375 3.7999999523162842 -51.483116149902344
v 78.72357177734375 7.5999999046325684 -51.483116149902344
v 78.72357177734375 3.7999999523162842 -54.657711029052734
v 78.72357177734375 7.5999999046325684 -54.657711029052734
v 76.050331115722656 3.7999999523162842 -54.657711029052734
v 76.050331115722656 7.5999999046325684 -54.657711029052734
f 1250 1249 1251 1252
f 1252 1251 1253 1254
f 1254 1253 1255 1256
f 1256 1255 1249 1250
f 1255 1253 1251 1249
f 1256 1250 1252 1254
g object_158
v 63.169635772705078 3.7999999523162842 -57.832309722900391
v 63.169635772705078 7.5999999046325684 -57.832309722900391
v 66.389808654785156 3.7999999523162842 -57.832309722900391
v 66.389808654785156 7.5999999046325684 -57.832309722900391
v 66.389808654785156 3.7999999523162842 -61.006908416748047
v 66.389808654785156 7.5999999046325684 -61.006908416748047
v 63.169635772705078 3.7999999523162842 -61.006908416748047
v 63.169635772705078 7.5999999046325684 -61.006908416748047
f 1259 1257 1263 1261
f 1264 1258 1260 1262
f 1257 1259 1260 1258
f 1259 1261 1262 1260
f 1261 1263 1264 1262
f 1263 1257 1258 1264
g object_159
v 63.169635772705078 3.7999999523162842 -61.006908416748047
v 63.169635772705078 7.5999999046325684 -61.006908416748047
v 66.389808654785156 3.7999999523162842 -61.006908416748047
v 66.389808654785156 7.5999999046325684 -61.006908416748047
v 66.389808654785156 3.7999999523162842 -64.181503295898438
v 66.389808654785156 7.5999999046325684 -64.181503295898438
v 63.169635772705078 3.7999999523162842 -64.181503295898438
v 63.169635772705078 7.5999999046325684 -64.181503295898438
f 1267 1265 1271 1269
f 1272 1266 1268 1270
f 1265 1267 1268 1266
f 1267 1269 1270 1268
f 1269 1271 1272 1270
f 1271 1265 1266 1272
g object_160
v 66.389808654785156 3.7999999523162842 -57.832309722900391
v 66.389808654785156 7.5999999046325684 -57.832309722900391
v 69.6099853515625 3.7999999523162842 -57.832309722900391
v 69.6099853515625 7.5999999046325684 -57.832309722900391
v 69.6099853515625 3.7999999523162842 -61.006908416748047
v 69.6099853515625 7.5999999046325684 -61.006908416748047
v 66.389808654785156 3.7999999523162842 -61.006908416748047
v 66.389808654785156 7.5999999046325684 -61.006908416748047
f 1275 1273 1279 1277
f 1280 1274 1276 1278
f 1273 1275 1276 1274
f 1275 1277 1278 1276
f 1277 1279 1280 1278
f 1279 1273 1274 1280
g object_161
v 66.389808654785156 3.7999999523162842 -61.006908416748047
v 66.389808654785156 7.5999999046325684 -61.006908416748047
v 69.6099853515625 3.7999999523162842 -61.006908416748047
v 69.6099853515625 7.5999999046325684 -61.006908416748047
v 69.6099853515625 3.7999999523162842 -64.181503295898438
v 69.6099853515625 7.5999999046325684 -64.181503295898438
v 66.389808654785156 3.7999999523162842 -64.181503295898438
v 66.389808654785156 7.5999999046325684 -64.181503295898438
f 1283 1281 1287 1285
f 1288 1282 1284 1286
f 1281 1283 1284 1282
f 1283 1285 1286 1284
f 1285 1287 1288 1286
f 1287 1281 1282 1288
g object_162
v 69.6099853515625 3.7999999523162842 -57.832309722900391
v 69.6099853515625 7.5999999046325684 -57.832309722900391
v 72.830154418945312 3.7999999523162842 -57.832309722900391
v 72.830154418945312 7.5999999046325684 -57.832309722900391
v 72.830154418945312 3.7999999523162842 -61.006908416748047
v 72.830154418945312 7.5999999046325684 -61.006908416748047
v 69.6099853515625 3.7999999523162842 -61.006908416748047
v 69.6099853515625 7.5999999046325684 -61.006908416748047
f 1291 1289 1295 1293
f 1296 1290 1292 1294
f 1289 1291 1292 1290
f 1291 1293 1294 1292
f 1293 1295 1296 1294
f 1295 1289 1290 1296
g object_163
v 69.6099853515625 3.7999999523162842 -61.006908416748047
v 69.6099853515625 7.5999999046325684 -61.006908416748047
v 72.830154418945312 3.7999999523162842 -61.006908416748047
v 72.830154418945312 7.5999999046325684 -61.006908416748047
v 72.830154418945312 3.7999999523162842 -64.181503295898438
v 72.830154418945312 7.5999999046325684 -64.181503295898438
v 69.6099853515625 3.7999999523162842 -64.181503295898438
v 69.6099853515625 7.5999999046325684 -64.181503295898438
f 1299 1297 1303 1301
f 1304 1298 1300 1302
f 1297 1299 1300 1298
f 1299 1301 1302 1300
f 1301 1303 1304 1302
f 1303 1297 1298 1304
g object_164
v 72.830154418945312 3.7999999523162842 -57.832309722900391
v 72.830154418945312 7.5999999046325684 -57.832309722900391
v 76.050331115722656 3.7999999523162842 -57.832309722900391
v 76.050331115722656 7.5999999046325684 -57.832309722900391
v 76.050331115722656 3.7999999523162842 -61.006908416748047
v 76.050331115722656 7.5999999046325684 -61.006908416748047
v 72.830154418945312 3.7999999523162842 -61.006908416748047
v 72.830154418945312 7.5999999046325684 -61.006908416748047
f 1307 1305 1311 1309
f 1312 1306 1308 1310
f 1305 1307 1308 1306
f 1307 1309 1310 1308
f 1309 1311 1312 1310
f 1311 1305 1306 1312
g object_165
v 72.830154418945312 3.7999999523162842 -61.006908416748047
v 72.830154418945312 7.5999999046325684 -61.006908416748047
v 76.050331115722656 3.7999999523162842 -61.006908416748047
v 76.050331115722656 7.5999999046325684 -61.006908416748047
v 76.050331115722656 3.7999999523162842 -64.181503295898438
v 76.050331115722656 7.5999999046325684 -64.181503295898438
v 72.830154418945312 3.7999999523162842 -64.181503295898438
v 72.830154418945312 7.5999999046325684 -64.181503295898438
f 1315 1313 1319 1317
f 1320 1314 1316 1318
f 1313 1315 1316 1314
f 1315 1317 1318 1316
f 1317 1319 1320 1318
f 1319 1313 1314 1320
g object_166
v 76.050331115722656 3.7999999523162842 -61.006908416748047
v 76.050331115722656 7.5999999046325684 -61.006908416748047
v 78.72357177734375 3.7999999523162842 -61.006908416748047
v 78.72357177734375 7.5999999046325684 -61.006908416748047
v 78.72357177734375 3.7999999523162842 -64.181503295898438
v 78.72357177734375 7.5999999046325684 -64.181503295898438
v 76.050331115722656 3.7999999523162842 -64.181503295898438
v 76.050331115722656 7.5999999046325684 -64.181503295898438
f 1322 1321 1323 1324
f 1324 1323 1325 1326
f 1326 1325 1327 1328
f 1328 1327 1321 1322
f 1327 1325 1323 1321
f 1328 1322 1324 1326
g object_167
v 76.050331115722656 3.7999999523162842 -57.832309722900391
v 76.050331115722656 7.5999999046325684 -57.832309722900391
v 78.72357177734375 3.7999999523162842 -57.832309722900391
v 78.72357177734375 7.5999999046325684 -57.832309722900391
v 78.72357177734375 3.7999999523162842 -61.006908416748047
v 78.72357177734375 7.5999999046325684 -61.006908416748047
v 76.050331115722656 3.7999999523162842 -61.006908416748047
v 76.050331115722656 7.5999999046325684 -61.006908416748047
f 1330 1329 1331 1332
f 1332 1331 1333 1334
f 1334 1333 1335 1336
f 1336 1335 1329 1330
f 1335 1333 1331 1329
f 1336 1330 1332 1334
g object_168
v 63.169635772705078 3.7999999523162842 -64.181503295898438
v 63.169635772705078 7.5999999046325684 -64.181503295898438
v 66.389808654785156 3.7999999523162842 -64.181503295898438
v 66.389808654785156 7.5999999046325684 -64.181503295898438
v 66.389808654785156 3.7999999523162842 -67.356101989746094
v 66.389808654785156 7.5999999046325684 -67.356101989746094
v 63.169635772705078 3.7999999523162842 -67.356101989746094
v 63.169635772705078 7.5999999046325684 -67.356101989746094
f 1339 1337 1343 1341
f 1344 1338 1340 1342
f 1337 1339 1340 1338
f 1339 1341 1342 1340
f 1341 1343 1344 1342
f 1343 1337 1338 1344
g object_169
v 63.169635772705078 3.7999999523162842 -67.356101989746094
v 63.169635772705078 7.5999999046325684 -67.356101989746094
v 66.389808654785156 3.7999999523162842 -67.356101989746094
v 66.389808654785156 7.5999999046325684 -67.356101989746094
v 66.389808654785156 3.7999999523162842 -70.53070068359375
v 66.389808654785156 7.5999999046325684 -70.53070068359375
v 63.169635772705078 3.7999999523162842 -70.53070068359375
v 63.169635772705078 7.5999999046325684 -70.53070068359375
f 1347 1345 1351 1349
f 1352 1346 1348 1350
f 1345 1347 1348 1346
f 1347 1349 1350 1348
f 1349 1351 1352 1350
f 1351 1345 1346 1352
g object_170
v 66.389808654785156 3.7999999523162842 -64.181503295898438
v 66.389808654785156 7.5999999046325684 -64.181503295898438
v 69.6099853515625 3.7999999523162842 -64.181503295898438
v 69.6099853515625 7.5999999046325684 -64.181503295898438
v 69.6099853515625 3.7999999523162842 -67.356101989746094
v 69.6099853515625 7.5999999046325684 -67.356101989746094
v 66.389808654785156 3.7999999523162842 -67.356101989746094
v 66.389808654785156 7.5999999046325684 -67.356101989746094
f 1355 1353 1359 1357
f 1360 1354 1356 1358
f 1353 1355 1356 1354
f 1355 1357 1358 1356
f 1357 1359 1360 1358
f 1359 1353 1354 1360
g object_171
v 66.389808654785156 3.7999999523162842 -67.356101989746094
v 66.389808654785156 7.5999999046325684 -67.356101989746094
v 69.6099853515625 3.7999999523162842 -67.356101989746094
v 69.6099853515625 7.5999999046325684 -67.356101989746094
v 69.6099853515625 3.7999999523162842 -70.53070068359375
v 69.6099853515625 7.5999999046325684 -70.53070068359375
v 66.389808654785156 3.7999999523162842 -70.53070068359375
v 66.389808654785156 7.5999999046325684 -70.53070068359375
f 1363 1361 1367 1365
f 1368 1362 1364 1366
f 1361 1363 1364 1362
f 1363 1365 1366 1364
f 1365 1367 1368 1366
f 1367 1361 1362 1368
g object_172
v 69.6099853515625 3.7999999523162842 -64.181503295898438
v 69.6099853515625 7.5999999046325684 -64.181503295898438
v 72.830154418945312 3.7999999523162842 -64.181503295898438
v 72.830154418945312 7.5999999046325684 -64.181503295898438
v 72.830154418945312 3.7999999523162842 -67.356101989746094
v 72.830154418945312 7.5999999046325684 -67.356101989746094
v 69.6099853515625 3.7999999523162842 -67.356101989746094
v 69.6099853515625 7.5999999046325684 -67.356101989746094
f 1371 1369 1375 1373
f 1376 1370 1372 1374
f 1369 1371 1372 1370
f 1371 1373 1374 1372
f 1373 1375 1376 1374
f 1375 1369 1370 1376
g object_173
v 69.6099853515625 3.7999999523162842 -67.356101989746094
v 69.6099853515625 7.5999999046325684 -67.356101989746094
v 72.830154418945312 3.7999999523162842 -67.356101989746094
v 72.830154418945312 7.5999999046325684 -67.356101989746094
v 72.830154418945312 3.7999999523162842 -70.53070068359375
v 72.830154418945312 7.5999999046325684 -70.53070068359375
v 69.6099853515625 3.7999999523162842 -70.53070068359375
v 69.6099853515625 7.5999999046325684 -70.53070068359375
f 1379 1377 1383 1381
f 1384 1378 1380 1382
f 1377 1379 1380 1378
f 1379 1381 1382 1380
f 1381 1383 1384 1382
f 1383 1377 1378 1384
g object_174
v 72.830154418945312 3.7999999523162842 -64.181503295898438
v 72.830154418945312 7.5999999046325684 -64.181503295898438
v 76.050331115722656 3.7999999523162842 -64.181503295898438
v 76.050331115722656 7.5999999046325684 -64.181503295898438
v 76.050331115722656 3.7999999523162842 -67.356101989746094
v 76.050331115722656 7.5999999046325684 -67.356101989746094
v 72.830154418945312 3.7999999523162842 -67.356101989746094
v 72.830154418945312 7.5999999046325684 -67.356101989746094
f 1387 1385 1391 1389
f 1392 1386 1388 1390
f 1385 1387 1388 1386
f 1387 1389 1390 1388
f 1389 1391 1392 1390
f 1391 1385 1386 1392
g object_175
v 72.830154418945312 3.7999999523162842 -67.356101989746094
v 72.830154418945312 7.5999999046325684 -67.356101989746094
v 76.050331115722656 3.7999999523162842 -67.356101989746094
v 76.050331115722656 7.5999999046325684 -67.356101989746094
v 76.050331115722656 3.7999999523162842 -70.53070068359375
v 76.050331115722656 7.5999999046325684 -70.53070068359375
v 72.830154418945312 3.7999999523162842 -70.53070068359375
v 72.830154418945312 7.5999999046325684 -70.53070068359375
f 1395 1393 1399 1397
f 1400 1394 1396 1398
f 1393 1395 1396 1394
f 1395 1397 1398 1396
f 1397 1399 1400 1398
f 1399 1393 1394 1400
g object_176
v 76.050331115722656 3.7999999523162842 -67.356101989746094
v 76.050331115722656 7.5999999046325684 -67.356101989746094
v 78.72357177734375 3.7999999523162842 -67.356101989746094
v 78.72357177734375 7.5999999046325684 -67.356101989746094
v 78.72357177734375 3.7999999523162842 -70.53070068359375
v 78.72357177734375 7.5999999046325684 -70.53070068359375
v 76.050331115722656 3.7999999523162842 -70.53070068359375
v 76.050331115722656 7.5999999046325684 -70.53070068359375
f 1402 1401 1403 1404
f 1404 1403 1405 1406
f 1406 1405 1407 1408
f 1408 1407 1401 1402
f 1407 1405 1403 1401
f 1408 1402 1404 1406
g object_177
v 76.050331115722656 3.7999999523162842 -64.181503295898438
v 76.050331115722656 7.5999999046325684 -64.181503295898438
v 78.72357177734375 3.7999999523162842 -64.181503295898438
v 78.72357177734375 7.5999999046325684 -64.181503295898438
v 78.72357177734375 3.7999999523162842 -67.356101989746094
v 78.72357177734375 7.5999999046325684 -67.356101989746094
v 76.050331115722656 3.7999999523162842 -67.356101989746094
v 76.050331115722656 7.5999999046325684 -67.356101989746094
f 1410 1409 1411 1412
f 1412 1411 1413 1414
f 1414 1413 1415 1416
f 1416 1415 1409 1410
f 1415 1413 1411 1409
f 1416 1410 1412 1414
g object_178
v 63.169635772705078 0 -41.959320068359375
v 63.169635772705078 3.7999999523162842 -41.959320068359375
v 66.389808654785156 0 -41.959320068359375
v 66.389808654785156 3.7999999523162842 -41.959320068359375
v 66.389808654785156 0 -45.133918762207031
v 66.389808654785156 3.7999999523162842 -45.133918762207031
v 63.169635772705078 0 -45.133918762207031
v 63.169635772705078 3.7999999523162842 -45.133918762207031
f 1419 1417 1423 1421
f 1424 1418 1420 1422
f 1417 1419 1420 1418
f 1419 1421 1422 1420
f 1421 1423 1424 1422
f 1423 1417 1418 1424
g object_179
v 66.389808654785156 0 -41.959320068359375
v 66.389808654785156 3.7999999523162842 -41.959320068359375
v 69.6099853515625 0 -41.959320068359375
v 69.6099853515625 3.7999999523162842 -41.959320068359375
v 69.6099853515625 0 -45.133918762207031
v 69.6099853515625 3.7999999523162842 -45.133918762207031
v 66.389808654785156 0 -45.133918762207031
v 66.389808654785156 3.7999999523162842 -45.133918762207031
f 1427 1425 1431 1429
f 1432 1426 1428 1430
f 1425 1427 1428 1426
f 1427 1429 1430 1428
f 1429 1431 1432 1430
f 1431 1425 1426 1432
g object_180
v 69.6099853515625 0 -41.959320068359375
v 69.6099853515625 3.7999999523162842 -41.959320068359375
v 72.830154418945312 0 -41.959320068359375
v 72.830154418945312 3.7999999523162842 -41.959320068359375
v 72.830154418945312 0 -45.133918762207031
v 72.830154418945312 3.7999999523162842 -45.133918762207031
v 69.6099853515625 0 -45.133918762207031
v 69.6099853515625 3.7999999523162842 -45.133918762207031
f 1435 1433 1439 1437
f 1440 1434 1436 1438
f 1433 1435 1436 1434
f 1435 1437 1438 1436
f 1437 1439 1440 1438
f 1439 1433 1434 1440
g object_181
v 72.830154418945312 0 -41.959320068359375
v 72.830154418945312 3.7999999523162842 -41.959320068359375
v 76.050331115722656 0 -41.959320068359375
v 76.050331115722656 3.7999999523162842 -41.959320068359375
v 76.050331115722656 0 -45.133918762207031
v 76.050331115722656 3.7999999523162842 -45.133918762207031
v 72.830154418945312 0 -45.133918762207031
v 72.830154418945312 3.7999999523162842 -45.133918762207031
f 1443 1441 1447 1445
f 1448 1442 1444 1446
f 1441 1443 1444 1442
f 1443 1445 1446 1444
f 1445 1447 1448 1446
f 1447 1441 1442 1448
g object_182
v 63.169635772705078 0 -45.133918762207031
v 63.169635772705078 3.7999999523162842 -45.133918762207031
v 66.389808654785156 0 -45.133918762207031
v 66.389808654785156 3.7999999523162842 -45.133918762207031
v 66.389808654785156 0 -48.308517456054688
v 66.389808654785156 3.7999999523162842 -48.308517456054688
v 63.169635772705078 0 -48.308517456054688
v 63.169635772705078 3.7999999523162842 -48.308517456054688
f 1451 1449 1455 1453
f 1456 1450 1452 1454
f 1449 1451 1452 1450
f 1451 1453 1454 1452
f 1453 1455 1456 1454
f 1455 1449 1450 1456
g object_183
v 63.169635772705078 0 -48.308517456054688
v 63.169635772705078 3.7999999523162842 -48.308517456054688
v 66.389808654785156 0 -48.308517456054688
v 66.389808654785156 3.7999999523162842 -48.308517456054688
v 66.389808654785156 0 -51.483116149902344
v 66.389808654785156 3.7999999523162842 -51.483116149902344
v 63.169635772705078 0 -51.483116149902344
v 63.169635772705078 3.7999999523162842 -51.483116149902344
f 1459 1457 1463 1461
f 1464 1458 1460 1462
f 1457 1459 1460 1458
f 1459 1461 1462 1460
f 1461 1463 1464 1462
f 1463 1457 1458 1464
g object_184
v 66.389808654785156 0 -45.133918762207031
v 66.389808654785156 3.7999999523162842 -45.133918762207031
v 69.6099853515625 0 -45.133918762207031
v 69.6099853515625 3.7999999523162842 -45.133918762207031
v 69.6099853515625 0 -48.308517456054688
v 69.6099853515625 3.7999999523162842 -48.308517456054688
v 66.389808654785156 0 -48.308517456054688
v 66.389808654785156 3.7999999523162842 -48.308517456054688
f 1467 1465 1471 1469
f 1472 1466 1468 1470
f 1465 1467 1468 1466
f 1467 1469 1470 1468
f 1469 1471 1472 1470
f 1471 1465 1466 1472
g object_185
v 66.389808654785156 0 -48.308517456054688
v 66.389808654785156 3.7999999523162842 -48.308517456054688
v 69.6099853515625 0 -48.308517456054688
v 69.6099853515625 3.7999999523162842 -48.308517456054688
v 69.6099853515625 0 -51.483116149902344
v 69.6099853515625 3.7999999523162842 -51.483116149902344
v 66.389808654785156 0 -51.483116149902344
v 66.389808654785156 3.7999999523162842 -51.483116149902344
f 1475 1473 1479 1477
f 1480 1474 1476 1478
f 1473 1475 1476 1474
f 1475 1477 1478 1476
f 1477 1479 1480 1478
f 1479 1473 1474 1480
g object_186
v 69.6099853515625 0 -45.133918762207031
v 69.6099853515625 3.7999999523162842 -45.133918762207031
v 72.830154418945312 0 -45.133918762207031
v 72.830154418945312 3.7999999523162842 -45.133918762207031
v 72.830154418945312 0 -48.308517456054688
v 72.830154418945312 3.7999999523162842 -48.308517456054688
v 69.6099853515625 0 -48.308517456054688
v 69.6099853515625 3.7999999523162842 -48.308517456054688
f 1483 1481 1487 1485
f 1488 1482 1484 1486
f 1481 1483 1484 1482
f 1483 1485 1486 1484
f 1485 1487 1488 1486
f 1487 1481 1482 1488
g object_187
v 69.6099853515625 0 -48.308517456054688
v 69.6099853515625 3.7999999523162842 -48.308517456054688
v 72.830154418945312 0 -48.308517456054688
v 72.830154418945312 3.7999999523162842 -48.308517456054688
v 72.830154418945312 0 -51.483116149902344
v 72.830154418945312 3.7999999523162842 -51.483116149902344
v 69.6099853515625 0 -51.483116149902344
v 69.6099853515625 3.7999999523162842 -51.483116149902344
f 1491 1489 1495 1493
f 1496 1490 1492 1494
f 1489 1491 1492 1490
f 1491 1493 1494 1492
f 1493 1495 1496 1494
f 1495 1489 1490 1496
g object_188
v 72.830154418945312 0 -45.133918762207031
v 72.830154418945312 3.7999999523162842 -45.133918762207031
v 76.050331115722656 0 -45.133918762207031
v 76.050331115722656 3.7999999523162842 -45.133918762207031
v 76.050331115722656 0 -48.308517456054688
v 76.050331115722656 3.7999999523162842 -48.308517456054688
v 72.830154418945312 0 -48.308517456054688
v 72.830154418945312 3.7999999523162842 -48.308517456054688
f 1499 1497 1503 1501
f 1504 1498 1500 1502
f 1497 1499 1500 1498
f 1499 1501 1502 1500
f 1501 1503 1504 1502
f 1503 1497 1498 1504
g object_189
v 72.830154418945312 0 -48.308517456054688
v 72.830154418945312 3.7999999523162842 -48.308517456054688
v 76.050331115722656 0 -48.308517456054688
v 76.050331115722656 3.7999999523162842 -48.308517456054688
v 76.050331115722656 0 -51.483116149902344
v 76.050331115722656 3.7999999523162842 -51.483116149902344
v 72.830154418945312 0 -51.483116149902344
v 72.830154418945312 3.7999999523162842 -51.483116149902344
f 1507 1505 1511 1509
f 1512 1506 1508 1510
f 1505 1507 1508 1506
f 1507 1509 1510 1508
f 1509 1511 1512 1510
f 1511 1505 1506 1512
g object_190
v 76.050331115722656 0 -48.308517456054688
v 76.050331115722656 3.7999999523162842 -48.308517456054688
v 78.72357177734375 0 -48.308517456054688
v 78.72357177734375 3.7999999523162842 -48.308517456054688
v 78.72357177734375 0 -51.483116149902344
v 78.72357177734375 3.7999999523162842 -51.483116149902344
v 76.050331115722656 0 -51.483116149902344
v 76.050331115722656 3.7999999523162842 -51.483116149902344
f 1514 1513 1515 1516
f 1516 1515 1517 1518
f 1518 1517 1519 1520
f 1520 1519 1513 1514
f 1519 1517 1515 1513
f 1520 1514 1516 1518
g object_191
v 63.169635772705078 0 -51.483116149902344
v 63.169635772705078 3.7999999523162842 -51.483116149902344
v 66.389808654785156 0 -51.483116149902344
v 66.389808654785156 3.7999999523162842 -51.483116149902344
v 66.389808654785156 0 -54.657711029052734
v 66.389808654785156 3.7999999523162842 -54.657711029052734
v 63.169635772705078 0 -54.657711029052734
v 63.169635772705078 3.7999999523162842 -54.657711029052734
f 1523 1521 1527 1525
f 1528 1522 1524 1526
f 1521 1523 1524 1522
f 1523 1525 1526 1524
f 1525 1527 1528 1526
f 1527 1521 1522 1528
g object_192
v 63.169635772705078 0 -54.657711029052734
v 63.169635772705078 3.7999999523162842 -54.657711029052734
v 66.389808654785156 0 -54.657711029052734
v 66.389808654785156 3.7999999523162842 -54.657711029052734
v 66.389808654785156 0 -57.832309722900391
v 66.389808654785156 3.7999999523162842 -57.832309722900391
v 63.169635772705078 0 -57.832309722900391
v 63.169635772705078 3.7999999523162842 -57.832309722900391
f 1531 1529 1535 1533
f 1536 1530 1532 1534
f 1529 1531 1532 1530
f 1531 1533 1534 1532
f 1533 1535 1536 1534
f 1535 1529 1530 1536
g object_193
v 66.389808654785156 0 -51.483116149902344
v 66.389808654785156 3.7999999523162842 -51.483116149902344
v 69.6099853515625 0 -51.483116149902344
v 69.6099853515625 3.7999999523162842 -51.483116149902344
v 69.6099853515625 0 -54.657711029052734
v 69.6099853515625 3.7999999523162842 -54.657711029052734
v 66.389808654785156 0 -54.657711029052734
v 66.389808654785156 3.7999999523162842 -54.657711029052734
f 1539 1537 1543 1541
f 1544 1538 1540 1542
f 1537 1539 1540 1538
f 1539 1541 1542 1540
f 1541 1543 1544 1542
f 1543 1537 1538 1544
g object_194
v 66.389808654785156 0 -54.657711029052734
v 66.389808654785156 3.7999999523162842 -54.657711029052734
v 69.6099853515625 0 -54.657711029052734
v 69.6099853515625 3.7999999523162842 -54.657711029052734
v 69.6099853515625 0 -57.832309722900391
v 69.6099853515625 3.7999999523162842 -57.832309722900391
v 66.389808654785156 0 -57.832309722900391
v 66.389808654785156 3.7999999523162842 -57.832309722900391
f 1547 1545 1551 1549
f 1552 1546 1548 1550
f 1545 1547 1548 1546
f 1547 1549 1550 1548
f 1549 1551 1552 1550
f 1551 1545 1546 1552
g object_195
v 69.6099853515625 0 -51.483116149902344
v 69.6099853515625 3.7999999523162842 -51.483116149902344
v 72.830154418945312 0 -51.483116149902344
v 72.830154418945312 3.7999999523162842 -51.483116149902344
v 72.830154418945312 0 -54.657711029052734
v 72.830154418945312 3.7999999523162842 -54.657711029052734
v 69.6099853515625 0 -54.657711029052734
v 69.6099853515625 3.7999999523162842 -54.657711029052734
f 1555 1553 1559 1557
f 1560 1554 1556 1558
f 1553 1555 1556 1554
f 1555 1557 1558 1556
f 1557 1559 1560 1558
f 1559 1553 1554 1560
g object_196
v 69.6099853515625 0 -54.657711029052734
v 69.6099853515625 3.7999999523162842 -54.657711029052734
v 72.830154418945312 0 -54.657711029052734
v 72.830154418945312 3.7999999523162842 -54.657711029052734
v 72.830154418945312 0 -57.832309722900391
v 72.830154418945312 3.7999999523162842 -57.832309722900391
v 69.6099853515625 0 -57.832309722900391
v 69.6099853515625 3.7999999523162842 -57.832309722900391
f 1563 1561 1567 1565
f 1568 1562 1564 1566
f 1561 1563 1564 1562
f 1563 1565 1566 1564
f 1565 1567 1568 1566
f 1567 1561 1562 1568
g object_197
v 72.830154418945312 0 -51.483116149902344
v 72.830154418945312 3.7999999523162842 -51.483116149902344
v 76.050331115722656 0 -51.483116149902344
v 76.050331115722656 3.7999999523162842 -51.483116149902344
v 76.050331115722656 0 -54.657711029052734
v 76.050331115722656 3.7999999523162842 -54.657711029052734
v 72.830154418945312 0 -54.657711029052734
v 72.830154418945312 3.7999999523162842 -54.657711029052734
f 1571 1569 1575 1573
f 1576 1570 1572 1574
f 1569 1571 1572 1570
f 1571 1573 1574 1572
f 1573 1575 1576 1574
f 1575 1569 1570 1576
g object_198
v 72.830154418945312 0 -54.657711029052734
v 72.830154418945312 3.7999999523162842 -54.657711029052734
v 76.050331115722656 0 -54.657711029052734
v 76.050331115722656 3.7999999523162842 -54.657711029052734
v 76.050331115722656 0 -57.832309722900391
v 76.050331115722656 3.7999999523162842 -57.832309722900391
v 72.830154418945312 0 -57.832309722900391
v 72.830154418945312 3.7999999523162842 -57.832309722900391
f 1579 1577 1583 1581
f 1584 1578 1580 1582
f 1577 1579 1580 1578
f 1579 1581 1582 1580
f 1581 1583 1584 1582
f 1583 1577 1578 1584
g object_199
v 76.050331115722656 0 -54.657711029052734
v 76.050331115722656 3.7999999523162842 -54.657711029052734
v 78.72357177734375 0 -54.657711029052734
v 78.72357177734375 3.7999999523162842 -54.657711029052734
v 78.72357177734375 0 -57.832309722900391
v 78.72357177734375 3.7999999523162842 -57.832309722900391
v 76.050331115722656 0 -57.832309722900391
v 76.050331115722656 3.7999999523162842 -57.832309722900391
f 1586 1585 1587 1588
f 1588 1587 1589 1590
f 1590 1589 1591 1592
f 1592 1591 1585 1586
f 1591 1589 1587 1585
f 1592 1586 1588 1590
g object_200
v 76.050331115722656 0 -51.483116149902344
v 76.050331115722656 3.7999999523162842 -51.483116149902344
v 78.72357177734375 0 -51.483116149902344
v 78.72357177734375 3.7999999523162842 -51.483116149902344
v 78.72357177734375 0 -54.657711029052734
v 78.72357177734375 3.7999999523162842 -54.657711029052734
v 76.050331115722656 0 -54.657711029052734
v 76.050331115722656 3.7999999523162842 -54.657711029052734
f 1594 1593 1595 1596
f 1596 1595 1597 1598
f 1598 1597 1599 1600
f 1600 1599 1593 1594
f 1599 1597 1595 1593
f 1600 1594 1596 1598
g object_201
v 63.169635772705078 0 -57.832309722900391
v 63.169635772705078 3.7999999523162842 -57.832309722900391
v 66.389808654785156 0 -57.832309722900391
v 66.389808654785156 3.7999999523162842 -57.832309722900391
v 66.389808654785156 0 -61.006908416748047
v 66.389808654785156 3.7999999523162842 -61.006908416748047
v 63.169635772705078 0 -61.006908416748047
v 63.169635772705078 3.7999999523162842 -61.006908416748047
f 1603 1601 1607 1605
f 1608 1602 1604 1606
f 1601 1603 1604 1602
f 1603 1605 1606 1604
f 1605 1607 1608 1606
f 1607 1601 1602 1608
g object_202
v 63.169635772705078 0 -61.006908416748047
v 63.169635772705078 3.7999999523162842 -61.006908416748047
v 66.389808654785156 0 -61.006908416748047
v 66.389808654785156 3.7999999523162842 -61.006908416748047
v 66.389808654785156 0 -64.181503295898438
v 66.389808654785156 3.7999999523162842 -64.181503295898438
v 63.169635772705078 0 -64.181503295898438
v 63.169635772705078 3.7999999523162842 -64.181503295898438
f 1611 1609 1615 1613
f 1616 1610 1612 1614
f 1609 1611 1612 1610
f 1611 1613 1614 1612
f 1613 1615 1616 1614
f 1615 1609 1610 1616
g object_203
v 66.389808654785156 0 -57.832309722900391
v 66.389808654785156 3.7999999523162842 -57.832309722900391
v 69.6099853515625 0 -57.832309722900391
v 69.6099853515625 3.7999999523162842 -57.832309722900391
v 69.6099853515625 0 -61.006908416748047
v 69.6099853515625 3.7999999523162842 -61.006908416748047
v 66.389808654785156 0 -61.006908416748047
v 66.389808654785156 3.7999999523162842 -61.006908416748047
f 1619 1617 1623 1621
f 1624 1618 1620 1622
f 1617 1619 1620 1618
f 1619 1621 1622 1620
f 1621 1623 1624 1622
f 1623 1617 1618 1624
g object_204
v 66.389808654785156 0 -61.006908416748047
v 66.389808654785156 3.7999999523162842 -61.006908416748047
v 69.6099853515625 0 -61.006908416748047
v 69.6099853515625 3.7999999523162842 -61.006908416748047
v 69.6099853515625 0 -64.181503295898438
v 69.6099853515625 3.7999999523162842 -64.181503295898438
v 66.389808654785156 0 -64.181503295898438
v 66.389808654785156 3.7999999523162842 -64.181503295898438
f 1627 1625 1631 1629
f 1632 1626 1628 1630
f 1625 1627 1628 1626
f 1627 1629 1630 1628
f 1629 1631 1632 1630
f 1631 1625 1626 1632
g object_205
v 69.6099853515625 0 -57.832309722900391
v 69.6099853515625 3.7999999523162842 -57.832309722900391
v 72.830154418945312 0 -57.832309722900391
v 72.830154418945312 3.7999999523162842 -57.832309722900391
v 72.830154418945312 0 -61.006908416748047
v 72.830154418945312 3.7999999523162842 -61.006908416748047
v 69.6099853515625 0 -61.006908416748047
v 69.6099853515625 3.7999999523162842 -61.006908416748047
f 1635 1633 1639 1637
f 1640 1634 1636 1638
f 1633 1635 1636 1634
f 1635 1637 1638 1636
f 1637 1639 1640 1638
f 1639 1633 1634 1640
g object_206
v 69.6099853515625 0 -61.006908416748047
v 69.6099853515625 3.7999999523162842 -61.006908416748047
v 72.830154418945312 0 -61.006908416748047
v 72.830154418945312 3.7999999523162842 -61.006908416748047
v 72.830154418945312 0 -64.181503295898438
v 72.830154418945312 3.7999999523162842 -64.181503295898438
v 69.6099853515625 0 -64.181503295898438
v 69.6099853515625 3.7999999523162842 -64.181503295898438
f 1643 1641 1647 1645
f 1648 1642 1644 1646
f 1641 1643 1644 1642
f 1643 1645 1646 1644
f 1645 1647 1648 1646
f 1647 1641 1642 1648
g object_207
v 72.830154418945312 0 -57.832309722900391
v 72.830154418945312 3.7999999523162842 -57.832309722900391
v 76.050331115722656 0 -57.832309722900391
v 76.050331115722656 3.7999999523162842 -57.832309722900391
v 76.050331115722656 0 -61.006908416748047
v 76.050331115722656 3.7999999523162842 -61.006908416748047
v 72.830154418945312 0 -61.006908416748047
v 72.830154418945312 3.7999999523162842 -61.006908416748047
f 1651 1649 1655 1653
f 1656 1650 1652 1654
f 1649 1651 1652 1650
f 1651 1653 1654 1652
f 1653 1655 1656 1654
f 1655 1649 1650 1656
g object_208
v 72.830154418945312 0 -61.006908416748047
v 72.830154418945312 3.7999999523162842 -61.006908416748047
v 76.050331115722656 0 -61.006908416748047
v 76.050331115722656 3.7999999523162842 -61.006908416748047
v 76.050331115722656 0 -64.181503295898438
v 76.050331115722656 3.7999999523162842 -64.181503295898438
v 72.830154418945312 0 -64.181503295898438
v 72.830154418945312 3.7999999523162842 -64.181503295898438
f 1659 1657 1663 1661
f 1664 1658 1660 1662
f 1657 1659 1660 1658
f 1659 1661 1662 1660
f 1661 1663 1664 1662
f 1663 1657 1658 1664
g object_209
v 76.050331115722656 0 -61.006908416748047
v 76.050331115722656 3.7999999523162842 -61.006908416748047
v 78.72357177734375 0 -61.006908416748047
v 78.72357177734375 3.7999999523162842 -61.006908416748047
v 78.72357177734375 0 -64.181503295898438
v 78.72357177734375 3.7999999523162842 -64.181503295898438
v 76.050331115722656 0 -64.181503295898438
v 76.050331115722656 3.7999999523162842 -64.181503295898438
f 1666 1665 1667 1668
f 1668 1667 1669 1670
f 1670 1669 1671 1672
f 1672 1671 1665 1666
f 1671 1669 1667 1665
f 1672 1666 1668 1670
g object_210
v 76.050331115722656 0 -57.832309722900391
v 76.050331115722656 3.7999999523162842 -57.832309722900391
v 78.72357177734375 0 -57.832309722900391
v 78.72357177734375 3.7999999523162842 -57.832309722900391
v 78.72357177734375 0 -61.006908416748047
v 78.72357177734375 3.7999999523162842 -61.006908416748047
v 76.050331115722656 0 -61.006908416748047
v 76.050331115722656 3.7999999523162842 -61.006908416748047
f 1674 1673 1675 1676
f 1676 1675 1677 1678
f 1678 1677 1679 1680
f 1680 1679 1673 1674
f 1679 1677 1675 1673
f 1680 1674 1676 1678
g object_211
v 63.169635772705078 0 -64.181503295898438
v 63.169635772705078 3.7999999523162842 -64.181503295898438
v 66.389808654785156 0 -64.181503295898438
v 66.389808654785156 3.7999999523162842 -64.181503295898438
v 66.389808654785156 0 -67.356101989746094
v 66.389808654785156 3.7999999523162842 -67.356101989746094
v 63.169635772705078 0 -67.356101989746094
v 63.169635772705078 3.7999999523162842 -67.356101989746094
f 1683 1681 1687 1685
f 1688 1682 1684 1686
f 1681 1683 1684 1682
f 1683 1685 1686 1684
f 1685 1687 1688 1686
f 1687 1681 1682 1688
g object_212
v 63.169635772705078 0 -67.356101989746094
v 63.169635772705078 3.7999999523162842 -67.356101989746094
v 66.389808654785156 0 -67.356101989746094
v 66.389808654785156 3.7999999523162842 -67.356101989746094
v 66.389808654785156 0 -70.53070068359375
v 66.389808654785156 3.7999999523162842 -70.53070068359375
v 63.169635772705078 0 -70.53070068359375
v 63.169635772705078 3.7999999523162842 -70.53070068359375
f 1691 1689 1695 1693
f 1696 1690 1692 1694
f 1689 1691 1692 1690
f 1691 1693 1694 1692
f 1693 1695 1696 1694
f 1695 1689 1690 1696
g object_213
v 66.389808654785156 0 -64.181503295898438
v 66.389808654785156 3.7999999523162842 -64.181503295898438
v 69.6099853515625 0 -64.181503295898438
v 69.6099853515625 3.7999999523162842 -64.181503295898438
v 69.6099853515625 0 -67.356101989746094
v 69.6099853515625 3.7999999523162842 -67.356101989746094
v 66.389808654785156 0 -67.356101989746094
v 66.389808654785156 3.7999999523162842 -67.356101989746094
f 1699 1697 1703 1701
f 1704 1698 1700 1702
f 1697 1699 1700 1698
f 1699 1701 1702 1700
f 1701 1703 1704 1702
f 1703 1697 1698 1704
g object_214
v 66.389808654785156 0 -67.356101989746094
v 66.389808654785156 3.7999999523162842 -67.356101989746094
v 69.6099853515625 0 -67.356101989746094
v 69.6099853515625 3.7999999523162842 -67.356101989746094
v 69.6099853515625 0 -70.53070068359375
v 69.6099853515625 3.7999999523162842 -70.53070068359375
v 66.389808654785156 0 -70.53070068359375
v 66.389808654785156 3.7999999523162842 -70.53070068359375
f 1707 1705 1711 1709
f 1712 1706 1708 1710
f 1705 1707 1708 1706
f 1707 1709 1710 1708
f 1709 1711 1712 1710
f 1711 1705 1706 1712
g object_215
v 69.6099853515625 0 -64.181503295898438
v 69.6099853515625 3.7999999523162842 -64.181503295898438
v 72.830154418945312 0 -64.181503295898438
v 72.830154418945312 3.7999999523162842 -64.181503295898438
v 72.830154418945312 0 -67.356101989746094
v 72.830154418945312 3.7999999523162842 -67.356101989746094
v 69.6099853515625 0 -67.356101989746094
v 69.6099853515625 3.7999999523162842 -67.356101989746094
f 1715 1713 1719 1717
f 1720 1714 1716 1718
f 1713 1715 1716 1714
f 1715 1717 1718 1716
f 1717 1719 1720 1718
f 1719 1713 1714 1720
g object_216
v 69.6099853515625 0 -67.356101989746094
v 69.6099853515625 3.7999999523162842 -67.356101989746094
v 72.830154418945312 0 -67.356101989746094
v 72.830154418945312 3.7999999523162842 -67.356101989746094
v 72.830154418945312 0 -70.53070068359375
v 72.830154418945312 3.7999999523162842 -70.53070068359375
v 69.6099853515625 0 -70.53070068359375
v 69.6099853515625 3.7999999523162842 -70.53070068359375
f 1723 1721 1727 1725
f 1728 1722 1724 1726
f 1721 1723 1724 1722
f 1723 1725 1726 1724
f 1725 1727 1728 1726
f 1727 1721 1722 1728
g object_217
v 72.830154418945312 0 -64.181503295898438
v 72.830154418945312 3.7999999523162842 -64.181503295898438
v 76.050331115722656 0 -64.181503295898438
v 76.050331115722656 3.7999999523162842 -64.181503295898438
v 76.050331115722656 0 -67.356101989746094
v 76.050331115722656 3.7999999523162842 -67.356101989746094
v 72.830154418945312 0 -67.356101989746094
v 72.830154418945312 3.7999999523162842 -67.356101989746094
f 1731 1729 1735 1733
f 1736 1730 1732 1734
f 1729 1731 1732 1730
f 1731 1733 1734 1732
f 1733 1735 1736 1734
f 1735 1729 1730 1736
g object_218
v 72.830154418945312 0 -67.356101989746094
v 72.830154418945312 3.7999999523162842 -67.356101989746094
v 76.050331115722656 0 -67.356101989746094
v 76.050331115722656 3.7999999523162842 -67.356101989746094
v 76.050331115722656 0 -70.53070068359375
v 76.050331115722656 3.7999999523162842 -70.53070068359375
v 72.830154418945312 0 -70.53070068359375
v 72.830154418945312 3.7999999523162842 -70.53070068359375
f 1739 1737 1743 1741
f 1744 1738 1740 1742
f 1737 1739 1740 1738
f 1739 1741 1742 1740
f 1741 1743 1744 1742
f 1743 1737 1738 1744
g object_219
v 76.050331115722656 0 -67.356101989746094
v 76.050331115722656 3.7999999523162842 -67.356101989746094
v 78.72357177734375 0 -67.356101989746094
v 78.72357177734375 3.7999999523162842 -67.356101989746094
v 78.72357177734375 0 -70.53070068359375
v 78.72357177734375 3.7999999523162842 -70.53070068359375
v 76.050331115722656 0 -70.53070068359375
v 76.050331115722656 3.7999999523162842 -70.53070068359375
f 1746 1745 1747 1748
f 1748 1747 1749 1750
f 1750 1749 1751 1752
f 1752 1751 1745 1746
f 1751 1749 1747 1745
f 1752 1746 1748 1750
g object_220
v 76.050331115722656 0 -64.181503295898438
v 76.050331115722656 3.7999999523162842 -64.181503295898438
v 78.72357177734375 0 -64.181503295898438
v 78.72357177734375 3.7999999523162842 -64.181503295898438
v 78.72357177734375 0 -67.356101989746094
v 78.72357177734375 3.7999999523162842 -67.356101989746094
v 76.050331115722656 0 -67.356101989746094
v 76.050331115722656 3.7999999523162842 -67.356101989746094
f 1754 1753 1755 1756
f 1756 1755 1757 1758
f 1758 1757 1759 1760
f 1760 1759 1753 1754
f 1759 1757 1755 1753
f 1760 1754 1756 1758
g object_221
v 104.06748199462891 0 -30.203191757202148
v 104.06748199462891 3.7999999523162842 -30.203191757202148
v 106.54885864257812 0 -30.203191757202148
v 106.54885864257812 3.7999999523162842 -30.203191757202148
v 106.54885864257812 0 -33.870800018310547
v 106.54885864257812 3.7999999523162842 -33.870800018310547
v 104.06748199462891 0 -33.870800018310547
v 104.06748199462891 3.7999999523162842 -33.870800018310547
f 1762 1761 1763 1764
f 1764 1763 1765 1766
f 1766 1765 1767 1768
f 1768 1767 1761 1762
f 1767 1765 1763 1761
f 1768 1762 1764 1766
g object_222
v 104.06748199462891 3.7999999523162842 -30.203191757202148
v 104.06748199462891 7.5999999046325684 -30.203191757202148
v 106.54885864257812 3.7999999523162842 -30.203191757202148
v 106.54885864257812 7.5999999046325684 -30.203191757202148
v 106.54885864257812 3.7999999523162842 -33.870800018310547
v 106.54885864257812 7.5999999046325684 -33.870800018310547
v 104.06748199462891 3.7999999523162842 -33.870800018310547
v 104.06748199462891 7.5999999046325684 -33.870800018310547
f 1770 1769 1771 1772
f 1772 1771 1773 1774
f 1774 1773 1775 1776
f 1776 1775 1769 1770
f 1775 1773 1771 1769
f 1776 1770 1772 1774
g object_223
v 104.06748199462891 7.5999999046325684 -30.203191757202148
v 104.06748199462891 11.399999618530273 -30.203191757202148
v 106.54885864257812 7.5999999046325684 -30.203191757202148
v 106.54885864257812 11.399999618530273 -30.203191757202148
v 106.54885864257812 7.5999999046325684 -33.870800018310547
v 106.54885864257812 11.399999618530273 -33.870800018310547
v 104.06748199462891 7.5999999046325684 -33.870800018310547
v 104.06748199462891 11.399999618530273 -33.870800018310547
f 1778 1777 1779 1780
f 1780 1779 1781 1782
f 1782 1781 1783 1784
f 1784 1783 1777 1778
f 1783 1781 1779 1777
f 1784 1778 1780 1782
g object_224
v 104.06748199462891 11.399999618530273 -30.203191757202148
v 104.06748199462891 15.199999809265137 -30.203191757202148
v 106.54885864257812 11.399999618530273 -30.203191757202148
v 106.54885864257812 15.199999809265137 -30.203191757202148
v 106.54885864257812 11.399999618530273 -33.870800018310547
v 106.54885864257812 15.199999809265137 -33.870800018310547
v 104.06748199462891 11.399999618530273 -33.870800018310547
v 104.06748199462891 15.199999809265137 -33.870800018310547
f 1786 1785 1787 1788
f 1788 1787 1789 1790
f 1790 1789 1791 1792
f 1792 1791 1785 1786
f 1791 1789 1787 1785
f 1792 1786 1788 1790
g object_225
v 100.84730529785156 11.399999618530273 -30.203191757202148
v 100.84730529785156 15.199999809265137 -30.203191757202148
v 104.06748199462891 11.399999618530273 -30.203191757202148
v 104.06748199462891 15.199999809265137 -30.203191757202148
v 104.06748199462891 11.399999618530273 -33.870800018310547
v 104.06748199462891 15.199999809265137 -33.870800018310547
v 100.84730529785156 11.399999618530273 -33.870800018310547
v 100.84730529785156 15.199999809265137 -33.870800018310547
f 1795 1793 1799 1797
f 1800 1794 1796 1798
f 1793 1795 1796 1794
f 1795 1797 1798 1796
f 1797 1799 1800 1798
f 1799 1793 1794 1800
g object_226
v 97.62713623046875 11.399999618530273 -30.203191757202148
v 97.62713623046875 15.199999809265137 -30.203191757202148
v 100.84730529785156 11.399999618530273 -30.203191757202148
v 100.84730529785156 15.199999809265137 -30.203191757202148
v 100.84730529785156 11.399999618530273 -33.870800018310547
v 100.84730529785156 15.199999809265137 -33.870800018310547
v 97.62713623046875 11.399999618530273 -33.870800018310547
v 97.62713623046875 15.199999809265137 -33.870800018310547
f 1803 1801 1807 1805
f 1808 1802 1804 1806
f 1801 1803 1804 1802
f 1803 1805 1806 1804
f 1805 1807 1808 1806
f 1807 1801 1802 1808
g object_227
v 94.406959533691406 11.399999618530273 -30.203191757202148
v 94.406959533691406 15.199999809265137 -30.203191757202148
v 97.62713623046875 11.399999618530273 -30.203191757202148
v 97.62713623046875 15.199999809265137 -30.203191757202148
v 97.62713623046875 11.399999618530273 -33.870800018310547
v 97.62713623046875 15.199999809265137 -33.870800018310547
v 94.406959533691406 11.399999618530273 -33.870800018310547
v 94.406959533691406 15.199999809265137 -33.870800018310547
f 1811 1809 1815 1813
f 1816 1810 1812 1814
f 1809 1811 1812 1810
f 1811 1813 1814 1812
f 1813 1815 1816 1814
f 1815 1809 1810 1816
g object_228
v 91.186790466308594 11.399999618530273 -30.203191757202148
v 91.186790466308594 15.199999809265137 -30.203191757202148
v 94.406959533691406 11.399999618530273 -30.203191757202148
v 94.406959533691406 15.199999809265137 -30.203191757202148
v 94.406959533691406 11.399999618530273 -33.870800018310547
v 94.406959533691406 15.199999809265137 -33.870800018310547
v 91.186790466308594 11.399999618530273 -33.870800018310547
v 91.186790466308594 15.199999809265137 -33.870800018310547
f 1819 1817 1823 1821
f 1824 1818 1820 1822
f 1817 1819 1820 1818
f 1819 1821 1822 1820
f 1821 1823 1824 1822
f 1823 1817 1818 1824
g object_229
v 87.96661376953125 11.399999618530273 -30.203191757202148
v 87.96661376953125 15.199999809265137 -30.203191757202148
v 91.186790466308594 11.399999618530273 -30.203191757202148
v 91.186790466308594 15.199999809265137 -30.203191757202148
v 91.186790466308594 11.399999618530273 -33.870800018310547
v 91.186790466308594 15.199999809265137 -33.870800018310547
v 87.96661376953125 11.399999618530273 -33.870800018310547
v 87.96661376953125 15.199999809265137 -33.870800018310547
f 1827 1825 1831 1829
f 1832 1826 1828 1830
f 1825 1827 1828 1826
f 1827 1829 1830 1828
f 1829 1831 1832 1830
f 1831 1825 1826 1832
g object_230
v 84.746444702148438 11.399999618530273 -30.203191757202148
v 84.746444702148438 15.199999809265137 -30.203191757202148
v 87.96661376953125 11.399999618530273 -30.203191757202148
v 87.96661376953125 15.199999809265137 -30.203191757202148
v 87.96661376953125 11.399999618530273 -33.870800018310547
v 87.96661376953125 15.199999809265137 -33.870800018310547
v 84.746444702148438 11.399999618530273 -33.870800018310547
v 84.746444702148438 15.199999809265137 -33.870800018310547
f 1835 1833 1839 1837
f 1840 1834 1836 1838
f 1833 1835 1836 1834
f 1835 1837 1838 1836
f 1837 1839 1840 1838
f 1839 1833 1834 1840
g object_231
v 81.526268005371094 11.399999618530273 -30.203191757202148
v 81.526268005371094 15.199999809265137 -30.203191757202148
v 84.746444702148438 11.399999618530273 -30.203191757202148
v 84.746444702148438 15.199999809265137 -30.203191757202148
v 84.746444702148438 11.399999618530273 -33.870800018310547
v 84.746444702148438 15.199999809265137 -33.870800018310547
v 81.526268005371094 11.399999618530273 -33.870800018310547
v 81.526268005371094 15.199999809265137 -33.870800018310547
f 1843 1841 1847 1845
f 1848 1842 1844 1846
f 1841 1843 1844 1842
f 1843 1845 1846 1844
f 1845 1847 1848 1846
f 1847 1841 1842 1848
g object_232
v 78.306098937988281 11.399999618530273 -30.203191757202148
v 78.306098937988281 15.199999809265137 -30.203191757202148
v 81.526268005371094 11.399999618530273 -30.203191757202148
v 81.526268005371094 15.199999809265137 -30.203191757202148
v 81.526268005371094 11.399999618530273 -33.870800018310547
v 81.526268005371094 15.199999809265137 -33.870800018310547
v 78.306098937988281 11.399999618530273 -33.870800018310547
v 78.306098937988281 15.199999809265137 -33.870800018310547
f 1851 1849 1855 1853
f 1856 1850 1852 1854
f 1849 1851 1852 1850
f 1851 1853 1854 1852
f 1853 1855 1856 1854
f 1855 1849 1850 1856
g object_233
v 75.085922241210938 11.399999618530273 -30.203191757202148
v 75.085922241210938 15.199999809265137 -30.203191757202148
v 78.306098937988281 11.399999618530273 -30.203191757202148
v 78.306098937988281 15.199999809265137 -30.203191757202148
v 78.306098937988281 11.399999618530273 -33.870800018310547
v 78.306098937988281 15.199999809265137 -33.870800018310547
v 75.085922241210938 11.399999618530273 -33.870800018310547
v 75.085922241210938 15.199999809265137 -33.870800018310547
f 1859 1857 1863 1861
f 1864 1858 1860 1862
f 1857 1859 1860 1858
f 1859 1861 1862 1860
f 1861 1863 1864 1862
f 1863 1857 1858 1864
g object_234
v 71.865753173828125 11.399999618530273 -30.203191757202148
v 71.865753173828125 15.199999809265137 -30.203191757202148
v 75.085922241210938 11.399999618530273 -30.203191757202148
v 75.085922241210938 15.199999809265137 -30.203191757202148
v 75.085922241210938 11.399999618530273 -33.870800018310547
v 75.085922241210938 15.199999809265137 -33.870800018310547
v 71.865753173828125 11.399999618530273 -33.870800018310547
v 71.865753173828125 15.199999809265137 -33.870800018310547
f 1867 1865 1871 1869
f 1872 1866 1868 1870
f 1865 1867 1868 1866
f 1867 1869 1870 1868
f 1869 1871 1872 1870
f 1871 1865 1866 1872
g object_235
v 68.645576477050781 11.399999618530273 -30.203191757202148
v 68.645576477050781 15.199999809265137 -30.203191757202148
v 71.865753173828125 11.399999618530273 -30.203191757202148
v 71.865753173828125 15.199999809265137 -30.203191757202148
v 71.865753173828125 11.399999618530273 -33.870800018310547
v 71.865753173828125 15.199999809265137 -33.870800018310547
v 68.645576477050781 11.399999618530273 -33.870800018310547
v 68.645576477050781 15.199999809265137 -33.870800018310547
f 1875 1873 1879 1877
f 1880 1874 1876 1878
f 1873 1875 1876 1874
f 1875 1877 1878 1876
f 1877 1879 1880 1878
f 1879 1873 1874 1880
g object_236
v 65.425407409667969 11.399999618530273 -30.203191757202148
v 65.425407409667969 15.199999809265137 -30.203191757202148
v 68.645576477050781 11.399999618530273 -30.203191757202148
v 68.645576477050781 15.199999809265137 -30.203191757202148
v 68.645576477050781 11.399999618530273 -33.870800018310547
v 68.645576477050781 15.199999809265137 -33.870800018310547
v 65.425407409667969 11.399999618530273 -33.870800018310547
v 65.425407409667969 15.199999809265137 -33.870800018310547
f 1883 1881 1887 1885
f 1888 1882 1884 1886
f 1881 1883 1884 1882
f 1883 1885 1886 1884
f 1885 1887 1888 1886
f 1887 1881 1882 1888
g object_237
v 62.205230712890625 11.399999618530273 -30.203191757202148
v 62.205230712890625 15.199999809265137 -30.203191757202148
v 65.425407409667969 11.399999618530273 -30.203191757202148
v 65.425407409667969 15.199999809265137 -30.203191757202148
v 65.425407409667969 11.399999618530273 -33.870800018310547
v 65.425407409667969 15.199999809265137 -33.870800018310547
v 62.205230712890625 11.399999618530273 -33.870800018310547
v 62.205230712890625 15.199999809265137 -33.870800018310547
f 1891 1889 1895 1893
f 1896 1890 1892 1894
f 1889 1891 1892 1890
f 1891 1893 1894 1892
f 1893 1895 1896 1894
f 1895 1889 1890 1896
g object_238
v 58.985057830810547 11.399999618530273 -30.203191757202148
v 58.985057830810547 15.199999809265137 -30.203191757202148
v 62.205230712890625 11.399999618530273 -30.203191757202148
v 62.205230712890625 15.199999809265137 -30.203191757202148
v 62.205230712890625 11.399999618530273 -33.870800018310547
v 62.205230712890625 15.199999809265137 -33.870800018310547
v 58.985057830810547 11.399999618530273 -33.870800018310547
v 58.985057830810547 15.199999809265137 -33.870800018310547
f 1899 1897 1903 1901
f 1904 1898 1900 1902
f 1897 1899 1900 1898
f 1899 1901 1902 1900
f 1901 1903 1904 1902
f 1903 1897 1898 1904
g object_239
v 100.84730529785156 7.5999999046325684 -30.203191757202148
v 100.84730529785156 11.399999618530273 -30.203191757202148
v 104.06748199462891 7.5999999046325684 -30.203191757202148
v 104.06748199462891 11.399999618530273 -30.203191757202148
v 104.06748199462891 7.5999999046325684 -33.870800018310547
v 104.06748199462891 11.399999618530273 -33.870800018310547
v 100.84730529785156 7.5999999046325684 -33.870800018310547
v 100.84730529785156 11.399999618530273 -33.870800018310547
f 1907 1905 1911 1909
f 1912 1906 1908 1910
f 1905 1907 1908 1906
f 1907 1909 1910 1908
f 1909 1911 1912 1910
f 1911 1905 1906 1912
g object_240
v 97.62713623046875 7.5999999046325684 -30.203191757202148
v 97.62713623046875 11.399999618530273 -30.203191757202148
v 100.84730529785156 7.5999999046325684 -30.203191757202148
v 100.84730529785156 11.399999618530273 -30.203191757202148
v 100.84730529785156 7.5999999046325684 -33.870800018310547
v 100.84730529785156 11.399999618530273 -33.870800018310547
v 97.62713623046875 7.5999999046325684 -33.870800018310547
v 97.62713623046875 11.399999618530273 -33.870800018310547
f 1915 1913 1919 1917
f 1920 1914 1916 1918
f 1913 1915 1916 1914
f 1915 1917 1918 1916
f 1917 1919 1920 1918
f 1919 1913 1914 1920
g object_241
v 94.406959533691406 7.5999999046325684 -30.203191757202148
v 94.406959533691406 11.399999618530273 -30.203191757202148
v 97.62713623046875 7.5999999046325684 -30.203191757202148
v 97.62713623046875 11.399999618530273 -30.203191757202148
v 97.62713623046875 7.5999999046325684 -33.870800018310547
v 97.62713623046875 11.399999618530273 -33.870800018310547
v 94.406959533691406 7.5999999046325684 -33.870800018310547
v 94.406959533691406 11.399999618530273 -33.870800018310547
f 1923 1921 1927 1925
f 1928 1922 1924 1926
f 1921 1923 1924 1922
f 1923 1925 1926 1924
f 1925 1927 1928 1926
f 1927 1921 1922 1928
g object_242
v 91.186790466308594 7.5999999046325684 -30.203191757202148
v 91.186790466308594 11.399999618530273 -30.203191757202148
v 94.406959533691406 7.5999999046325684 -30.203191757202148
v 94.406959533691406 11.399999618530273 -30.203191757202148
v 94.406959533691406 7.5999999046325684 -33.870800018310547
v 94.406959533691406 11.399999618530273 -33.870800018310547
v 91.186790466308594 7.5999999046325684 -33.870800018310547
v 91.186790466308594 11.399999618530273 -33.870800018310547
f 1931 1929 1935 1933
f 1936 1930 1932 1934
f 1929 1931 1932 1930
f 1931 1933 1934 1932
f 1933 1935 1936 1934
f 1935 1929 1930 1936
g object_243
v 87.96661376953125 7.5999999046325684 -30.203191757202148
v 87.96661376953125 11.399999618530273 -30.203191757202148
v 91.186790466308594 7.5999999046325684 -30.203191757202148
v 91.186790466308594 11.399999618530273 -30.203191757202148
v 91.186790466308594 7.5999999046325684 -33.870800018310547
v 91.186790466308594 11.399999618530273 -33.870800018310547
v 87.96661376953125 7.5999999046325684 -33.870800018310547
v 87.96661376953125 11.399999618530273 -33.870800018310547
f 1939 1937 1943 1941
f 1944 1938 1940 1942
f 1937 1939 1940 1938
f 1939 1941 1942 1940
f 1941 1943 1944 1942
f 1943 1937 1938 1944
g object_244
v 84.746444702148438 7.5999999046325684 -30.203191757202148
v 84.746444702148438 11.399999618530273 -30.203191757202148
v 87.96661376953125 7.5999999046325684 -30.203191757202148
v 87.96661376953125 11.399999618530273 -30.203191757202148
v 87.96661376953125 7.5999999046325684 -33.870800018310547
v 87.96661376953125 11.399999618530273 -33.870800018310547
v 84.746444702148438 7.5999999046325684 -33.870800018310547
v 84.746444702148438 11.399999618530273 -33.870800018310547
f 1947 1945 1951 1949
f 1952 1946 1948 1950
f 1945 1947 1948 1946
f 1947 1949 1950 1948
f 1949 1951 1952 1950
f 1951 1945 1946 1952
g object_245
v 81.526268005371094 7.5999999046325684 -30.203191757202148
v 81.526268005371094 11.399999618530273 -30.203191757202148
v 84.746444702148438 7.5999999046325684 -30.203191757202148
v 84.746444702148438 11.399999618530273 -30.203191757202148
v 84.746444702148438 7.5999999046325684 -33.870800018310547
v 84.746444702148438 11.399999618530273 -33.870800018310547
v 81.526268005371094 7.5999999046325684 -33.870800018310547
v 81.526268005371094 11.399999618530273 -33.870800018310547
f 1955 1953 1959 1957
f 1960 1954 1956 1958
f 1953 1955 1956 1954
f 1955 1957 1958 1956
f 1957 1959 1960 1958
f 1959 1953 1954 1960
g object_246
v 78.306098937988281 7.5999999046325684 -30.203191757202148
v 78.306098937988281 11.399999618530273 -30.203191757202148
v 81.526268005371094 7.5999999046325684 -30.203191757202148
v 81.526268005371094 11.399999618530273 -30.203191757202148
v 81.526268005371094 7.5999999046325684 -33.870800018310547
v 81.526268005371094 11.399999618530273 -33.870800018310547
v 78.306098937988281 7.5999999046325684 -33.870800018310547
v 78.306098937988281 11.399999618530273 -33.870800018310547
f 1963 1961 1967 1965
f 1968 1962 1964 1966
f 1961 1963 1964 1962
f 1963 1965 1966 1964
f 1965 1967 1968 1966
f 1967 1961 1962 1968
g object_247
v 75.085922241210938 7.5999999046325684 -30.203191757202148
v 75.085922241210938 11.399999618530273 -30.203191757202148
v 78.306098937988281 7.5999999046325684 -30.203191757202148
v 78.306098937988281 11.399999618530273 -30.203191757202148
v 78.306098937988281 7.5999999046325684 -33.870800018310547
v 78.306098937988281 11.399999618530273 -33.870800018310547
v 75.085922241210938 7.5999999046325684 -33.870800018310547
v 75.085922241210938 11.399999618530273 -33.870800018310547
f 1971 1969 1975 1973
f 1976 1970 1972 1974
f 1969 1971 1972 1970
f 1971 1973 1974 1972
f 1973 1975 1976 1974
f 1975 1969 1970 1976
g object_248
v 71.865753173828125 7.5999999046325684 -30.203191757202148
v 71.865753173828125 11.399999618530273 -30.203191757202148
v 75.085922241210938 7.5999999046325684 -30.203191757202148
v 75.085922241210938 11.399999618530273 -30.203191757202148
v 75.085922241210938 7.5999999046325684 -33.870800018310547
v 75.085922241210938 11.399999618530273 -33.870800018310547
v 71.865753173828125 7.5999999046325684 -33.870800018310547
v 71.865753173828125 11.399999618530273 -33.870800018310547
f 1979 1977 1983 1981
f 1984 1978 1980 1982
f 1977 1979 1980 1978
f 1979 1981 1982 1980
f 1981 1983 1984 1982
f 1983 1977 1978 1984
g object_249
v 68.645576477050781 7.5999999046325684 -30.203191757202148
v 68.645576477050781 11.399999618530273 -30.203191757202148
v 71.865753173828125 7.5999999046325684 -30.203191757202148
v 71.865753173828125 11.399999618530273 -30.203191757202148
v 71.865753173828125 7.5999999046325684 -33.870800018310547
v 71.865753173828125 11.399999618530273 -33.870800018310547
v 68.645576477050781 7.5999999046325684 -33.870800018310547
v 68.645576477050781 11.399999618530273 -33.870800018310547
f 1987 1985 1991 1989
f 1992 1986 1988 1990
f 1985 1987 1988 1986
f 1987 1989 1990 1988
f 1989 1991 1992 1990
f 1991 1985 1986 1992
g object_250
v 65.425407409667969 7.5999999046325684 -30.203191757202148
v 65.425407409667969 11.399999618530273 -30.203191757202148
v 68.645576477050781 7.5999999046325684 -30.203191757202148
v 68.645576477050781 11.399999618530273 -30.203191757202148
v 68.645576477050781 7.5999999046325684 -33.870800018310547
v 68.645576477050781 11.399999618530273 -33.870800018310547
v 65.425407409667969 7.5999999046325684 -33.870800018310547
v 65.425407409667969 11.399999618530273 -33.870800018310547
f 1995 1993 1999 1997
f 2000 1994 1996 1998
f 1993 1995 1996 1994
f 1995 1997 1998 1996
f 1997 1999 2000 1998
f 1999 1993 1994 2000
g object_251
v 62.205230712890625 7.5999999046325684 -30.203191757202148
v 62.205230712890625 11.399999618530273 -30.203191757202148
v 65.425407409667969 7.5999999046325684 -30.203191757202148
v 65.425407409667969 11.399999618530273 -30.203191757202148
v 65.425407409667969 7.5999999046325684 -33.870800018310547
v 65.425407409667969 11.399999618530273 -33.870800018310547
v 62.205230712890625 7.5999999046325684 -33.870800018310547
v 62.205230712890625 11.399999618530273 -33.870800018310547
f 2003 2001 2007 2005
f 2008 2002 2004 2006
f 2001 2003 2004 2002
f 2003 2005 2006 2004
f 2005 2007 2008 2006
f 2007 2001 2002 2008
g object_252
v 58.985057830810547 7.5999999046325684 -30.203191757202148
v 58.985057830810547 11.399999618530273 -30.203191757202148
v 62.205230712890625 7.5999999046325684 -30.203191757202148
v 62.205230712890625 11.399999618530273 -30.203191757202148
v 62.205230712890625 7.5999999046325684 -33.870800018310547
v 62.205230712890625 11.399999618530273 -33.870800018310547
v 58.985057830810547 7.5999999046325684 -33.870800018310547
v 58.985057830810547 11.399999618530273 -33.870800018310547
f 2011 2009 2015 2013
f 2016 2010 2012 2014
f 2009 2011 2012 2010
f 2011 2013 2014 2012
f 2013 2015 2016 2014
f 2015 2009 2010 2016
g object_253
v 100.84730529785156 3.7999999523162842 -30.203191757202148
v 100.84730529785156 7.5999999046325684 -30.203191757202148
v 104.06748199462891 3.7999999523162842 -30.203191757202148
v 104.06748199462891 7.5999999046325684 -30.203191757202148
v 104.06748199462891 3.7999999523162842 -33.870800018310547
v 104.06748199462891 7.5999999046325684 -33.870800018310547
v 100.84730529785156 3.7999999523162842 -33.870800018310547
v 100.84730529785156 7.5999999046325684 -33.870800018310547
f 2019 2017 2023 2021
f 2024 2018 2020 2022
f 2017 2019 2020 2018
f 2019 2021 2022 2020
f 2021 2023 2024 2022
f 2023 2017 2018 2024
g object_254
v 97.62713623046875 3.7999999523162842 -30.203191757202148
v 97.62713623046875 7.5999999046325684 -30.203191757202148
v 100.84730529785156 3.7999999523162842 -30.203191757202148
v 100.84730529785156 7.5999999046325684 -30.203191757202148
v 100.84730529785156 3.7999999523162842 -33.870800018310547
v 100.84730529785156 7.5999999046325684 -33.870800018310547
v 97.62713623046875 3.7999999523162842 -33.870800018310547
v 97.62713623046875 7.5999999046325684 -33.870800018310547
f 2027 2025 2031 2029
f 2032 2026 2028 2030
f 2025 2027 2028 2026
f 2027 2029 2030 2028
f 2029 2031 2032 2030
f 2031 2025 2026 2032
g object_255
v 94.406959533691406 3.7999999523162842 -30.203191757202148
v 94.406959533691406 7.5999999046325684 -30.203191757202148
v 97.62713623046875 3.7999999523162842 -30.203191757202148
v 97.62713623046875 7.5999999046325684 -30.203191757202148
v 97.62713623046875 3.7999999523162842 -33.870800018310547
v 97.62713623046875 7.5999999046325684 -33.870800018310547
v 94.406959533691406 3.7999999523162842 -33.870800018310547
v 94.406959533691406 7.5999999046325684 -33.870800018310547
f 2035 2033 2039 2037
f 2040 2034 2036 2038
f 2033 2035 2036 2034
f 2035 2037 2038 2036
f 2037 2039 2040 2038
f 2039 2033 2034 2040
g object_256
v 91.186790466308594 3.7999999523162842 -30.203191757202148
v 91.186790466308594 7.5999999046325684 -30.203191757202148
v 94.406959533691406 3.7999999523162842 -30.203191757202148
v 94.406959533691406 7.5999999046325684 -30.203191757202148
v 94.406959533691406 3.7999999523162842 -33.870800018310547
v 94.406959533691406 7.5999999046325684 -33.870800018310547
v 91.186790466308594 3.7999999523162842 -33.870800018310547
v 91.186790466308594 7.5999999046325684 -33.870800018310547
f 2043 2041 2047 2045
f 2048 2042 2044 2046
f 2041 2043 2044 2042
f 2043 2045 2046 2044
f 2045 2047 2048 2046
f 2047 2041 2042 2048
g object_257
v 87.96661376953125 3.7999999523162842 -30.203191757202148
v 87.96661376953125 7.5999999046325684 -30.203191757202148
v 91.186790466308594 3.7999999523162842 -30.203191757202148
v 91.186790466308594 7.5999999046325684 -30.203191757202148
v 91.186790466308594 3.7999999523162842 -33.870800018310547
v 91.186790466308594 7.5999999046325684 -33.870800018310547
v 87.96661376953125 3.7999999523162842 -33.870800018310547
v 87.96661376953125 7.5999999046325684 -33.870800018310547
f 2051 2049 2055 2053
f 2056 2050 2052 2054
f 2049 2051 2052 2050
f 2051 2053 2054 2052
f 2053 2055 2056 2054
f 2055 2049 2050 2056
g object_258
v 84.746444702148438 3.7999999523162842 -30.203191757202148
v 84.746444702148438 7.5999999046325684 -30.203191757202148
v 87.96661376953125 3.7999999523162842 -30.203191757202148
v 87.96661376953125 7.5999999046325684 -30.203191757202148
v 87.96661376953125 3.7999999523162842 -33.870800018310547
v 87.96661376953125 7.5999999046325684 -33.870800018310547
v 84.746444702148438 3.7999999523162842 -33.870800018310547
v 84.746444702148438 7.5999999046325684 -33.870800018310547
f 2059 2057 2063 2061
f 2064 2058 2060 2062
f 2057 2059 2060 2058
f 2059 2061 2062 2060
f 2061 2063 2064 2062
f 2063 2057 2058 2064
g object_259
v 81.526268005371094 3.7999999523162842 -30.203191757202148
v 81.526268005371094 7.5999999046325684 -30.203191757202148
v 84.746444702148438 3.7999999523162842 -30.203191757202148
v 84.746444702148438 7.5999999046325684 -30.203191757202148
v 84.746444702148438 3.7999999523162842 -33.870800018310547
v 84.746444702148438 7.5999999046325684 -33.870800018310547
v 81.526268005371094 3.7999999523162842 -33.870800018310547
v 81.526268005371094 7.5999999046325684 -33.870800018310547
f 2067 2065 2071 2069
f 2072 2066 2068 2070
f 2065 2067 2068 2066
f 2067 2069 2070 2068
f 2069 2071 2072 2070
f 2071 2065 2066 2072
g object_260
v 78.306098937988281 3.7999999523162842 -30.203191757202148
v 78.306098937988281 7.5999999046325684 -30.203191757202148
v 81.526268005371094 3.7999999523162842 -30.203191757202148
v 81.526268005371094 7.5999999046325684 -30.203191757202148
v 81.526268005371094 3.7999999523162842 -33.870800018310547
v 81.526268005371094 7.5999999046325684 -33.870800018310547
v 78.306098937988281 3.7999999523162842 -33.870800018310547
v 78.306098937988281 7.5999999046325684 -33.870800018310547
f 2075 2073 2079 2077
f 2080 2074 2076 2078
f 2073 2075 2076 2074
f 2075 2077 2078 2076
f 2077 2079 2080 2078
f 2079 2073 2074 2080
g object_261
v 75.085922241210938 3.7999999523162842 -30.203191757202148
v 75.085922241210938 7.5999999046325684 -30.203191757202148
v 78.306098937988281 3.7999999523162842 -30.203191757202148
v 78.306098937988281 7.5999999046325684 -30.203191757202148
v 78.306098937988281 3.7999999523162842 -33.870800018310547
v 78.306098937988281 7.5999999046325684 -33.870800018310547
v 75.085922241210938 3.7999999523162842 -33.870800018310547
v 75.085922241210938 7.5999999046325684 -33.870800018310547
f 2083 2081 2087 2085
f 2088 2082 2084 2086
f 2081 2083 2084 2082
f 2083 2085 2086 2084
f 2085 2087 2088 2086
f 2087 2081 2082 2088
g object_262
v 71.865753173828125 3.7999999523162842 -30.203191757202148
v 71.865753173828125 7.5999999046325684 -30.203191757202148
v 75.085922241210938 3.7999999523162842 -30.203191757202148
v 75.085922241210938 7.5999999046325684 -30.203191757202148
v 75.085922241210938 3.7999999523162842 -33.870800018310547
v 75.085922241210938 7.5999999046325684 -33.870800018310547
v 71.865753173828125 3.7999999523162842 -33.870800018310547
v 71.865753173828125 7.5999999046325684 -33.870800018310547
f 2091 2089 2095 2093
f 2096 2090 2092 2094
f 2089 2091 2092 2090
f 2091 2093 2094 2092
f 2093 2095 2096 2094
f 2095 2089 2090 2096
g object_263
v 68.645576477050781 3.7999999523162842 -30.203191757202148
v 68.645576477050781 7.5999999046325684 -30.203191757202148
v 71.865753173828125 3.7999999523162842 -30.203191757202148
v 71.865753173828125 7.5999999046325684 -30.203191757202148
v 71.865753173828125 3.7999999523162842 -33.870800018310547
v 71.865753173828125 7.5999999046325684 -33.870800018310547
v 68.645576477050781 3.7999999523162842 -33.870800018310547
v 68.645576477050781 7.5999999046325684 -33.870800018310547
f 2099 2097 2103 2101
f 2104 2098 2100 2102
f 2097 2099 2100 2098
f 2099 2101 2102 2100
f 2101 2103 2104 2102
f 2103 2097 2098 2104
g object_264
v 65.425407409667969 3.7999999523162842 -30.203191757202148
v 65.425407409667969 7.5999999046325684 -30.203191757202148
v 68.645576477050781 3.7999999523162842 -30.203191757202148
v 68.645576477050781 7.5999999046325684 -30.203191757202148
v 68.645576477050781 3.7999999523162842 -33.870800018310547
v 68.645576477050781 7.5999999046325684 -33.870800018310547
v 65.425407409667969 3.7999999523162842 -33.870800018310547
v 65.425407409667969 7.5999999046325684 -33.870800018310547
f 2107 2105 2111 2109
f 2112 2106 2108 2110
f 2105 2107 2108 2106
f 2107 2109 2110 2108
f 2109 2111 2112 2110
f 2111 2105 2106 2112
g object_265
v 62.205230712890625 3.7999999523162842 -30.203191757202148
v 62.205230712890625 7.5999999046325684 -30.203191757202148
v 65.425407409667969 3.7999999523162842 -30.203191757202148
v 65.425407409667969 7.5999999046325684 -30.203191757202148
v 65.425407409667969 3.7999999523162842 -33.870800018310547
v 65.425407409667969 7.5999999046325684 -33.870800018310547
v 62.205230712890625 3.7999999523162842 -33.870800018310547
v 62.205230712890625 7.5999999046325684 -33.870800018310547
f 2115 2113 2119 2117
f 2120 2114 2116 2118
f 2113 2115 2116 2114
f 2115 2117 2118 2116
f 2117 2119 2120 2118
f 2119 2113 2114 2120
g object_266
v 58.985057830810547 3.7999999523162842 -30.203191757202148
v 58.985057830810547 7.5999999046325684 -30.203191757202148
v 62.205230712890625 3.7999999523162842 -30.203191757202148
v 62.205230712890625 7.5999999046325684 -30.203191757202148
v 62.205230712890625 3.7999999523162842 -33.870800018310547
v 62.205230712890625 7.5999999046325684 -33.870800018310547
v 58.985057830810547 3.7999999523162842 -33.870800018310547
v 58.985057830810547 7.5999999046325684 -33.870800018310547
f 2123 2121 2127 2125
f 2128 2122 2124 2126
f 2121 2123 2124 2122
f 2123 2125 2126 2124
f 2125 2127 2128 2126
f 2127 2121 2122 2128
g object_267
v 100.84730529785156 0 -30.203191757202148
v 100.84730529785156 3.7999999523162842 -30.203191757202148
v 104.06748199462891 0 -30.203191757202148
v 104.06748199462891 3.7999999523162842 -30.203191757202148
v 104.06748199462891 0 -33.870800018310547
v 104.06748199462891 3.7999999523162842 -33.870800018310547
v 100.84730529785156 0 -33.870800018310547
v 100.84730529785156 3.7999999523162842 -33.870800018310547
f 2131 2129 2135 2133
f 2136 2130 2132 2134
f 2129 2131 2132 2130
f 2131 2133 2134 2132
f 2133 2135 2136 2134
f 2135 2129 2130 2136
g object_268
v 97.62713623046875 0 -30.203191757202148
v 97.62713623046875 3.7999999523162842 -30.203191757202148
v 100.84730529785156 0 -30.203191757202148
v 100.84730529785156 3.7999999523162842 -30.203191757202148
v 100.84730529785156 0 -33.870800018310547
v 100.84730529785156 3.7999999523162842 -33.870800018310547
v 97.62713623046875 0 -33.870800018310547
v 97.62713623046875 3.7999999523162842 -33.870800018310547
f 2139 2137 2143 2141
f 2144 2138 2140 2142
f 2137 2139 2140 2138
f 2139 2141 2142 2140
f 2141 2143 2144 2142
f 2143 2137 2138 2144
g object_269
v 94.406959533691406 0 -30.203191757202148
v 94.406959533691406 3.7999999523162842 -30.203191757202148
v 97.62713623046875 0 -30.203191757202148
v 97.62713623046875 3.7999999523162842 -30.203191757202148
v 97.62713623046875 0 -33.870800018310547
v 97.62713623046875 3.7999999523162842 -33.870800018310547
v 94.406959533691406 0 -33.870800018310547
v 94.406959533691406 3.7999999523162842 -33.870800018310547
f 2147 2145 2151 2149
f 2152 2146 2148 2150
f 2145 2147 2148 2146
f 2147 2149 2150 2148
f 2149 2151 2152 2150
f 2151 2145 2146 2152
g object_270
v 91.186790466308594 0 -30.203191757202148
v 91.186790466308594 3.7999999523162842 -30.203191757202148
v 94.406959533691406 0 -30.203191757202148
v 94.406959533691406 3.7999999523162842 -30.203191757202148
v 94.406959533691406 0 -33.870800018310547
v 94.406959533691406 3.7999999523162842 -33.870800018310547
v 91.186790466308594 0 -33.870800018310547
v 91.186790466308594 3.7999999523162842 -33.870800018310547
f 2155 2153 2159 2157
f 2160 2154 2156 2158
f 2153 2155 2156 2154
f 2155 2157 2158 2156
f 2157 2159 2160 2158
f 2159 2153 2154 2160
g object_271
v 87.96661376953125 0 -30.203191757202148
v 87.96661376953125 3.7999999523162842 -30.203191757202148
v 91.186790466308594 0 -30.203191757202148
v 91.186790466308594 3.7999999523162842 -30.203191757202148
v 91.186790466308594 0 -33.870800018310547
v 91.186790466308594 3.7999999523162842 -33.870800018310547
v 87.96661376953125 0 -33.870800018310547
v 87.96661376953125 3.7999999523162842 -33.870800018310547
f 2163 2161 2167 2165
f 2168 2162 2164 2166
f 2161 2163 2164 2162
f 2163 2165 2166 2164
f 2165 2167 2168 2166
f 2167 2161 2162 2168
g object_272
v 84.746444702148438 0 -30.203191757202148
v 84.746444702148438 3.7999999523162842 -30.203191757202148
v 87.96661376953125 0 -30.203191757202148
v 87.96661376953125 3.7999999523162842 -30.203191757202148
v 87.96661376953125 0 -33.870800018310547
v 87.96661376953125 3.7999999523162842 -33.870800018310547
v 84.746444702148438 0 -33.870800018310547
v 84.746444702148438 3.7999999523162842 -33.870800018310547
f 2171 2169 2175 2173
f 2176 2170 2172 2174
f 2169 2171 2172 2170
f 2171 2173 2174 2172
f 2173 2175 2176 2174
f 2175 2169 2170 2176
g object_273
v 81.526268005371094 0 -30.203191757202148
v 81.526268005371094 3.7999999523162842 -30.203191757202148
v 84.746444702148438 0 -30.203191757202148
v 84.746444702148438 3.7999999523162842 -30.203191757202148
v 84.746444702148438 0 -33.870800018310547
v 84.746444702148438 3.7999999523162842 -33.870800018310547
v 81.526268005371094 0 -33.870800018310547
v 81.526268005371094 3.7999999523162842 -33.870800018310547
f 2179 2177 2183 2181
f 2184 2178 2180 2182
f 2177 2179 2180 2178
f 2179 2181 2182 2180
f 2181 2183 2184 2182
f 2183 2177 2178 2184
g object_274
v 78.306098937988281 0 -30.203191757202148
v 78.306098937988281 3.7999999523162842 -30.203191757202148
v 81.526268005371094 0 -30.203191757202148
v 81.526268005371094 3.7999999523162842 -30.203191757202148
v 81.526268005371094 0 -33.870800018310547
v 81.526268005371094 3.7999999523162842 -33.870800018310547
v 78.306098937988281 0 -33.870800018310547
v 78.306098937988281 3.7999999523162842 -33.870800018310547
f 2187 2185 2191 2189
f 2192 2186 2188 2190
f 2185 2187 2188 2186
f 2187 2189 2190 2188
f 2189 2191 2192 2190
f 2191 2185 2186 2192
g object_275
v 75.085922241210938 0 -30.203191757202148
v 75.085922241210938 3.7999999523162842 -30.203191757202148
v 78.306098937988281 0 -30.203191757202148
v 78.306098937988281 3.7999999523162842 -30.203191757202148
v 78.306098937988281 0 -33.870800018310547
v 78.306098937988281 3.7999999523162842 -33.870800018310547
v 75.085922241210938 0 -33.870800018310547
v 75.085922241210938 3.7999999523162842 -33.870800018310547
f 2195 2193 2199 2197
f 2200 2194 2196 2198
f 2193 2195 2196 2194
f 2195 2197 2198 2196
f 2197 2199 2200 2198
f 2199 2193 2194 2200
g object_276
v 71.865753173828125 0 -30.203191757202148
v 71.865753173828125 3.7999999523162842 -30.203191757202148
v 75.085922241210938 0 -30.203191757202148
v 75.085922241210938 3.7999999523162842 -30.203191757202148
v 75.085922241210938 0 -33.870800018310547
v 75.085922241210938 3.7999999523162842 -33.870800018310547
v 71.865753173828125 0 -33.870800018310547
v 71.865753173828125 3.7999999523162842 -33.870800018310547
f 2203 2201 2207 2205
f 2208 2202 2204 2206
f 2201 2203 2204 2202
f 2203 2205 2206 2204
f 2205 2207 2208 2206
f 2207 2201 2202 2208
g object_277
v 68.645576477050781 0 -30.203191757202148
v 68.645576477050781 3.7999999523162842 -30.203191757202148
v 71.865753173828125 0 -30.203191757202148
v 71.865753173828125 3.7999999523162842 -30.203191757202148
v 71.865753173828125 0 -33.870800018310547
v 71.865753173828125 3.7999999523162842 -33.870800018310547
v 68.645576477050781 0 -33.870800018310547
v 68.645576477050781 3.7999999523162842 -33.870800018310547
f 2211 2209 2215 2213
f 2216 2210 2212 2214
f 2209 2211 2212 2210
f 2211 2213 2214 2212
f 2213 2215 2216 2214
f 2215 2209 2210 2216
g object_278
v 65.425407409667969 0 -30.203191757202148
v 65.425407409667969 3.7999999523162842 -30.203191757202148
v 68.645576477050781 0 -30.203191757202148
v 68.645576477050781 3.7999999523162842 -30.203191757202148
v 68.645576477050781 0 -33.870800018310547
v 68.645576477050781 3.7999999523162842 -33.870800018310547
v 65.425407409667969 0 -33.870800018310547
v 65.425407409667969 3.7999999523162842 -33.870800018310547
f 2219 2217 2223 2221
f 2224 2218 2220 2222
f 2217 2219 2220 2218
f 2219 2221 2222 2220
f 2221 2223 2224 2222
f 2223 2217 2218 2224
g object_279
v 62.205230712890625 0 -30.203191757202148
v 62.205230712890625 3.7999999523162842 -30.203191757202148
v 65.425407409667969 0 -30.203191757202148
v 65.425407409667969 3.7999999523162842 -30.203191757202148
v 65.425407409667969 0 -33.870800018310547
v 65.425407409667969 3.7999999523162842 -33.870800018310547
v 62.205230712890625 0 -33.870800018310547
v 62.205230712890625 3.7999999523162842 -33.870800018310547
f 2227 2225 2231 2229
f 2232 2226 2228 2230
f 2225 2227 2228 2226
f 2227 2229 2230 2228
f 2229 2231 2232 2230
f 2231 2225 2226 2232
g object_280
v 58.985057830810547 0 -30.203191757202148
v 58.985057830810547 3.7999999523162842 -30.203191757202148
v 62.205230712890625 0 -30.203191757202148
v 62.205230712890625 3.7999999523162842 -30.203191757202148
v 62.205230712890625 0 -33.870800018310547
v 62.205230712890625 3.7999999523162842 -33.870800018310547
v 58.985057830810547 0 -33.870800018310547
v 58.985057830810547 3.7999999523162842 -33.870800018310547
f 2235 2233 2239 2237
f 2240 2234 2236 2238
f 2233 2235 2236 2234
f 2235 2237 2238 2236
f 2237 2239 2240 2238
f 2239 2233 2234 2240
g object_281
v 104.06748199462891 0 -19.200370788574219
v 104.06748199462891 3.7999999523162842 -19.200370788574219
v 106.54885864257812 0 -19.200370788574219
v 106.54885864257812 3.7999999523162842 -19.200370788574219
v 106.54885864257812 0 -22.867979049682617
v 106.54885864257812 3.7999999523162842 -22.867979049682617
v 104.06748199462891 0 -22.867979049682617
v 104.06748199462891 3.7999999523162842 -22.867979049682617
f 2242 2241 2243 2244
f 2244 2243 2245 2246
f 2246 2245 2247 2248
f 2248 2247 2241 2242
f 2247 2245 2243 2241
f 2248 2242 2244 2246
g object_282
v 104.06748199462891 0 -22.867979049682617
v 104.06748199462891 3.7999999523162842 -22.867979049682617
v 106.54885864257812 0 -22.867979049682617
v 106.54885864257812 3.7999999523162842 -22.867979049682617
v 106.54885864257812 0 -26.535585403442383
v 106.54885864257812 3.7999999523162842 -26.535585403442383
v 104.06748199462891 0 -26.535585403442383
v 104.06748199462891 3.7999999523162842 -26.535585403442383
f 2250 2249 2251 2252
f 2252 2251 2253 2254
f 2254 2253 2255 2256
f 2256 2255 2249 2250
f 2255 2253 2251 2249
f 2256 2250 2252 2254
g object_283
v 104.06748199462891 0 -26.535585403442383
v 104.06748199462891 3.7999999523162842 -26.535585403442383
v 106.54885864257812 0 -26.535585403442383
v 106.54885864257812 3.7999999523162842 -26.535585403442383
v 106.54885864257812 0 -30.203191757202148
v 106.54885864257812 3.7999999523162842 -30.203191757202148
v 104.06748199462891 0 -30.203191757202148
v 104.06748199462891 3.7999999523162842 -30.203191757202148
f 2258 2257 2259 2260
f 2260 2259 2261 2262
f 2262 2261 2263 2264
f 2264 2263 2257 2258
f 2263 2261 2259 2257
f 2264 2258 2260 2262
g object_284
v 104.06748199462891 3.7999999523162842 -19.200370788574219
v 104.06748199462891 7.5999999046325684 -19.200370788574219
v 106.54885864257812 3.7999999523162842 -19.200370788574219
v 106.54885864257812 7.5999999046325684 -19.200370788574219
v 106.54885864257812 3.7999999523162842 -22.867979049682617
v 106.54885864257812 7.5999999046325684 -22.867979049682617
v 104.06748199462891 3.7999999523162842 -22.867979049682617
v 104.06748199462891 7.5999999046325684 -22.867979049682617
f 2266 2265 2267 2268
f 2268 2267 2269 2270
f 2270 2269 2271 2272
f 2272 2271 2265 2266
f 2271 2269 2267 2265
f 2272 2266 2268 2270
g object_285
v 104.06748199462891 3.7999999523162842 -22.867979049682617
v 104.06748199462891 7.5999999046325684 -22.867979049682617
v 106.54885864257812 3.7999999523162842 -22.867979049682617
v 106.54885864257812 7.5999999046325684 -22.867979049682617
v 106.54885864257812 3.7999999523162842 -26.535585403442383
v 106.54885864257812 7.5999999046325684 -26.535585403442383
v 104.06748199462891 3.7999999523162842 -26.535585403442383
v 104.06748199462891 7.5999999046325684 -26.535585403442383
f 2274 2273 2275 2276
f 2276 2275 2277 2278
f 2278 2277 2279 2280
f 2280 2279 2273 2274
f 2279 2277 2275 2273
f 2280 2274 2276 2278
g object_286
v 104.06748199462891 3.7999999523162842 -26.535585403442383
v 104.06748199462891 7.5999999046325684 -26.535585403442383
v 106.54885864257812 3.7999999523162842 -26.535585403442383
v 106.54885864257812 7.5999999046325684 -26.535585403442383
v 106.54885864257812 3.7999999523162842 -30.203191757202148
v 106.54885864257812 7.5999999046325684 -30.203191757202148
v 104.06748199462891 3.7999999523162842 -30.203191757202148
v 104.06748199462891 7.5999999046325684 -30.203191757202148
f 2282 2281 2283 2284
f 2284 2283 2285 2286
f 2286 2285 2287 2288
f 2288 2287 2281 2282
f 2287 2285 2283 2281
f 2288 2282 2284 2286
g object_287
v 104.06748199462891 7.5999999046325684 -19.200370788574219
v 104.06748199462891 11.399999618530273 -19.200370788574219
v 106.54885864257812 7.5999999046325684 -19.200370788574219
v 106.54885864257812 11.399999618530273 -19.200370788574219
v 106.54885864257812 7.5999999046325684 -22.867979049682617
v 106.54885864257812 11.399999618530273 -22.867979049682617
v 104.06748199462891 7.5999999046325684 -22.867979049682617
v 104.06748199462891 11.399999618530273 -22.867979049682617
f 2290 2289 2291 2292
f 2292 2291 2293 2294
f 2294 2293 2295 2296
f 2296 2295 2289 2290
f 2295 2293 2291 2289
f 2296 2290 2292 2294
g object_288
v 104.06748199462891 7.5999999046325684 -22.867979049682617
v 104.06748199462891 11.399999618530273 -22.867979049682617
v 106.54885864257812 7.5999999046325684 -22.867979049682617
v 106.54885864257812 11.399999618530273 -22.867979049682617
v 106.54885864257812 7.5999999046325684 -26.535585403442383
v 106.54885864257812 11.399999618530273 -26.535585403442383
v 104.06748199462891 7.5999999046325684 -26.535585403442383
v 104.06748199462891 11.399999618530273 -26.535585403442383
f 2298 2297 2299 2300
f 2300 2299 2301 2302
f 2302 2301 2303 2304
f 2304 2303 2297 2298
f 2303 2301 2299 2297
f 2304 2298 2300 2302
g object_289
v 104.06748199462891 7.5999999046325684 -26.535585403442383
v 104.06748199462891 11.399999618530273 -26.535585403442383
v 106.54885864257812 7.5999999046325684 -26.535585403442383
v 106.54885864257812 11.399999618530273 -26.535585403442383
v 106.54885864257812 7.5999999046325684 -30.203191757202148
v 106.54885864257812 11.399999618530273 -30.203191757202148
v 104.06748199462891 7.5999999046325684 -30.203191757202148
v 104.06748199462891 11.399999618530273 -30.203191757202148
f 2306 2305 2307 2308
f 2308 2307 2309 2310
f 2310 2309 2311 2312
f 2312 2311 2305 2306
f 2311 2309 2307 2305
f 2312 2306 2308 2310
g object_290
v 104.06748199462891 11.399999618530273 -19.200370788574219
v 104.06748199462891 15.199999809265137 -19.200370788574219
v 106.54885864257812 11.399999618530273 -19.200370788574219
v 106.54885864257812 15.199999809265137 -19.200370788574219
v 106.54885864257812 11.399999618530273 -22.867979049682617
v 106.54885864257812 15.199999809265137 -22.867979049682617
v 104.06748199462891 11.399999618530273 -22.867979049682617
v 104.06748199462891 15.199999809265137 -22.867979049682617
f 2314 2313 2315 2316
f 2316 2315 2317 2318
f 2318 2317 2319 2320
f 2320 2319 2313 2314
f 2319 2317 2315 2313
f 2320 2314 2316 2318
g object_291
v 104.06748199462891 11.399999618530273 -22.867979049682617
v 104.06748199462891 15.199999809265137 -22.867979049682617
v 106.54885864257812 11.399999618530273 -22.867979049682617
v 106.54885864257812 15.199999809265137 -22.867979049682617
v 106.54885864257812 11.399999618530273 -26.535585403442383
v 106.54885864257812 15.199999809265137 -26.535585403442383
v 104.06748199462891 11.399999618530273 -26.535585403442383
v 104.06748199462891 15.199999809265137 -26.535585403442383
f 2322 2321 2323 2324
f 2324 2323 2325 2326
f 2326 2325 2327 2328
f 2328 2327 2321 2322
f 2327 2325 2323 2321
f 2328 2322 2324 2326
g object_292
v 104.06748199462891 11.399999618530273 -26.535585403442383
v 104.06748199462891 15.199999809265137 -26.535585403442383
v 106.54885864257812 11.399999618530273 -26.535585403442383
v 106.54885864257812 15.199999809265137 -26.535585403442383
v 106.54885864257812 11.399999618530273 -30.203191757202148
v 106.54885864257812 15.199999809265137 -30.203191757202148
v 104.06748199462891 11.399999618530273 -30.203191757202148
v 104.06748199462891 15.199999809265137 -30.203191757202148
f 2330 2329 2331 2332
f 2332 2331 2333 2334
f 2334 2333 2335 2336
f 2336 2335 2329 2330
f 2335 2333 2331 2329
f 2336 2330 2332 2334
g object_293
v 100.84730529785156 11.399999618530273 -26.535585403442383
v 100.84730529785156 15.199999809265137 -26.535585403442383
v 104.06748199462891 11.399999618530273 -26.535585403442383
v 104.06748199462891 15.199999809265137 -26.535585403442383
v 104.06748199462891 11.399999618530273 -30.203191757202148
v 104.06748199462891 15.199999809265137 -30.203191757202148
v 100.84730529785156 11.399999618530273 -30.203191757202148
v 100.84730529785156 15.199999809265137 -30.203191757202148
f 2339 2337 2343 2341
f 2344 2338 2340 2342
f 2337 2339 2340 2338
f 2339 2341 2342 2340
f 2341 2343 2344 2342
f 2343 2337 2338 2344
g object_294
v 97.62713623046875 11.399999618530273 -26.535585403442383
v 97.62713623046875 15.199999809265137 -26.535585403442383
v 100.84730529785156 11.399999618530273 -26.535585403442383
v 100.84730529785156 15.199999809265137 -26.535585403442383
v 100.84730529785156 11.399999618530273 -30.203191757202148
v 100.84730529785156 15.199999809265137 -30.203191757202148
v 97.62713623046875 11.399999618530273 -30.203191757202148
v 97.62713623046875 15.199999809265137 -30.203191757202148
f 2347 2345 2351 2349
f 2352 2346 2348 2350
f 2345 2347 2348 2346
f 2347 2349 2350 2348
f 2349 2351 2352 2350
f 2351 2345 2346 2352
g object_295
v 94.406959533691406 11.399999618530273 -26.535585403442383
v 94.406959533691406 15.199999809265137 -26.535585403442383
v 97.62713623046875 11.399999618530273 -26.535585403442383
v 97.62713623046875 15.199999809265137 -26.535585403442383
v 97.62713623046875 11.399999618530273 -30.203191757202148
v 97.62713623046875 15.199999809265137 -30.203191757202148
v 94.406959533691406 11.399999618530273 -30.203191757202148
v 94.406959533691406 15.199999809265137 -30.203191757202148
f 2355 2353 2359 2357
f 2360 2354 2356 2358
f 2353 2355 2356 2354
f 2355 2357 2358 2356
f 2357 2359 2360 2358
f 2359 2353 2354 2360
g object_296
v 91.186790466308594 11.399999618530273 -26.535585403442383
v 91.186790466308594 15.199999809265137 -26.535585403442383
v 94.406959533691406 11.399999618530273 -26.535585403442383
v 94.406959533691406 15.199999809265137 -26.535585403442383
v 94.406959533691406 11.399999618530273 -30.203191757202148
v 94.406959533691406 15.199999809265137 -30.203191757202148
v 91.186790466308594 11.399999618530273 -30.203191757202148
v 91.186790466308594 15.199999809265137 -30.203191757202148
f 2363 2361 2367 2365
f 2368 2362 2364 2366
f 2361 2363 2364 2362
f 2363 2365 2366 2364
f 2365 2367 2368 2366
f 2367 2361 2362 2368
g object_297
v 87.96661376953125 11.399999618530273 -26.535585403442383
v 87.96661376953125 15.199999809265137 -26.535585403442383
v 91.186790466308594 11.399999618530273 -26.535585403442383
v 91.186790466308594 15.199999809265137 -26.535585403442383
v 91.186790466308594 11.399999618530273 -30.203191757202148
v 91.186790466308594 15.199999809265137 -30.203191757202148
v 87.96661376953125 11.399999618530273 -30.203191757202148
v 87.96661376953125 15.199999809265137 -30.203191757202148
f 2371 2369 2375 2373
f 2376 2370 2372 2374
f 2369 2371 2372 2370
f 2371 2373 2374 2372
f 2373 2375 2376 2374
f 2375 2369 2370 2376
g object_298
v 84.746444702148438 11.399999618530273 -26.535585403442383
v 84.746444702148438 15.199999809265137 -26.535585403442383
v 87.96661376953125 11.399999618530273 -26.535585403442383
v 87.96661376953125 15.199999809265137 -26.535585403442383
v 87.96661376953125 11.399999618530273 -30.203191757202148
v 87.96661376953125 15.199999809265137 -30.203191757202148
v 84.746444702148438 11.399999618530273 -30.203191757202148
v 84.746444702148438 15.199999809265137 -30.203191757202148
f 2379 2377 2383 2381
f 2384 2378 2380 2382
f 2377 2379 2380 2378
f 2379 2381 2382 2380
f 2381 2383 2384 2382
f 2383 2377 2378 2384
g object_299
v 81.526268005371094 11.399999618530273 -26.535585403442383
v 81.526268005371094 15.199999809265137 -26.535585403442383
v 84.746444702148438 11.399999618530273 -26.535585403442383
v 84.746444702148438 15.199999809265137 -26.535585403442383
v 84.746444702148438 11.399999618530273 -30.203191757202148
v 84.746444702148438 15.199999809265137 -30.203191757202148
v 81.526268005371094 11.399999618530273 -30.203191757202148
v 81.526268005371094 15.199999809265137 -30.203191757202148
f 2387 2385 2391 2389
f 2392 2386 2388 2390
f 2385 2387 2388 2386
f 2387 2389 2390 2388
f 2389 2391 2392 2390
f 2391 2385 2386 2392
g object_300
v 78.306098937988281 11.399999618530273 -26.535585403442383
v 78.306098937988281 15.199999809265137 -26.535585403442383
v 81.526268005371094 11.399999618530273 -26.535585403442383
v 81.526268005371094 15.199999809265137 -26.535585403442383
v 81.526268005371094 11.399999618530273 -30.203191757202148
v 81.526268005371094 15.199999809265137 -30.203191757202148
v 78.306098937988281 11.399999618530273 -30.203191757202148
v 78.306098937988281 15.199999809265137 -30.203191757202148
f 2395 2393 2399 2397
f 2400 2394 2396 2398
f 2393 2395 2396 2394
f 2395 2397 2398 2396
f 2397 2399 2400 2398
f 2399 2393 2394 2400
g object_301
v 75.085922241210938 11.399999618530273 -26.535585403442383
v 75.085922241210938 15.199999809265137 -26.535585403442383
v 78.306098937988281 11.399999618530273 -26.535585403442383
v 78.306098937988281 15.199999809265137 -26.535585403442383
v 78.306098937988281 11.399999618530273 -30.203191757202148
v 78.306098937988281 15.199999809265137 -30.203191757202148
v 75.085922241210938 11.399999618530273 -30.203191757202148
v 75.085922241210938 15.199999809265137 -30.203191757202148
f 2403 2401 2407 2405
f 2408 2402 2404 2406
f 2401 2403 2404 2402
f 2403 2405 2406 2404
f 2405 2407 2408 2406
f 2407 2401 2402 2408
g object_302
v 71.865753173828125 11.399999618530273 -26.535585403442383
v 71.865753173828125 15.199999809265137 -26.535585403442383
v 75.085922241210938 11.399999618530273 -26.535585403442383
v 75.085922241210938 15.199999809265137 -26.535585403442383
v 75.085922241210938 11.399999618530273 -30.203191757202148
v 75.085922241210938 15.199999809265137 -30.203191757202148
v 71.865753173828125 11.399999618530273 -30.203191757202148
v 71.865753173828125 15.199999809265137 -30.203191757202148
f 2411 2409 2415 2413
f 2416 2410 2412 2414
f 2409 2411 2412 2410
f 2411 2413 2414 2412
f 2413 2415 2416 2414
f 2415 2409 2410 2416
g object_303
v 68.645576477050781 11.399999618530273 -26.535585403442383
v 68.645576477050781 15.199999809265137 -26.535585403442383
v 71.865753173828125 11.399999618530273 -26.535585403442383
v 71.865753173828125 15.199999809265137 -26.535585403442383
v 71.865753173828125 11.399999618530273 -30.203191757202148
v 71.865753173828125 15.199999809265137 -30.203191757202148
v 68.645576477050781 11.399999618530273 -30.203191757202148
v 68.645576477050781 15.199999809265137 -30.203191757202148
f 2419 2417 2423 2421
f 2424 2418 2420 2422
f 2417 2419 2420 2418
f 2419 2421 2422 2420
f 2421 2423 2424 2422
f 2423 2417 2418 2424
g object_304
v 65.425407409667969 11.399999618530273 -26.535585403442383
v 65.425407409667969 15.199999809265137 -26.535585403442383
v 68.645576477050781 11.399999618530273 -26.535585403442383
v 68.645576477050781 15.199999809265137 -26.535585403442383
v 68.645576477050781 11.399999618530273 -30.203191757202148
v 68.645576477050781 15.199999809265137 -30.203191757202148
v 65.425407409667969 11.399999618530273 -30.203191757202148
v 65.425407409667969 15.199999809265137 -30.203191757202148
f 2427 2425 2431 2429
f 2432 2426 2428 2430
f 2425 2427 2428 2426
f 2427 2429 2430 2428
f 2429 2431 2432 2430
f 2431 2425 2426 2432
g object_305
v 62.205230712890625 11.399999618530273 -26.535585403442383
v 62.205230712890625 15.199999809265137 -26.535585403442383
v 65.425407409667969 11.399999618530273 -26.535585403442383
v 65.425407409667969 15.199999809265137 -26.535585403442383
v 65.425407409667969 11.399999618530273 -30.203191757202148
v 65.425407409667969 15.199999809265137 -30.203191757202148
v 62.205230712890625 11.399999618530273 -30.203191757202148
v 62.205230712890625 15.199999809265137 -30.203191757202148
f 2435 2433 2439 2437
f 2440 2434 2436 2438
f 2433 2435 2436 2434
f 2435 2437 2438 2436
f 2437 2439 2440 2438
f 2439 2433 2434 2440
g object_306
v 58.985057830810547 11.399999618530273 -26.535585403442383
v 58.985057830810547 15.199999809265137 -26.535585403442383
v 62.205230712890625 11.399999618530273 -26.535585403442383
v 62.205230712890625 15.199999809265137 -26.535585403442383
v 62.205230712890625 11.399999618530273 -30.203191757202148
v 62.205230712890625 15.199999809265137 -30.203191757202148
v 58.985057830810547 11.399999618530273 -30.203191757202148
v 58.985057830810547 15.199999809265137 -30.203191757202148
f 2443 2441 2447 2445
f 2448 2442 2444 2446
f 2441 2443 2444 2442
f 2443 2445 2446 2444
f 2445 2447 2448 2446
f 2447 2441 2442 2448
g object_307
v 100.84730529785156 11.399999618530273 -22.867979049682617
v 100.84730529785156 15.199999809265137 -22.867979049682617
v 104.06748199462891 11.399999618530273 -22.867979049682617
v 104.06748199462891 15.199999809265137 -22.867979049682617
v 104.06748199462891 11.399999618530273 -26.535585403442383
v 104.06748199462891 15.199999809265137 -26.535585403442383
v 100.84730529785156 11.399999618530273 -26.535585403442383
v 100.84730529785156 15.199999809265137 -26.535585403442383
f 2451 2449 2455 2453
f 2456 2450 2452 2454
f 2449 2451 2452 2450
f 2451 2453 2454 2452
f 2453 2455 2456 2454
f 2455 2449 2450 2456
g object_308
v 97.62713623046875 11.399999618530273 -22.867979049682617
v 97.62713623046875 15.199999809265137 -22.867979049682617
v 100.84730529785156 11.399999618530273 -22.867979049682617
v 100.84730529785156 15.199999809265137 -22.867979049682617
v 100.84730529785156 11.399999618530273 -26.535585403442383
v 100.84730529785156 15.199999809265137 -26.535585403442383
v 97.62713623046875 11.399999618530273 -26.535585403442383
v 97.62713623046875 15.199999809265137 -26.535585403442383
f 2459 2457 2463 2461
f 2464 2458 2460 2462
f 2457 2459 2460 2458
f 2459 2461 2462 2460
f 2461 2463 2464 2462
f 2463 2457 2458 2464
g object_309
v 94.406959533691406 11.399999618530273 -22.867979049682617
v 94.406959533691406 15.199999809265137 -22.867979049682617
v 97.62713623046875 11.399999618530273 -22.867979049682617
v 97.62713623046875 15.199999809265137 -22.867979049682617
v 97.62713623046875 11.399999618530273 -26.535585403442383
v 97.62713623046875 15.199999809265137 -26.535585403442383
v 94.406959533691406 11.399999618530273 -26.535585403442383
v 94.406959533691406 15.199999809265137 -26.535585403442383
f 2467 2465 2471 2469
f 2472 2466 2468 2470
f 2465 2467 2468 2466
f 2467 2469 2470 2468
f 2469 2471 2472 2470
f 2471 2465 2466 2472
g object_310
v 91.186790466308594 11.399999618530273 -22.867979049682617
v 91.186790466308594 15.199999809265137 -22.867979049682617
v 94.406959533691406 11.399999618530273 -22.867979049682617
v 94.406959533691406 15.199999809265137 -22.867979049682617
v 94.406959533691406 11.399999618530273 -26.535585403442383
v 94.406959533691406 15.199999809265137 -26.535585403442383
v 91.186790466308594 11.399999618530273 -26.535585403442383
v 91.186790466308594 15.199999809265137 -26.535585403442383
f 2475 2473 2479 2477
f 2480 2474 2476 2478
f 2473 2475 2476 2474
f 2475 2477 2478 2476
f 2477 2479 2480 2478
f 2479 2473 2474 2480
g object_311
v 87.96661376953125 11.399999618530273 -22.867979049682617
v 87.96661376953125 15.199999809265137 -22.867979049682617
v 91.186790466308594 11.399999618530273 -22.867979049682617
v 91.186790466308594 15.199999809265137 -22.867979049682617
v 91.186790466308594 11.399999618530273 -26.535585403442383
v 91.186790466308594 15.199999809265137 -26.535585403442383
v 87.96661376953125 11.399999618530273 -26.535585403442383
v 87.96661376953125 15.199999809265137 -26.535585403442383
f 2483 2481 2487 2485
f 2488 2482 2484 2486
f 2481 2483 2484 2482
f 2483 2485 2486 2484
f 2485 2487 2488 2486
f 2487 2481 2482 2488
g object_312
v 84.746444702148438 11.399999618530273 -22.867979049682617
v 84.746444702148438 15.199999809265137 -22.867979049682617
v 87.96661376953125 11.399999618530273 -22.867979049682617
v 87.96661376953125 15.199999809265137 -22.867979049682617
v 87.96661376953125 11.399999618530273 -26.535585403442383
v 87.96661376953125 15.199999809265137 -26.535585403442383
v 84.746444702148438 11.399999618530273 -26.535585403442383
v 84.746444702148438 15.199999809265137 -26.535585403442383
f 2491 2489 2495 2493
f 2496 2490 2492 2494
f 2489 2491 2492 2490
f 2491 2493 2494 2492
f 2493 2495 2496 2494
f 2495 2489 2490 2496
g object_313
v 81.526268005371094 11.399999618530273 -22.867979049682617
v 81.526268005371094 15.199999809265137 -22.867979049682617
v 84.746444702148438 11.399999618530273 -22.867979049682617
v 84.746444702148438 15.199999809265137 -22.867979049682617
v 84.746444702148438 11.399999618530273 -26.535585403442383
v 84.746444702148438 15.199999809265137 -26.535585403442383
v 81.526268005371094 11.399999618530273 -26.535585403442383
v 81.526268005371094 15.199999809265137 -26.535585403442383
f 2499 2497 2503 2501
f 2504 2498 2500 2502
f 2497 2499 2500 2498
f 2499 2501 2502 2500
f 2501 2503 2504 2502
f 2503 2497 2498 2504
g object_314
v 78.306098937988281 11.399999618530273 -22.867979049682617
v 78.306098937988281 15.199999809265137 -22.867979049682617
v 81.526268005371094 11.399999618530273 -22.867979049682617
v 81.526268005371094 15.199999809265137 -22.867979049682617
v 81.526268005371094 11.399999618530273 -26.535585403442383
v 81.526268005371094 15.199999809265137 -26.535585403442383
v 78.306098937988281 11.399999618530273 -26.535585403442383
v 78.306098937988281 15.199999809265137 -26.535585403442383
f 2507 2505 2511 2509
f 2512 2506 2508 2510
f 2505 2507 2508 2506
f 2507 2509 2510 2508
f 2509 2511 2512 2510
f 2511 2505 2506 2512
g object_315
v 75.085922241210938 11.399999618530273 -22.867979049682617
v 75.085922241210938 15.199999809265137 -22.867979049682617
v 78.306098937988281 11.399999618530273 -22.867979049682617
v 78.306098937988281 15.199999809265137 -22.867979049682617
v 78.306098937988281 11.399999618530273 -26.535585403442383
v 78.306098937988281 15.199999809265137 -26.535585403442383
v 75.085922241210938 11.399999618530273 -26.535585403442383
v 75.085922241210938 15.199999809265137 -26.535585403442383
f 2515 2513 2519 2517
f 2520 2514 2516 2518
f 2513 2515 2516 2514
f 2515 2517 2518 2516
f 2517 2519 2520 2518
f 2519 2513 2514 2520
g object_316
v 71.865753173828125 11.399999618530273 -22.867979049682617
v 71.865753173828125 15.199999809265137 -22.867979049682617
v 75.085922241210938 11.399999618530273 -22.867979049682617
v 75.085922241210938 15.199999809265137 -22.867979049682617
v 75.085922241210938 11.399999618530273 -26.535585403442383
v 75.085922241210938 15.199999809265137 -26.535585403442383
v 71.865753173828125 11.399999618530273 -26.535585403442383
v 71.865753173828125 15.199999809265137 -26.535585403442383
f 2523 2521 2527 2525
f 2528 2522 2524 2526
f 2521 2523 2524 2522
f 2523 2525 2526 2524
f 2525 2527 2528 2526
f 2527 2521 2522 2528
g object_317
v 68.645576477050781 11.399999618530273 -22.867979049682617
v 68.645576477050781 15.199999809265137 -22.867979049682617
v 71.865753173828125 11.399999618530273 -22.867979049682617
v 71.865753173828125 15.199999809265137 -22.867979049682617
v 71.865753173828125 11.399999618530273 -26.535585403442383
v 71.865753173828125 15.199999809265137 -26.535585403442383
v 68.645576477050781 11.399999618530273 -26.535585403442383
v 68.645576477050781 15.199999809265137 -26.535585403442383
f 2531 2529 2535 2533
f 2536 2530 2532 2534
f 2529 2531 2532 2530
f 2531 2533 2534 2532
f 2533 2535 2536 2534
f 2535 2529 2530 2536
g object_318
v 65.425407409667969 11.399999618530273 -22.867979049682617
v 65.425407409667969 15.199999809265137 -22.867979049682617
v 68.645576477050781 11.399999618530273 -22.867979049682617
v 68.645576477050781 15.199999809265137 -22.867979049682617
v 68.645576477050781 11.399999618530273 -26.535585403442383
v 68.645576477050781 15.199999809265137 -26.535585403442383
v 65.425407409667969 11.399999618530273 -26.535585403442383
v 65.425407409667969 15.199999809265137 -26.535585403442383
f 2539 2537 2543 2541
f 2544 2538 2540 2542
f 2537 2539 2540 2538
f 2539 2541 2542 2540
f 2541 2543 2544 2542
f 2543 2537 2538 2544
g object_319
v 62.205230712890625 11.399999618530273 -22.867979049682617
v 62.205230712890625 15.199999809265137 -22.867979049682617
v 65.425407409667969 11.399999618530273 -22.867979049682617
v 65.425407409667969 15.199999809265137 -22.867979049682617
v 65.425407409667969 11.399999618530273 -26.535585403442383
v 65.425407409667969 15.199999809265137 -26.535585403442383
v 62.205230712890625 11.399999618530273 -26.535585403442383
v 62.205230712890625 15.199999809265137 -26.535585403442383
f 2547 2545 2551 2549
f 2552 2546 2548 2550
f 2545 2547 2548 2546
f 2547 2549 2550 2548
f 2549 2551 2552 2550
f 2551 2545 2546 2552
g object_320
v 58.985057830810547 11.399999618530273 -22.867979049682617
v 58.985057830810547 15.199999809265137 -22.867979049682617
v 62.205230712890625 11.399999618530273 -22.867979049682617
v 62.205230712890625 15.199999809265137 -22.867979049682617
v 62.205230712890625 11.399999618530273 -26.535585403442383
v 62.205230712890625 15.199999809265137 -26.535585403442383
v 58.985057830810547 11.399999618530273 -26.535585403442383
v 58.985057830810547 15.199999809265137 -26.535585403442383
f 2555 2553 2559 2557
f 2560 2554 2556 2558
f 2553 2555 2556 2554
f 2555 2557 2558 2556
f 2557 2559 2560 2558
f 2559 2553 2554 2560
g object_321
v 100.84730529785156 11.399999618530273 -19.200370788574219
v 100.84730529785156 15.199999809265137 -19.200370788574219
v 104.06748199462891 11.399999618530273 -19.200370788574219
v 104.06748199462891 15.199999809265137 -19.200370788574219
v 104.06748199462891 11.399999618530273 -22.867979049682617
v 104.06748199462891 15.199999809265137 -22.867979049682617
v 100.84730529785156 11.399999618530273 -22.867979049682617
v 100.84730529785156 15.199999809265137 -22.867979049682617
f 2563 2561 2567 2565
f 2568 2562 2564 2566
f 2561 2563 2564 2562
f 2563 2565 2566 2564
f 2565 2567 2568 2566
f 2567 2561 2562 2568
g object_322
v 97.62713623046875 11.399999618530273 -19.200370788574219
v 97.62713623046875 15.199999809265137 -19.200370788574219
v 100.84730529785156 11.399999618530273 -19.200370788574219
v 100.84730529785156 15.199999809265137 -19.200370788574219
v 100.84730529785156 11.399999618530273 -22.867979049682617
v 100.84730529785156 15.199999809265137 -22.867979049682617
v 97.62713623046875 11.399999618530273 -22.867979049682617
v 97.62713623046875 15.199999809265137 -22.867979049682617
f 2571 2569 2575 2573
f 2576 2570 2572 2574
f 2569 2571 2572 2570
f 2571 2573 2574 2572
f 2573 2575 2576 2574
f 2575 2569 2570 2576
g object_323
v 94.406959533691406 11.399999618530273 -19.200370788574219
v 94.406959533691406 15.199999809265137 -19.200370788574219
v 97.62713623046875 11.399999618530273 -19.200370788574219
v 97.62713623046875 15.199999809265137 -19.200370788574219
v 97.62713623046875 11.399999618530273 -22.867979049682617
v 97.62713623046875 15.199999809265137 -22.867979049682617
v 94.406959533691406 11.399999618530273 -22.867979049682617
v 94.406959533691406 15.199999809265137 -22.867979049682617
f 2579 2577 2583 2581
f 2584 2578 2580 2582
f 2577 2579 2580 2578
f 2579 2581 2582 2580
f 2581 2583 2584 2582
f 2583 2577 2578 2584
g object_324
v 91.186790466308594 11.399999618530273 -19.200370788574219
v 91.186790466308594 15.199999809265137 -19.200370788574219
v 94.406959533691406 11.399999618530273 -19.200370788574219
v 94.406959533691406 15.199999809265137 -19.200370788574219
v 94.406959533691406 11.399999618530273 -22.867979049682617
v 94.406959533691406 15.199999809265137 -22.867979049682617
v 91.186790466308594 11.399999618530273 -22.867979049682617
v 91.186790466308594 15.199999809265137 -22.867979049682617
f 2587 2585 2591 2589
f 2592 2586 2588 2590
f 2585 2587 2588 2586
f 2587 2589 2590 2588
f 2589 2591 2592 2590
f 2591 2585 2586 2592
g object_325
v 87.96661376953125 11.399999618530273 -19.200370788574219
v 87.96661376953125 15.199999809265137 -19.200370788574219
v 91.186790466308594 11.399999618530273 -19.200370788574219
v 91.186790466308594 15.199999809265137 -19.200370788574219
v 91.186790466308594 11.399999618530273 -22.867979049682617
v 91.186790466308594 15.199999809265137 -22.867979049682617
v 87.96661376953125 11.399999618530273 -22.867979049682617
v 87.96661376953125 15.199999809265137 -22.867979049682617
f 2595 2593 2599 2597
f 2600 2594 2596 2598
f 2593 2595 2596 2594
f 2595 2597 2598 2596
f 2597 2599 2600 2598
f 2599 2593 2594 2600
g object_326
v 84.746444702148438 11.399999618530273 -19.200370788574219
v 84.746444702148438 15.199999809265137 -19.200370788574219
v 87.96661376953125 11.399999618530273 -19.200370788574219
v 87.96661376953125 15.199999809265137 -19.200370788574219
v 87.96661376953125 11.399999618530273 -22.867979049682617
v 87.96661376953125 15.199999809265137 -22.867979049682617
v 84.746444702148438 11.399999618530273 -22.867979049682617
v 84.746444702148438 15.199999809265137 -22.867979049682617
f 2603 2601 2607 2605
f 2608 2602 2604 2606
f 2601 2603 2604 2602
f 2603 2605 2606 2604
f 2605 2607 2608 2606
f 2607 2601 2602 2608
g object_327
v 81.526268005371094 11.399999618530273 -19.200370788574219
v 81.526268005371094 15.199999809265137 -19.200370788574219
v 84.746444702148438 11.399999618530273 -19.200370788574219
v 84.746444702148438 15.199999809265137 -19.200370788574219
v 84.746444702148438 11.399999618530273 -22.867979049682617
v 84.746444702148438 15.199999809265137 -22.867979049682617
v 81.526268005371094 11.399999618530273 -22.867979049682617
v 81.526268005371094 15.199999809265137 -22.867979049682617
f 2611 2609 2615 2613
f 2616 2610 2612 2614
f 2609 2611 2612 2610
f 2611 2613 2614 2612
f 2613 2615 2616 2614
f 2615 2609 2610 2616
g object_328
v 78.306098937988281 11.399999618530273 -19.200370788574219
v 78.306098937988281 15.199999809265137 -19.200370788574219
v 81.526268005371094 11.399999618530273 -19.200370788574219
v 81.526268005371094 15.199999809265137 -19.200370788574219
v 81.526268005371094 11.399999618530273 -22.867979049682617
v 81.526268005371094 15.199999809265137 -22.867979049682617
v 78.306098937988281 11.399999618530273 -22.867979049682617
v 78.306098937988281 15.199999809265137 -22.867979049682617
f 2619 2617 2623 2621
f 2624 2618 2620 2622
f 2617 2619 2620 2618
f 2619 2621 2622 2620
f 2621 2623 2624 2622
f 2623 2617 2618 2624
g object_329
v 75.085922241210938 11.399999618530273 -19.200370788574219
v 75.085922241210938 15.199999809265137 -19.200370788574219
v 78.306098937988281 11.399999618530273 -19.200370788574219
v 78.306098937988281 15.199999809265137 -19.200370788574219
v 78.306098937988281 11.399999618530273 -22.867979049682617
v 78.306098937988281 15.199999809265137 -22.867979049682617
v 75.085922241210938 11.399999618530273 -22.867979049682617
v 75.085922241210938 15.199999809265137 -22.867979049682617
f 2627 2625 2631 2629
f 2632 2626 2628 2630
f 2625 2627 2628 2626
f 2627 2629 2630 2628
f 2629 2631 2632 2630
f 2631 2625 2626 2632
g object_330
v 71.865753173828125 11.399999618530273 -19.200370788574219
v 71.865753173828125 15.199999809265137 -19.200370788574219
v 75.085922241210938 11.399999618530273 -19.200370788574219
v 75.085922241210938 15.199999809265137 -19.200370788574219
v 75.085922241210938 11.399999618530273 -22.867979049682617
v 75.085922241210938 15.199999809265137 -22.867979049682617
v 71.865753173828125 11.399999618530273 -22.867979049682617
v 71.865753173828125 15.199999809265137 -22.867979049682617
f 2635 2633 2639 2637
f 2640 2634 2636 2638
f 2633 2635 2636 2634
f 2635 2637 2638 2636
f 2637 2639 2640 2638
f 2639 2633 2634 2640
g object_331
v 68.645576477050781 11.399999618530273 -19.200370788574219
v 68.645576477050781 15.199999809265137 -19.200370788574219
v 71.865753173828125 11.399999618530273 -19.200370788574219
v 71.865753173828125 15.199999809265137 -19.200370788574219
v 71.865753173828125 11.399999618530273 -22.867979049682617
v 71.865753173828125 15.199999809265137 -22.867979049682617
v 68.645576477050781 11.399999618530273 -22.867979049682617
v 68.645576477050781 15.199999809265137 -22.867979049682617
f 2643 2641 2647 2645
f 2648 2642 2644 2646
f 2641 2643 2644 2642
f 2643 2645 2646 2644
f 2645 2647 2648 2646
f 2647 2641 2642 2648
g object_332
v 65.425407409667969 11.399999618530273 -19.200370788574219
v 65.425407409667969 15.199999809265137 -19.200370788574219
v 68.645576477050781 11.399999618530273 -19.200370788574219
v 68.645576477050781 15.199999809265137 -19.200370788574219
v 68.645576477050781 11.399999618530273 -22.867979049682617
v 68.645576477050781 15.199999809265137 -22.867979049682617
v 65.425407409667969 11.399999618530273 -22.867979049682617
v 65.425407409667969 15.199999809265137 -22.867979049682617
f 2651 2649 2655 2653
f 2656 2650 2652 2654
f 2649 2651 2652 2650
f 2651 2653 2654 2652
f 2653 2655 2656 2654
f 2655 2649 2650 2656
g object_333
v 62.205230712890625 11.399999618530273 -19.200370788574219
v 62.205230712890625 15.199999809265137 -19.200370788574219
v 65.425407409667969 11.399999618530273 -19.200370788574219
v 65.425407409667969 15.199999809265137 -19.200370788574219
v 65.425407409667969 11.399999618530273 -22.867979049682617
v 65.425407409667969 15.199999809265137 -22.867979049682617
v 62.205230712890625 11.399999618530273 -22.867979049682617
v 62.205230712890625 15.199999809265137 -22.867979049682617
f 2659 2657 2663 2661
f 2664 2658 2660 2662
f 2657 2659 2660 2658
f 2659 2661 2662 2660
f 2661 2663 2664 2662
f 2663 2657 2658 2664
g object_334
v 58.985057830810547 11.399999618530273 -19.200370788574219
v 58.985057830810547 15.199999809265137 -19.200370788574219
v 62.205230712890625 11.399999618530273 -19.200370788574219
v 62.205230712890625 15.199999809265137 -19.200370788574219
v 62.205230712890625 11.399999618530273 -22.867979049682617
v 62.205230712890625 15.199999809265137 -22.867979049682617
v 58.985057830810547 11.399999618530273 -22.867979049682617
v 58.985057830810547 15.199999809265137 -22.867979049682617
f 2667 2665 2671 2669
f 2672 2666 2668 2670
f 2665 2667 2668 2666
f 2667 2669 2670 2668
f 2669 2671 2672 2670
f 2671 2665 2666 2672
g object_335
v 100.84730529785156 7.5999999046325684 -26.535585403442383
v 100.84730529785156 11.399999618530273 -26.535585403442383
v 104.06748199462891 7.5999999046325684 -26.535585403442383
v 104.06748199462891 11.399999618530273 -26.535585403442383
v 104.06748199462891 7.5999999046325684 -30.203191757202148
v 104.06748199462891 11.399999618530273 -30.203191757202148
v 100.84730529785156 7.5999999046325684 -30.203191757202148
v 100.84730529785156 11.399999618530273 -30.203191757202148
f 2675 2673 2679 2677
f 2680 2674 2676 2678
f 2673 2675 2676 2674
f 2675 2677 2678 2676
f 2677 2679 2680 2678
f 2679 2673 2674 2680
g object_336
v 97.62713623046875 7.5999999046325684 -26.535585403442383
v 97.62713623046875 11.399999618530273 -26.535585403442383
v 100.84730529785156 7.5999999046325684 -26.535585403442383
v 100.84730529785156 11.399999618530273 -26.535585403442383
v 100.84730529785156 7.5999999046325684 -30.203191757202148
v 100.84730529785156 11.399999618530273 -30.203191757202148
v 97.62713623046875 7.5999999046325684 -30.203191757202148
v 97.62713623046875 11.399999618530273 -30.203191757202148
f 2683 2681 2687 2685
f 2688 2682 2684 2686
f 2681 2683 2684 2682
f 2683 2685 2686 2684
f 2685 2687 2688 2686
f 2687 2681 2682 2688
g object_337
v 94.406959533691406 7.5999999046325684 -26.535585403442383
v 94.406959533691406 11.399999618530273 -26.535585403442383
v 97.62713623046875 7.5999999046325684 -26.535585403442383
v 97.62713623046875 11.399999618530273 -26.535585403442383
v 97.62713623046875 7.5999999046325684 -30.203191757202148
v 97.62713623046875 11.399999618530273 -30.203191757202148
v 94.406959533691406 7.5999999046325684 -30.203191757202148
v 94.406959533691406 11.399999618530273 -30.203191757202148
f 2691 2689 2695 2693
f 2696 2690 2692 2694
f 2689 2691 2692 2690
f 2691 2693 2694 2692
f 2693 2695 2696 2694
f 2695 2689 2690 2696
g object_338
v 91.186790466308594 7.5999999046325684 -26.535585403442383
v 91.186790466308594 11.399999618530273 -26.535585403442383
v 94.406959533691406 7.5999999046325684 -26.535585403442383
v 94.406959533691406 11.399999618530273 -26.535585403442383
v 94.406959533691406 7.5999999046325684 -30.203191757202148
v 94.406959533691406 11.399999618530273 -30.203191757202148
v 91.186790466308594 7.5999999046325684 -30.203191757202148
v 91.186790466308594 11.399999618530273 -30.203191757202148
f 2699 2697 2703 2701
f 2704 2698 2700 2702
f 2697 2699 2700 2698
f 2699 2701 2702 2700
f 2701 2703 2704 2702
f 2703 2697 2698 2704
g object_339
v 87.96661376953125 7.5999999046325684 -26.535585403442383
v 87.96661376953125 11.399999618530273 -26.535585403442383
v 91.186790466308594 7.5999999046325684 -26.535585403442383
v 91.186790466308594 11.399999618530273 -26.535585403442383
v 91.186790466308594 7.5999999046325684 -30.203191757202148
v 91.186790466308594 11.399999618530273 -30.203191757202148
v 87.96661376953125 7.5999999046325684 -30.203191757202148
v 87.96661376953125 11.399999618530273 -30.203191757202148
f 2707 2705 2711 2709
f 2712 2706 2708 2710
f 2705 2707 2708 2706
f 2707 2709 2710 2708
f 2709 2711 2712 2710
f 2711 2705 2706 2712
g object_340
v 84.746444702148438 7.5999999046325684 -26.535585403442383
v 84.746444702148438 11.399999618530273 -26.535585403442383
v 87.96661376953125 7.5999999046325684 -26.535585403442383
v 87.96661376953125 11.399999618530273 -26.535585403442383
v 87.96661376953125 7.5999999046325684 -30.203191757202148
v 87.96661376953125 11.399999618530273 -30.203191757202148
v 84.746444702148438 7.5999999046325684 -30.203191757202148
v 84.746444702148438 11.399999618530273 -30.203191757202148
f 2715 2713 2719 2717
f 2720 2714 2716 2718
f 2713 2715 2716 2714
f 2715 2717 2718 2716
f 2717 2719 2720 2718
f 2719 2713 2714 2720
g object_341
v 81.526268005371094 7.5999999046325684 -26.535585403442383
v 81.526268005371094 11.399999618530273 -26.535585403442383
v 84.746444702148438 7.5999999046325684 -26.535585403442383
v 84.746444702148438 11.399999618530273 -26.535585403442383
v 84.746444702148438 7.5999999046325684 -30.203191757202148
v 84.746444702148438 11.399999618530273 -30.203191757202148
v 81.526268005371094 7.5999999046325684 -30.203191757202148
v 81.526268005371094 11.399999618530273 -30.203191757202148
f 2723 2721 2727 2725
f 2728 2722 2724 2726
f 2721 2723 2724 2722
f 2723 2725 2726 2724
f 2725 2727 2728 2726
f 2727 2721 2722 2728
g object_342
v 78.306098937988281 7.5999999046325684 -26.535585403442383
v 78.306098937988281 11.399999618530273 -26.535585403442383
v 81.526268005371094 7.5999999046325684 -26.535585403442383
v 81.526268005371094 11.399999618530273 -26.535585403442383
v 81.526268005371094 7.5999999046325684 -30.203191757202148
v 81.526268005371094 11.399999618530273 -30.203191757202148
v 78.306098937988281 7.5999999046325684 -30.203191757202148
v 78.306098937988281 11.399999618530273 -30.203191757202148
f 2731 2729 2735 2733
f 2736 2730 2732 2734
f 2729 2731 2732 2730
f 2731 2733 2734 2732
f 2733 2735 2736 2734
f 2735 2729 2730 2736
g object_343
v 75.085922241210938 7.5999999046325684 -26.535585403442383
v 75.085922241210938 11.399999618530273 -26.535585403442383
v 78.306098937988281 7.5999999046325684 -26.535585403442383
v 78.306098937988281 11.399999618530273 -26.535585403442383
v 78.306098937988281 7.5999999046325684 -30.203191757202148
v 78.306098937988281 11.399999618530273 -30.203191757202148
v 75.085922241210938 7.5999999046325684 -30.203191757202148
v 75.085922241210938 11.399999618530273 -30.203191757202148
f 2739 2737 2743 2741
f 2744 2738 2740 2742
f 2737 2739 2740 2738
f 2739 2741 2742 2740
f 2741 2743 2744 2742
f 2743 2737 2738 2744
g object_344
v 71.865753173828125 7.5999999046325684 -26.535585403442383
v 71.865753173828125 11.399999618530273 -26.535585403442383
v 75.085922241210938 7.5999999046325684 -26.535585403442383
v 75.085922241210938 11.399999618530273 -26.535585403442383
v 75.085922241210938 7.5999999046325684 -30.203191757202148
v 75.085922241210938 11.399999618530273 -30.203191757202148
v 71.865753173828125 7.5999999046325684 -30.203191757202148
v 71.865753173828125 11.399999618530273 -30.203191757202148
f 2747 2745 2751 2749
f 2752 2746 2748 2750
f 2745 2747 2748 2746
f 2747 2749 2750 2748
f 2749 2751 2752 2750
f 2751 2745 2746 2752
g object_345
v 68.645576477050781 7.5999999046325684 -26.535585403442383
v 68.645576477050781 11.399999618530273 -26.535585403442383
v 71.865753173828125 7.5999999046325684 -26.535585403442383
v 71.865753173828125 11.399999618530273 -26.535585403442383
v 71.865753173828125 7.5999999046325684 -30.203191757202148
v 71.865753173828125 11.399999618530273 -30.203191757202148
v 68.645576477050781 7.5999999046325684 -30.203191757202148
v 68.645576477050781 11.399999618530273 -30.203191757202148
f 2755 2753 2759 2757
f 2760 2754 2756 2758
f 2753 2755 2756 2754
f 2755 2757 2758 2756
f 2757 2759 2760 2758
f 2759 2753 2754 2760
g object_346
v 65.425407409667969 7.5999999046325684 -26.535585403442383
v 65.425407409667969 11.399999618530273 -26.535585403442383
v 68.645576477050781 7.5999999046325684 -26.535585403442383
v 68.645576477050781 11.399999618530273 -26.535585403442383
v 68.645576477050781 7.5999999046325684 -30.203191757202148
v 68.645576477050781 11.399999618530273 -30.203191757202148
v 65.425407409667969 7.5999999046325684 -30.203191757202148
v 65.425407409667969 11.399999618530273 -30.203191757202148
f 2763 2761 2767 2765
f 2768 2762 2764 2766
f 2761 2763 2764 2762
f 2763 2765 2766 2764
f 2765 2767 2768 2766
f 2767 2761 2762 2768
g object_347
v 62.205230712890625 7.5999999046325684 -26.535585403442383
v 62.205230712890625 11.399999618530273 -26.535585403442383
v 65.425407409667969 7.5999999046325684 -26.535585403442383
v 65.425407409667969 11.399999618530273 -26.535585403442383
v 65.425407409667969 7.5999999046325684 -30.203191757202148
v 65.425407409667969 11.399999618530273 -30.203191757202148
v 62.205230712890625 7.5999999046325684 -30.203191757202148
v 62.205230712890625 11.399999618530273 -30.203191757202148
f 2771 2769 2775 2773
f 2776 2770 2772 2774
f 2769 2771 2772 2770
f 2771 2773 2774 2772
f 2773 2775 2776 2774
f 2775 2769 2770 2776
g object_348
v 58.985057830810547 7.5999999046325684 -26.535585403442383
v 58.985057830810547 11.399999618530273 -26.535585403442383
v 62.205230712890625 7.5999999046325684 -26.535585403442383
v 62.205230712890625 11.399999618530273 -26.535585403442383
v 62.205230712890625 7.5999999046325684 -30.203191757202148
v 62.205230712890625 11.399999618530273 -30.203191757202148
v 58.985057830810547 7.5999999046325684 -30.203191757202148
v 58.985057830810547 11.399999618530273 -30.203191757202148
f 2779 2777 2783 2781
f 2784 2778 2780 2782
f 2777 2779 2780 2778
f 2779 2781 2782 2780
f 2781 2783 2784 2782
f 2783 2777 2778 2784
g object_349
v 100.84730529785156 7.5999999046325684 -22.867979049682617
v 100.84730529785156 11.399999618530273 -22.867979049682617
v 104.06748199462891 7.5999999046325684 -22.867979049682617
v 104.06748199462891 11.399999618530273 -22.867979049682617
v 104.06748199462891 7.5999999046325684 -26.535585403442383
v 104.06748199462891 11.399999618530273 -26.535585403442383
v 100.84730529785156 7.5999999046325684 -26.535585403442383
v 100.84730529785156 11.399999618530273 -26.535585403442383
f 2787 2785 2791 2789
f 2792 2786 2788 2790
f 2785 2787 2788 2786
f 2787 2789 2790 2788
f 2789 2791 2792 2790
f 2791 2785 2786 2792
g object_350
v 97.62713623046875 7.5999999046325684 -22.867979049682617
v 97.62713623046875 11.399999618530273 -22.867979049682617
v 100.84730529785156 7.5999999046325684 -22.867979049682617
v 100.84730529785156 11.399999618530273 -22.867979049682617
v 100.84730529785156 7.5999999046325684 -26.535585403442383
v 100.84730529785156 11.399999618530273 -26.535585403442383
v 97.62713623046875 7.5999999046325684 -26.535585403442383
v 97.62713623046875 11.399999618530273 -26.535585403442383
f 2795 2793 2799 2797
f 2800 2794 2796 2798
f 2793 2795 2796 2794
f 2795 2797 2798 2796
f 2797 2799 2800 2798
f 2799 2793 2794 2800
g object_351
v 94.406959533691406 7.5999999046325684 -22.867979049682617
v 94.406959533691406 11.399999618530273 -22.867979049682617
v 97.62713623046875 7.5999999046325684 -22.867979049682617
v 97.62713623046875 11.399999618530273 -22.867979049682617
v 97.62713623046875 7.5999999046325684 -26.535585403442383
v 97.62713623046875 11.399999618530273 -26.535585403442383
v 94.406959533691406 7.5999999046325684 -26.535585403442383
v 94.406959533691406 11.399999618530273 -26.535585403442383
f 2803 2801 2807 2805
f 2808 2802 2804 2806
f 2801 2803 2804 2802
f 2803 2805 2806 2804
f 2805 2807 2808 2806
f 2807 2801 2802 2808
g object_352
v 91.186790466308594 7.5999999046325684 -22.867979049682617
v 91.186790466308594 11.399999618530273 -22.867979049682617
v 94.406959533691406 7.5999999046325684 -22.867979049682617
v 94.406959533691406 11.399999618530273 -22.867979049682617
v 94.406959533691406 7.5999999046325684 -26.535585403442383
v 94.406959533691406 11.399999618530273 -26.535585403442383
v 91.186790466308594 7.5999999046325684 -26.535585403442383
v 91.186790466308594 11.399999618530273 -26.535585403442383
f 2811 2809 2815 2813
f 2816 2810 2812 2814
f 2809 2811 2812 2810
f 2811 2813 2814 2812
f 2813 2815 2816 2814
f 2815 2809 2810 2816
g object_353
v 87.96661376953125 7.5999999046325684 -22.867979049682617
v 87.96661376953125 11.399999618530273 -22.867979049682617
v 91.186790466308594 7.5999999046325684 -22.867979049682617
v 91.186790466308594 11.399999618530273 -22.867979049682617
v 91.186790466308594 7.5999999046325684 -26.535585403442383
v 91.186790466308594 11.399999618530273 -26.535585403442383
v 87.96661376953125 7.5999999046325684 -26.535585403442383
v 87.96661376953125 11.399999618530273 -26.535585403442383
f 2819 2817 2823 2821
f 2824 2818 2820 2822
f 2817 2819 2820 2818
f 2819 2821 2822 2820
f 2821 2823 2824 2822
f 2823 2817 2818 2824
g object_354
v 84.746444702148438 7.5999999046325684 -22.867979049682617
v 84.746444702148438 11.399999618530273 -22.867979049682617
v 87.96661376953125 7.5999999046325684 -22.867979049682617
v 87.96661376953125 11.399999618530273 -22.867979049682617
v 87.96661376953125 7.5999999046325684 -26.535585403442383
v 87.96661376953125 11.399999618530273 -26.535585403442383
v 84.746444702148438 7.5999999046325684 -26.535585403442383
v 84.746444702148438 11.399999618530273 -26.535585403442383
f 2827 2825 2831 2829
f 2832 2826 2828 2830
f 2825 2827 2828 2826
f 2827 2829 2830 2828
f 2829 2831 2832 2830
f 2831 2825 2826 2832
g object_355
v 81.526268005371094 7.5999999046325684 -22.867979049682617
v 81.526268005371094 11.399999618530273 -22.867979049682617
v 84.746444702148438 7.5999999046325684 -22.867979049682617
v 84.746444702148438 11.399999618530273 -22.867979049682617
v 84.746444702148438 7.5999999046325684 -26.535585403442383
v 84.746444702148438 11.399999618530273 -26.535585403442383
v 81.526268005371094 7.5999999046325684 -26.535585403442383
v 81.526268005371094 11.399999618530273 -26.535585403442383
f 2835 2833 2839 2837
f 2840 2834 2836 2838
f 2833 2835 2836 2834
f 2835 2837 2838 2836
f 2837 2839 2840 2838
f 2839 2833 2834 2840
g object_356
v 78.306098937988281 7.5999999046325684 -22.867979049682617
v 78.306098937988281 11.399999618530273 -22.867979049682617
v 81.526268005371094 7.5999999046325684 -22.867979049682617
v 81.526268005371094 11.399999618530273 -22.867979049682617
v 81.526268005371094 7.5999999046325684 -26.535585403442383
v 81.526268005371094 11.399999618530273 -26.535585403442383
v 78.306098937988281 7.5999999046325684 -26.535585403442383
v 78.306098937988281 11.399999618530273 -26.535585403442383
f 2843 2841 2847 2845
f 2848 2842 2844 2846
f 2841 2843 2844 2842
f 2843 2845 2846 2844
f 2845 2847 2848 2846
f 2847 2841 2842 2848
g object_357
v 75.085922241210938 7.5999999046325684 -22.867979049682617
v 75.085922241210938 11.399999618530273 -22.867979049682617
v 78.306098937988281 7.5999999046325684 -22.867979049682617
v 78.306098937988281 11.399999618530273 -22.867979049682617
v 78.306098937988281 7.5999999046325684 -26.535585403442383
v 78.306098937988281 11.399999618530273 -26.535585403442383
v 75.085922241210938 7.5999999046325684 -26.535585403442383
v 75.085922241210938 11.399999618530273 -26.535585403442383
f 2851 2849 2855 2853
f 2856 2850 2852 2854
f 2849 2851 2852 2850
f 2851 2853 2854 2852
f 2853 2855 2856 2854
f 2855 2849 2850 2856
g object_358
v 71.865753173828125 7.5999999046325684 -22.867979049682617
v 71.865753173828125 11.399999618530273 -22.867979049682617
v 75.085922241210938 7.5999999046325684 -22.867979049682617
v 75.085922241210938 11.399999618530273 -22.867979049682617
v 75.085922241210938 7.5999999046325684 -26.535585403442383
v 75.085922241210938 11.399999618530273 -26.535585403442383
v 71.865753173828125 7.5999999046325684 -26.535585403442383
v 71.865753173828125 11.399999618530273 -26.535585403442383
f 2859 2857 2863 2861
f 2864 2858 2860 2862
f 2857 2859 2860 2858
f 2859 2861 2862 2860
f 2861 2863 2864 2862
f 2863 2857 2858 2864
g object_359
v 68.645576477050781 7.5999999046325684 -22.867979049682617
v 68.645576477050781 11.399999618530273 -22.867979049682617
v 71.865753173828125 7.5999999046325684 -22.867979049682617
v 71.865753173828125 11.399999618530273 -22.867979049682617
v 71.865753173828125 7.5999999046325684 -26.535585403442383
v 71.865753173828125 11.399999618530273 -26.535585403442383
v 68.645576477050781 7.5999999046325684 -26.535585403442383
v 68.645576477050781 11.399999618530273 -26.535585403442383
f 2867 2865 2871 2869
f 2872 2866 2868 2870
f 2865 2867 2868 2866
f 2867 2869 2870 2868
f 2869 2871 2872 2870
f 2871 2865 2866 2872
g object_360
v 65.425407409667969 7.5999999046325684 -22.867979049682617
v 65.425407409667969 11.399999618530273 -22.867979049682617
v 68.645576477050781 7.5999999046325684 -22.867979049682617
v 68.645576477050781 11.399999618530273 -22.867979049682617
v 68.645576477050781 7.5999999046325684 -26.535585403442383
v 68.645576477050781 11.399999618530273 -26.535585403442383
v 65.425407409667969 7.5999999046325684 -26.535585403442383
v 65.425407409667969 11.399999618530273 -26.535585403442383
f 2875 2873 2879 2877
f 2880 2874 2876 2878
f 2873 2875 2876 2874
f 2875 2877 2878 2876
f 2877 2879 2880 2878
f 2879 2873 2874 2880
g object_361
v 62.205230712890625 7.5999999046325684 -22.867979049682617
v 62.205230712890625 11.399999618530273 -22.867979049682617
v 65.425407409667969 7.5999999046325684 -22.867979049682617
v 65.425407409667969 11.399999618530273 -22.867979049682617
v 65.425407409667969 7.5999999046325684 -26.535585403442383
v 65.425407409667969 11.399999618530273 -26.535585403442383
v 62.205230712890625 7.5999999046325684 -26.535585403442383
v 62.205230712890625 11.399999618530273 -26.535585403442383
f 2883 2881 2887 2885
f 2888 2882 2884 2886
f 2881 2883 2884 2882
f 2883 2885 2886 2884
f 2885 2887 2888 2886
f 2887 2881 2882 2888
g object_362
v 58.985057830810547 7.5999999046325684 -22.867979049682617
v 58.985057830810547 11.399999618530273 -22.867979049682617
v 62.205230712890625 7.5999999046325684 -22.867979049682617
v 62.205230712890625 11.399999618530273 -22.867979049682617
v 62.205230712890625 7.5999999046325684 -26.535585403442383
v 62.205230712890625 11.399999618530273 -26.535585403442383
v 58.985057830810547 7.5999999046325684 -26.535585403442383
v 58.985057830810547 11.399999618530273 -26.535585403442383
f 2891 2889 2895 2893
f 2896 2890 2892 2894
f 2889 2891 2892 2890
f 2891 2893 2894 2892
f 2893 2895 2896 2894
f 2895 2889 2890 2896
g object_363
v 100.84730529785156 7.5999999046325684 -19.200370788574219
v 100.84730529785156 11.399999618530273 -19.200370788574219
v 104.06748199462891 7.5999999046325684 -19.200370788574219
v 104.06748199462891 11.399999618530273 -19.200370788574219
v 104.06748199462891 7.5999999046325684 -22.867979049682617
v 104.06748199462891 11.399999618530273 -22.867979049682617
v 100.84730529785156 7.5999999046325684 -22.867979049682617
v 100.84730529785156 11.399999618530273 -22.867979049682617
f 2899 2897 2903 2901
f 2904 2898 2900 2902
f 2897 2899 2900 2898
f 2899 2901 2902 2900
f 2901 2903 2904 2902
f 2903 2897 2898 2904
g object_364
v 97.62713623046875 7.5999999046325684 -19.200370788574219
v 97.62713623046875 11.399999618530273 -19.200370788574219
v 100.84730529785156 7.5999999046325684 -19.200370788574219
v 100.84730529785156 11.399999618530273 -19.200370788574219
v 100.84730529785156 7.5999999046325684 -22.867979049682617
v 100.84730529785156 11.399999618530273 -22.867979049682617
v 97.62713623046875 7.5999999046325684 -22.867979049682617
v 97.62713623046875 11.399999618530273 -22.867979049682617
f 2907 2905 2911 2909
f 2912 2906 2908 2910
f 2905 2907 2908 2906
f 2907 2909 2910 2908
f 2909 2911 2912 2910
f 2911 2905 2906 2912
g object_365
v 94.406959533691406 7.5999999046325684 -19.200370788574219
v 94.406959533691406 11.399999618530273 -19.200370788574219
v 97.62713623046875 7.5999999046325684 -19.200370788574219
v 97.62713623046875 11.399999618530273 -19.200370788574219
v 97.62713623046875 7.5999999046325684 -22.867979049682617
v 97.62713623046875 11.399999618530273 -22.867979049682617
v 94.406959533691406 7.5999999046325684 -22.867979049682617
v 94.406959533691406 11.399999618530273 -22.867979049682617
f 2915 2913 2919 2917
f 2920 2914 2916 2918
f 2913 2915 2916 2914
f 2915 2917 2918 2916
f 2917 2919 2920 2918
f 2919 2913 2914 2920
g object_366
v 91.186790466308594 7.5999999046325684 -19.200370788574219
v 91.186790466308594 11.399999618530273 -19.200370788574219
v 94.406959533691406 7.5999999046325684 -19.200370788574219
v 94.406959533691406 11.399999618530273 -19.200370788574219
v 94.406959533691406 7.5999999046325684 -22.867979049682617
v 94.406959533691406 11.399999618530273 -22.867979049682617
v 91.186790466308594 7.5999999046325684 -22.867979049682617
v 91.186790466308594 11.399999618530273 -22.867979049682617
f 2923 2921 2927 2925
f 2928 2922 2924 2926
f 2921 2923 2924 2922
f 2923 2925 2926 2924
f 2925 2927 2928 2926
f 2927 2921 2922 2928
g object_367
v 87.96661376953125 7.5999999046325684 -19.200370788574219
v 87.96661376953125 11.399999618530273 -19.200370788574219
v 91.186790466308594 7.5999999046325684 -19.200370788574219
v 91.186790466308594 11.399999618530273 -19.200370788574219
v 91.186790466308594 7.5999999046325684 -22.867979049682617
v 91.186790466308594 11.399999618530273 -22.867979049682617
v 87.96661376953125 7.5999999046325684 -22.867979049682617
v 87.96661376953125 11.399999618530273 -22.867979049682617
f 2931 2929 2935 2933
f 2936 2930 2932 2934
f 2929 2931 2932 2930
f 2931 2933 2934 2932
f 2933 2935 2936 2934
f 2935 2929 2930 2936
g object_368
v 84.746444702148438 7.5999999046325684 -19.200370788574219
v 84.746444702148438 11.399999618530273 -19.200370788574219
v 87.96661376953125 7.5999999046325684 -19.200370788574219
v 87.96661376953125 11.399999618530273 -19.200370788574219
v 87.96661376953125 7.5999999046325684 -22.867979049682617
v 87.96661376953125 11.399999618530273 -22.867979049682617
v 84.746444702148438 7.5999999046325684 -22.867979049682617
v 84.746444702148438 11.399999618530273 -22.867979049682617
f 2939 2937 2943 2941
f 2944 2938 2940 2942
f 2937 2939 2940 2938
f 2939 2941 2942 2940
f 2941 2943 2944 2942
f 2943 2937 2938 2944
g object_369
v 81.526268005371094 7.5999999046325684 -19.200370788574219
v 81.526268005371094 11.399999618530273 -19.200370788574219
v 84.746444702148438 7.5999999046325684 -19.200370788574219
v 84.746444702148438 11.399999618530273 -19.200370788574219
v 84.746444702148438 7.5999999046325684 -22.867979049682617
v 84.746444702148438 11.399999618530273 -22.867979049682617
v 81.526268005371094 7.5999999046325684 -22.867979049682617
v 81.526268005371094 11.399999618530273 -22.867979049682617
f 2947 2945 2951 2949
f 2952 2946 2948 2950
f 2945 2947 2948 2946
f 2947 2949 2950 2948
f 2949 2951 2952 2950
f 2951 2945 2946 2952
g object_370
v 78.306098937988281 7.5999999046325684 -19.200370788574219
v 78.306098937988281 11.399999618530273 -19.200370788574219
v 81.526268005371094 7.5999999046325684 -19.200370788574219
v 81.526268005371094 11.399999618530273 -19.200370788574219
v 81.526268005371094 7.5999999046325684 -22.867979049682617
v 81.526268005371094 11.399999618530273 -22.867979049682617
v 78.306098937988281 7.5999999046325684 -22.867979049682617
v 78.306098937988281 11.399999618530273 -22.867979049682617
f 2955 2953 2959 2957
f 2960 2954 2956 2958
f 2953 2955 2956 2954
f 2955 2957 2958 2956
f 2957 2959 2960 2958
f 2959 2953 2954 2960
g object_371
v 75.085922241210938 7.5999999046325684 -19.200370788574219
v 75.085922241210938 11.399999618530273 -19.200370788574219
v 78.306098937988281 7.5999999046325684 -19.200370788574219
v 78.306098937988281 11.399999618530273 -19.200370788574219
v 78.306098937988281 7.5999999046325684 -22.867979049682617
v 78.306098937988281 11.399999618530273 -22.867979049682617
v 75.085922241210938 7.5999999046325684 -22.867979049682617
v 75.085922241210938 11.399999618530273 -22.867979049682617
f 2963 2961 2967 2965
f 2968 2962 2964 2966
f 2961 2963 2964 2962
f 2963 2965 2966 2964
f 2965 2967 2968 2966
f 2967 2961 2962 2968
g object_372
v 71.865753173828125 7.5999999046325684 -19.200370788574219
v 71.865753173828125 11.399999618530273 -19.200370788574219
v 75.085922241210938 7.5999999046325684 -19.200370788574219
v 75.085922241210938 11.399999618530273 -19.200370788574219
v 75.085922241210938 7.5999999046325684 -22.867979049682617
v 75.085922241210938 11.399999618530273 -22.867979049682617
v 71.865753173828125 7.5999999046325684 -22.867979049682617
v 71.865753173828125 11.399999618530273 -22.867979049682617
f 2971 2969 2975 2973
f 2976 2970 2972 2974
f 2969 2971 2972 2970
f 2971 2973 2974 2972
f 2973 2975 2976 2974
f 2975 2969 2970 2976
g object_373
v 68.645576477050781 7.5999999046325684 -19.200370788574219
v 68.645576477050781 11.399999618530273 -19.200370788574219
v 71.865753173828125 7.5999999046325684 -19.200370788574219
v 71.865753173828125 11.399999618530273 -19.200370788574219
v 71.865753173828125 7.5999999046325684 -22.867979049682617
v 71.865753173828125 11.399999618530273 -22.867979049682617
v 68.645576477050781 7.5999999046325684 -22.867979049682617
v 68.645576477050781 11.399999618530273 -22.867979049682617
f 2979 2977 2983 2981
f 2984 2978 2980 2982
f 2977 2979 2980 2978
f 2979 2981 2982 2980
f 2981 2983 2984 2982
f 2983 2977 2978 2984
g object_374
v 65.425407409667969 7.5999999046325684 -19.200370788574219
v 65.425407409667969 11.399999618530273 -19.200370788574219
v 68.645576477050781 7.5999999046325684 -19.200370788574219
v 68.645576477050781 11.399999618530273 -19.200370788574219
v 68.645576477050781 7.5999999046325684 -22.867979049682617
v 68.645576477050781 11.399999618530273 -22.867979049682617
v 65.425407409667969 7.5999999046325684 -22.867979049682617
v 65.425407409667969 11.399999618530273 -22.867979049682617
f 2987 2985 2991 2989
f 2992 2986 2988 2990
f 2985 2987 2988 2986
f 2987 2989 2990 2988
f 2989 2991 2992 2990
f 2991 2985 2986 2992
g object_375
v 62.205230712890625 7.5999999046325684 -19.200370788574219
v 62.205230712890625 11.399999618530273 -19.200370788574219
v 65.425407409667969 7.5999999046325684 -19.200370788574219
v 65.425407409667969 11.399999618530273 -19.200370788574219
v 65.425407409667969 7.5999999046325684 -22.867979049682617
v 65.425407409667969 11.399999618530273 -22.867979049682617
v 62.205230712890625 7.5999999046325684 -22.867979049682617
v 62.205230712890625 11.399999618530273 -22.867979049682617
f 2995 2993 2999 2997
f 3000 2994 2996 2998
f 2993 2995 2996 2994
f 2995 2997 2998 2996
f 2997 2999 3000 2998
f 2999 2993 2994 3000
g object_376
v 58.985057830810547 7.5999999046325684 -19.200370788574219
v 58.985057830810547 11.399999618530273 -19.200370788574219
v 62.205230712890625 7.5999999046325684 -19.200370788574219
v 62.205230712890625 11.399999618530273 -19.200370788574219
v 62.205230712890625 7.5999999046325684 -22.867979049682617
v 62.205230712890625 11.399999618530273 -22.867979049682617
v 58.985057830810547 7.5999999046325684 -22.867979049682617
v 58.985057830810547 11.399999618530273 -22.867979049682617
f 3003 3001 3007 3005
f 3008 3002 3004 3006
f 3001 3003 3004 3002
f 3003 3005 3006 3004
f 3005 3007 3008 3006
f 3007 3001 3002 3008
g object_377
v 100.84730529785156 3.7999999523162842 -26.535585403442383
v 100.84730529785156 7.5999999046325684 -26.535585403442383
v 104.06748199462891 3.7999999523162842 -26.535585403442383
v 104.06748199462891 7.5999999046325684 -26.535585403442383
v 104.06748199462891 3.7999999523162842 -30.203191757202148
v 104.06748199462891 7.5999999046325684 -30.203191757202148
v 100.84730529785156 3.7999999523162842 -30.203191757202148
v 100.84730529785156 7.5999999046325684 -30.203191757202148
f 3011 3009 3015 3013
f 3016 3010 3012 3014
f 3009 3011 3012 3010
f 3011 3013 3014 3012
f 3013 3015 3016 3014
f 3015 3009 3010 3016
g object_378
v 97.62713623046875 3.7999999523162842 -26.535585403442383
v 97.62713623046875 7.5999999046325684 -26.535585403442383
v 100.84730529785156 3.7999999523162842 -26.535585403442383
v 100.84730529785156 7.5999999046325684 -26.535585403442383
v 100.84730529785156 3.7999999523162842 -30.203191757202148
v 100.84730529785156 7.5999999046325684 -30.203191757202148
v 97.62713623046875 3.7999999523162842 -30.203191757202148
v 97.62713623046875 7.5999999046325684 -30.203191757202148
f 3019 3017 3023 3021
f 3024 3018 3020 3022
f 3017 3019 3020 3018
f 3019 3021 3022 3020
f 3021 3023 3024 3022
f 3023 3017 3018 3024
g object_379
v 94.406959533691406 3.7999999523162842 -26.535585403442383
v 94.406959533691406 7.5999999046325684 -26.535585403442383
v 97.62713623046875 3.7999999523162842 -26.535585403442383
v 97.62713623046875 7.5999999046325684 -26.535585403442383
v 97.62713623046875 3.7999999523162842 -30.203191757202148
v 97.62713623046875 7.5999999046325684 -30.203191757202148
v 94.406959533691406 3.7999999523162842 -30.203191757202148
v 94.406959533691406 7.5999999046325684 -30.203191757202148
f 3027 3025 3031 3029
f 3032 3026 3028 3030
f 3025 3027 3028 3026
f 3027 3029 3030 3028
f 3029 3031 3032 3030
f 3031 3025 3026 3032
g object_380
v 91.186790466308594 3.7999999523162842 -26.535585403442383
v 91.186790466308594 7.5999999046325684 -26.535585403442383
v 94.406959533691406 3.7999999523162842 -26.535585403442383
v 94.406959533691406 7.5999999046325684 -26.535585403442383
v 94.406959533691406 3.7999999523162842 -30.203191757202148
v 94.406959533691406 7.5999999046325684 -30.203191757202148
v 91.186790466308594 3.7999999523162842 -30.203191757202148
v 91.186790466308594 7.5999999046325684 -30.203191757202148
f 3035 3033 3039 3037
f 3040 3034 3036 3038
f 3033 3035 3036 3034
f 3035 3037 3038 3036
f 3037 3039 3040 3038
f 3039 3033 3034 3040
g object_381
v 87.96661376953125 3.7999999523162842 -26.535585403442383
v 87.96661376953125 7.5999999046325684 -26.535585403442383
v 91.186790466308594 3.7999999523162842 -26.535585403442383
v 91.186790466308594 7.5999999046325684 -26.535585403442383
v 91.186790466308594 3.7999999523162842 -30.203191757202148
v 91.186790466308594 7.5999999046325684 -30.203191757202148
v 87.96661376953125 3.7999999523162842 -30.203191757202148
v 87.96661376953125 7.5999999046325684 -30.203191757202148
f 3043 3041 3047 3045
f 3048 3042 3044 3046
f 3041 3043 3044 3042
f 3043 3045 3046 3044
f 3045 3047 3048 3046
f 3047 3041 3042 3048
g object_382
v 84.746444702148438 3.7999999523162842 -26.535585403442383
v 84.746444702148438 7.5999999046325684 -26.535585403442383
v 87.96661376953125 3.7999999523162842 -26.535585403442383
v 87.96661376953125 7.5999999046325684 -26.535585403442383
v 87.96661376953125 3.7999999523162842 -30.203191757202148
v 87.96661376953125 7.5999999046325684 -30.203191757202148
v 84.746444702148438 3.7999999523162842 -30.203191757202148
v 84.746444702148438 7.5999999046325684 -30.203191757202148
f 3051 3049 3055 3053
f 3056 3050 3052 3054
f 3049 3051 3052 3050
f 3051 3053 3054 3052
f 3053 3055 3056 3054
f 3055 3049 3050 3056
g object_383
v 81.526268005371094 3.7999999523162842 -26.535585403442383
v 81.526268005371094 7.5999999046325684 -26.535585403442383
v 84.746444702148438 3.7999999523162842 -26.535585403442383
v 84.746444702148438 7.5999999046325684 -26.535585403442383
v 84.746444702148438 3.7999999523162842 -30.203191757202148
v 84.746444702148438 7.5999999046325684 -30.203191757202148
v 81.526268005371094 3.7999999523162842 -30.203191757202148
v 81.526268005371094 7.5999999046325684 -30.203191757202148
f 3059 3057 3063 3061
f 3064 3058 3060 3062
f 3057 3059 3060 3058
f 3059 3061 3062 3060
f 3061 3063 3064 3062
f 3063 3057 3058 3064
g object_384
v 78.306098937988281 3.7999999523162842 -26.535585403442383
v 78.306098937988281 7.5999999046325684 -26.535585403442383
v 81.526268005371094 3.7999999523162842 -26.535585403442383
v 81.526268005371094 7.5999999046325684 -26.535585403442383
v 81.526268005371094 3.7999999523162842 -30.203191757202148
v 81.526268005371094 7.5999999046325684 -30.203191757202148
v 78.306098937988281 3.7999999523162842 -30.203191757202148
v 78.306098937988281 7.5999999046325684 -30.203191757202148
f 3067 3065 3071 3069
f 3072 3066 3068 3070
f 3065 3067 3068 3066
f 3067 3069 3070 3068
f 3069 3071 3072 3070
f 3071 3065 3066 3072
g object_385
v 75.085922241210938 3.7999999523162842 -26.535585403442383
v 75.085922241210938 7.5999999046325684 -26.535585403442383
v 78.306098937988281 3.7999999523162842 -26.535585403442383
v 78.306098937988281 7.5999999046325684 -26.535585403442383
v 78.306098937988281 3.7999999523162842 -30.203191757202148
v 78.306098937988281 7.5999999046325684 -30.203191757202148
v 75.085922241210938 3.7999999523162842 -30.203191757202148
v 75.085922241210938 7.5999999046325684 -30.203191757202148
f 3075 3073 3079 3077
f 3080 3074 3076 3078
f 3073 3075 3076 3074
f 3075 3077 3078 3076
f 3077 3079 3080 3078
f 3079 3073 3074 3080
g object_386
v 71.865753173828125 3.7999999523162842 -26.535585403442383
v 71.865753173828125 7.5999999046325684 -26.535585403442383
v 75.085922241210938 3.7999999523162842 -26.535585403442383
v 75.085922241210938 7.5999999046325684 -26.535585403442383
v 75.085922241210938 3.7999999523162842 -30.203191757202148
v 75.085922241210938 7.5999999046325684 -30.203191757202148
v 71.865753173828125 3.7999999523162842 -30.203191757202148
v 71.865753173828125 7.5999999046325684 -30.203191757202148
f 3083 3081 3087 3085
f 3088 3082 3084 3086
f 3081 3083 3084 3082
f 3083 3085 3086 3084
f 3085 3087 3088 3086
f 3087 3081 3082 3088
g object_387
v 68.645576477050781 3.7999999523162842 -26.535585403442383
v 68.645576477050781 7.5999999046325684 -26.535585403442383
v 71.865753173828125 3.7999999523162842 -26.535585403442383
v 71.865753173828125 7.5999999046325684 -26.535585403442383
v 71.865753173828125 3.7999999523162842 -30.203191757202148
v 71.865753173828125 7.5999999046325684 -30.203191757202148
v 68.645576477050781 3.7999999523162842 -30.203191757202148
v 68.645576477050781 7.5999999046325684 -30.203191757202148
f 3091 3089 3095 3093
f 3096 3090 3092 3094
f 3089 3091 3092 3090
f 3091 3093 3094 3092
f 3093 3095 3096 3094
f 3095 3089 3090 3096
g object_388
v 65.425407409667969 3.7999999523162842 -26.535585403442383
v 65.425407409667969 7.5999999046325684 -26.535585403442383
v 68.645576477050781 3.7999999523162842 -26.535585403442383
v 68.645576477050781 7.5999999046325684 -26.535585403442383
v 68.645576477050781 3.7999999523162842 -30.203191757202148
v 68.645576477050781 7.5999999046325684 -30.203191757202148
v 65.425407409667969 3.7999999523162842 -30.203191757202148
v 65.425407409667969 7.5999999046325684 -30.203191757202148
f 3099 3097 3103 3101
f 3104 3098 3100 3102
f 3097 3099 3100 3098
f 3099 3101 3102 3100
f 3101 3103 3104 3102
f 3103 3097 3098 3104
g object_389
v 62.205230712890625 3.7999999523162842 -26.535585403442383
v 62.205230712890625 7.5999999046325684 -26.535585403442383
v 65.425407409667969 3.7999999523162842 -26.535585403442383
v 65.425407409667969 7.5999999046325684 -26.535585403442383
v 65.425407409667969 3.7999999523162842 -30.203191757202148
v 65.425407409667969 7.5999999046325684 -30.203191757202148
v 62.205230712890625 3.7999999523162842 -30.203191757202148
v 62.205230712890625 7.5999999046325684 -30.203191757202148
f 3107 3105 3111 3109
f 3112 3106 3108 3110
f 3105 3107 3108 3106
f 3107 3109 3110 3108
f 3109 3111 3112 3110
f 3111 3105 3106 3112
g object_390
v 58.985057830810547 3.7999999523162842 -26.535585403442383
v 58.985057830810547 7.5999999046325684 -26.535585403442383
v 62.205230712890625 3.7999999523162842 -26.535585403442383
v 62.205230712890625 7.5999999046325684 -26.535585403442383
v 62.205230712890625 3.7999999523162842 -30.203191757202148
v 62.205230712890625 7.5999999046325684 -30.203191757202148
v 58.985057830810547 3.7999999523162842 -30.203191757202148
v 58.985057830810547 7.5999999046325684 -30.203191757202148
f 3115 3113 3119 3117
f 3120 3114 3116 3118
f 3113 3115 3116 3114
f 3115 3117 3118 3116
f 3117 3119 3120 3118
f 3119 3113 3114 3120
g object_391
v 100.84730529785156 3.7999999523162842 -22.867979049682617
v 100.84730529785156 7.5999999046325684 -22.867979049682617
v 104.06748199462891 3.7999999523162842 -22.867979049682617
v 104.06748199462891 7.5999999046325684 -22.867979049682617
v 104.06748199462891 3.7999999523162842 -26.535585403442383
v 104.06748199462891 7.5999999046325684 -26.535585403442383
v 100.84730529785156 3.7999999523162842 -26.535585403442383
v 100.84730529785156 7.5999999046325684 -26.535585403442383
f 3123 3121 3127 3125
f 3128 3122 3124 3126
f 3121 3123 3124 3122
f 3123 3125 3126 3124
f 3125 3127 3128 3126
f 3127 3121 3122 3128
g object_392
v 97.62713623046875 3.7999999523162842 -22.867979049682617
v 97.62713623046875 7.5999999046325684 -22.867979049682617
v 100.84730529785156 3.7999999523162842 -22.867979049682617
v 100.84730529785156 7.5999999046325684 -22.867979049682617
v 100.84730529785156 3.7999999523162842 -26.535585403442383
v 100.84730529785156 7.5999999046325684 -26.535585403442383
v 97.62713623046875 3.7999999523162842 -26.535585403442383
v 97.62713623046875 7.5999999046325684 -26.535585403442383
f 3131 3129 3135 3133
f 3136 3130 3132 3134
f 3129 3131 3132 3130
f 3131 3133 3134 3132
f 3133 3135 3136 3134
f 3135 3129 3130 3136
g object_393
v 94.406959533691406 3.7999999523162842 -22.867979049682617
v 94.406959533691406 7.5999999046325684 -22.867979049682617
v 97.62713623046875 3.7999999523162842 -22.867979049682617
v 97.62713623046875 7.5999999046325684 -22.867979049682617
v 97.62713623046875 3.7999999523162842 -26.535585403442383
v 97.62713623046875 7.5999999046325684 -26.535585403442383
v 94.406959533691406 3.7999999523162842 -26.535585403442383
v 94.406959533691406 7.5999999046325684 -26.535585403442383
f 3139 3137 3143 3141
f 3144 3138 3140 3142
f 3137 3139 3140 3138
f 3139 3141 3142 3140
f 3141 3143 3144 3142
f 3143 3137 3138 3144
g object_394
v 91.186790466308594 3.7999999523162842 -22.867979049682617
v 91.186790466308594 7.5999999046325684 -22.867979049682617
v 94.406959533691406 3.7999999523162842 -22.867979049682617
v 94.406959533691406 7.5999999046325684 -22.867979049682617
v 94.406959533691406 3.7999999523162842 -26.535585403442383
v 94.406959533691406 7.5999999046325684 -26.535585403442383
v 91.186790466308594 3.7999999523162842 -26.535585403442383
v 91.186790466308594 7.5999999046325684 -26.535585403442383
f 3147 3145 3151 3149
f 3152 3146 3148 3150
f 3145 3147 3148 3146
f 3147 3149 3150 3148
f 3149 3151 3152 3150
f 3151 3145 3146 3152
g object_395
v 87.96661376953125 3.7999999523162842 -22.867979049682617
v 87.96661376953125 7.5999999046325684 -22.867979049682617
v 91.186790466308594 3.7999999523162842 -22.867979049682617
v 91.186790466308594 7.5999999046325684 -22.867979049682617
v 91.186790466308594 3.7999999523162842 -26.535585403442383
v 91.186790466308594 7.5999999046325684 -26.535585403442383
v 87.96661376953125 3.7999999523162842 -26.535585403442383
v 87.96661376953125 7.5999999046325684 -26.535585403442383
f 3155 3153 3159 3157
f 3160 3154 3156 3158
f 3153 3155 3156 3154
f 3155 3157 3158 3156
f 3157 3159 3160 3158
f 3159 3153 3154 3160
g object_396
v 84.746444702148438 3.7999999523162842 -22.867979049682617
v 84.746444702148438 7.5999999046325684 -22.867979049682617
v 87.96661376953125 3.7999999523162842 -22.867979049682617
v 87.96661376953125 7.5999999046325684 -22.867979049682617
v 87.96661376953125 3.7999999523162842 -26.535585403442383
v 87.96661376953125 7.5999999046325684 -26.535585403442383
v 84.746444702148438 3.7999999523162842 -26.535585403442383
v 84.746444702148438 7.5999999046325684 -26.535585403442383
f 3163 3161 3167 3165
f 3168 3162 3164 3166
f 3161 3163 3164 3162
f 3163 3165 3166 3164
f 3165 3167 3168 3166
f 3167 3161 3162 3168
g object_397
v 81.526268005371094 3.7999999523162842 -22.867979049682617
v 81.526268005371094 7.5999999046325684 -22.867979049682617
v 84.746444702148438 3.7999999523162842 -22.867979049682617
v 84.746444702148438 7.5999999046325684 -22.867979049682617
v 84.746444702148438 3.7999999523162842 -26.535585403442383
v 84.746444702148438 7.5999999046325684 -26.535585403442383
v 81.526268005371094 3.7999999523162842 -26.535585403442383
v 81.526268005371094 7.5999999046325684 -26.535585403442383
f 3171 3169 3175 3173
f 3176 3170 3172 3174
f 3169 3171 3172 3170
f 3171 3173 3174 3172
f 3173 3175 3176 3174
f 3175 3169 3170 3176
g object_398
v 78.306098937988281 3.7999999523162842 -22.867979049682617
v 78.306098937988281 7.5999999046325684 -22.867979049682617
v 81.526268005371094 3.7999999523162842 -22.867979049682617
v 81.526268005371094 7.5999999046325684 -22.867979049682617
v 81.526268005371094 3.7999999523162842 -26.535585403442383
v 81.526268005371094 7.5999999046325684 -26.535585403442383
v 78.306098937988281 3.7999999523162842 -26.535585403442383
v 78.306098937988281 7.5999999046325684 -26.535585403442383
f 3179 3177 3183 3181
f 3184 3178 3180 3182
f 3177 3179 3180 3178
f 3179 3181 3182 3180
f 3181 3183 3184 3182
f 3183 3177 3178 3184
g object_399
v 75.085922241210938 3.7999999523162842 -22.867979049682617
v 75.085922241210938 7.5999999046325684 -22.867979049682617
v 78.306098937988281 3.7999999523162842 -22.867979049682617
v 78.306098937988281 7.5999999046325684 -22.867979049682617
v 78.306098937988281 3.7999999523162842 -26.535585403442383
v 78.306098937988281 7.5999999046325684 -26.535585403442383
v 75.085922241210938 3.7999999523162842 -26.535585403442383
v 75.085922241210938 7.5999999046325684 -26.535585403442383
f 3187 3185 3191 3189
f 3192 3186 3188 3190
f 3185 3187 3188 3186
f 3187 3189 3190 3188
f 3189 3191 3192 3190
f 3191 3185 3186 3192
g object_400
v 71.865753173828125 3.7999999523162842 -22.867979049682617
v 71.865753173828125 7.5999999046325684 -22.867979049682617
v 75.085922241210938 3.7999999523162842 -22.867979049682617
v 75.085922241210938 7.5999999046325684 -22.867979049682617
v 75.085922241210938 3.7999999523162842 -26.535585403442383
v 75.085922241210938 7.5999999046325684 -26.535585403442383
v 71.865753173828125 3.7999999523162842 -26.535585403442383
v 71.865753173828125 7.5999999046325684 -26.535585403442383
f 3195 3193 3199 3197
f 3200 3194 3196 3198
f 3193 3195 3196 3194
f 3195 3197 3198 3196
f 3197 3199 3200 3198
f 3199 3193 3194 3200
g object_401
v 68.645576477050781 3.7999999523162842 -22.867979049682617
v 68.645576477050781 7.5999999046325684 -22.867979049682617
v 71.865753173828125 3.7999999523162842 -22.867979049682617
v 71.865753173828125 7.5999999046325684 -22.867979049682617
v 71.865753173828125 3.7999999523162842 -26.535585403442383
v 71.865753173828125 7.5999999046325684 -26.535585403442383
v 68.645576477050781 3.7999999523162842 -26.535585403442383
v 68.645576477050781 7.5999999046325684 -26.535585403442383
f 3203 3201 3207 3205
f 3208 3202 3204 3206
f 3201 3203 3204 3202
f 3203 3205 3206 3204
f 3205 3207 3208 3206
f 3207 3201 3202 3208
g object_402
v 65.425407409667969 3.7999999523162842 -22.867979049682617
v 65.425407409667969 7.5999999046325684 -22.867979049682617
v 68.645576477050781 3.7999999523162842 -22.867979049682617
v 68.645576477050781 7.5999999046325684 -22.867979049682617
v 68.645576477050781 3.7999999523162842 -26.535585403442383
v 68.645576477050781 7.5999999046325684 -26.535585403442383
v 65.425407409667969 3.7999999523162842 -26.535585403442383
v 65.425407409667969 7.5999999046325684 -26.535585403442383
f 3211 3209 3215 3213
f 3216 3210 3212 3214
f 3209 3211 3212 3210
f 3211 3213 3214 3212
f 3213 3215 3216 3214
f 3215 3209 3210 3216
g object_403
v 62.205230712890625 3.7999999523162842 -22.867979049682617
v 62.205230712890625 7.5999999046325684 -22.867979049682617
v 65.425407409667969 3.7999999523162842 -22.867979049682617
v 65.425407409667969 7.5999999046325684 -22.867979049682617
v 65.425407409667969 3.7999999523162842 -26.535585403442383
v 65.425407409667969 7.5999999046325684 -26.535585403442383
v 62.205230712890625 3.7999999523162842 -26.535585403442383
v 62.205230712890625 7.5999999046325684 -26.535585403442383
f 3219 3217 3223 3221
f 3224 3218 3220 3222
f 3217 3219 3220 3218
f 3219 3221 3222 3220
f 3221 3223 3224 3222
f 3223 3217 3218 3224
g object_404
v 58.985057830810547 3.7999999523162842 -22.867979049682617
v 58.985057830810547 7.5999999046325684 -22.867979049682617
v 62.205230712890625 3.7999999523162842 -22.867979049682617
v 62.205230712890625 7.5999999046325684 -22.867979049682617
v 62.205230712890625 3.7999999523162842 -26.535585403442383
v 62.205230712890625 7.5999999046325684 -26.535585403442383
v 58.985057830810547 3.7999999523162842 -26.535585403442383
v 58.985057830810547 7.5999999046325684 -26.535585403442383
f 3227 3225 3231 3229
f 3232 3226 3228 3230
f 3225 3227 3228 3226
f 3227 3229 3230 3228
f 3229 3231 3232 3230
f 3231 3225 3226 3232
g object_405
v 100.84730529785156 3.7999999523162842 -19.200370788574219
v 100.84730529785156 7.5999999046325684 -19.200370788574219
v 104.06748199462891 3.7999999523162842 -19.200370788574219
v 104.06748199462891 7.5999999046325684 -19.200370788574219
v 104.06748199462891 3.7999999523162842 -22.867979049682617
v 104.06748199462891 7.5999999046325684 -22.867979049682617
v 100.84730529785156 3.7999999523162842 -22.867979049682617
v 100.84730529785156 7.5999999046325684 -22.867979049682617
f 3235 3233 3239 3237
f 3240 3234 3236 3238
f 3233 3235 3236 3234
f 3235 3237 3238 3236
f 3237 3239 3240 3238
f 3239 3233 3234 3240
g object_406
v 97.62713623046875 3.7999999523162842 -19.200370788574219
v 97.62713623046875 7.5999999046325684 -19.200370788574219
v 100.84730529785156 3.7999999523162842 -19.200370788574219
v 100.84730529785156 7.5999999046325684 -19.200370788574219
v 100.84730529785156 3.7999999523162842 -22.867979049682617
v 100.84730529785156 7.5999999046325684 -22.867979049682617
v 97.62713623046875 3.7999999523162842 -22.867979049682617
v 97.62713623046875 7.5999999046325684 -22.867979049682617
f 3243 3241 3247 3245
f 3248 3242 3244 3246
f 3241 3243 3244 3242
f 3243 3245 3246 3244
f 3245 3247 3248 3246
f 3247 3241 3242 3248
g object_407
v 94.406959533691406 3.7999999523162842 -19.200370788574219
v 94.406959533691406 7.5999999046325684 -19.200370788574219
v 97.62713623046875 3.7999999523162842 -19.200370788574219
v 97.62713623046875 7.5999999046325684 -19.200370788574219
v 97.62713623046875 3.7999999523162842 -22.867979049682617
v 97.62713623046875 7.5999999046325684 -22.867979049682617
v 94.406959533691406 3.7999999523162842 -22.867979049682617
v 94.406959533691406 7.5999999046325684 -22.867979049682617
f 3251 3249 3255 3253
f 3256 3250 3252 3254
f 3249 3251 3252 3250
f 3251 3253 3254 3252
f 3253 3255 3256 3254
f 3255 3249 3250 3256
g object_408
v 91.186790466308594 3.7999999523162842 -19.200370788574219
v 91.186790466308594 7.5999999046325684 -19.200370788574219
v 94.406959533691406 3.7999999523162842 -19.200370788574219
v 94.406959533691406 7.5999999046325684 -19.200370788574219
v 94.406959533691406 3.7999999523162842 -22.867979049682617
v 94.406959533691406 7.5999999046325684 -22.867979049682617
v 91.186790466308594 3.7999999523162842 -22.867979049682617
v 91.186790466308594 7.5999999046325684 -22.867979049682617
f 3259 3257 3263 3261
f 3264 3258 3260 3262
f 3257 3259 3260 3258
f 3259 3261 3262 3260
f 3261 3263 3264 3262
f 3263 3257 3258 3264
g object_409
v 87.96661376953125 3.7999999523162842 -19.200370788574219
v 87.96661376953125 7.5999999046325684 -19.200370788574219
v 91.186790466308594 3.7999999523162842 -19.200370788574219
v 91.186790466308594 7.5999999046325684 -19.200370788574219
v 91.186790466308594 3.7999999523162842 -22.867979049682617
v 91.186790466308594 7.5999999046325684 -22.867979049682617
v 87.96661376953125 3.7999999523162842 -22.867979049682617
v 87.96661376953125 7.5999999046325684 -22.867979049682617
f 3267 3265 3271 3269
f 3272 3266 3268 3270
f 3265 3267 3268 3266
f 3267 3269 3270 3268
f 3269 3271 3272 3270
f 3271 3265 3266 3272
g object_410
v 84.746444702148438 3.7999999523162842 -19.200370788574219
v 84.746444702148438 7.5999999046325684 -19.200370788574219
v 87.96661376953125 3.7999999523162842 -19.200370788574219
v 87.96661376953125 7.5999999046325684 -19.200370788574219
v 87.96661376953125 3.7999999523162842 -22.867979049682617
v 87.96661376953125 7.5999999046325684 -22.867979049682617
v 84.746444702148438 3.7999999523162842 -22.867979049682617
v 84.746444702148438 7.5999999046325684 -22.867979049682617
f 3275 3273 3279 3277
f 3280 3274 3276 3278
f 3273 3275 3276 3274
f 3275 3277 3278 3276
f 3277 3279 3280 3278
f 3279 3273 3274 3280
g object_411
v 81.526268005371094 3.7999999523162842 -19.200370788574219
v 81.526268005371094 7.5999999046325684 -19.200370788574219
v 84.746444702148438 3.7999999523162842 -19.200370788574219
v 84.746444702148438 7.5999999046325684 -19.200370788574219
v 84.746444702148438 3.7999999523162842 -22.867979049682617
v 84.746444702148438 7.5999999046325684 -22.867979049682617
v 81.526268005371094 3.7999999523162842 -22.867979049682617
v 81.526268005371094 7.5999999046325684 -22.867979049682617
f 3283 3281 3287 3285
f 3288 3282 3284 3286
f 3281 3283 3284 3282
f 3283 3285 3286 3284
f 3285 3287 3288 3286
f 3287 3281 3282 3288
g object_412
v 78.306098937988281 3.7999999523162842 -19.200370788574219
v 78.306098937988281 7.5999999046325684 -19.200370788574219
v 81.526268005371094 3.7999999523162842 -19.200370788574219
v 81.526268005371094 7.5999999046325684 -19.200370788574219
v 81.526268005371094 3.7999999523162842 -22.867979049682617
v 81.526268005371094 7.5999999046325684 -22.867979049682617
v 78.306098937988281 3.7999999523162842 -22.867979049682617
v 78.306098937988281 7.5999999046325684 -22.867979049682617
f 3291 3289 3295 3293
f 3296 3290 3292 3294
f 3289 3291 3292 3290
f 3291 3293 3294 3292
f 3293 3295 3296 3294
f 3295 3289 3290 3296
g object_413
v 75.085922241210938 3.7999999523162842 -19.200370788574219
v 75.085922241210938 7.5999999046325684 -19.200370788574219
v 78.306098937988281 3.7999999523162842 -19.200370788574219
v 78.306098937988281 7.5999999046325684 -19.200370788574219
v 78.306098937988281 3.7999999523162842 -22.867979049682617
v 78.306098937988281 7.5999999046325684 -22.867979049682617
v 75.085922241210938 3.7999999523162842 -22.867979049682617
v 75.085922241210938 7.5999999046325684 -22.867979049682617
f 3299 3297 3303 3301
f 3304 3298 3300 3302
f 3297 3299 3300 3298
f 3299 3301 3302 3300
f 3301 3303 3304 3302
f 3303 3297 3298 3304
g object_414
v 71.865753173828125 3.7999999523162842 -19.200370788574219
v 71.865753173828125 7.5999999046325684 -19.200370788574219
v 75.085922241210938 3.7999999523162842 -19.200370788574219
v 75.085922241210938 7.5999999046325684 -19.200370788574219
v 75.085922241210938 3.7999999523162842 -22.867979049682617
v 75.085922241210938 7.5999999046325684 -22.867979049682617
v 71.865753173828125 3.7999999523162842 -22.867979049682617
v 71.865753173828125 7.5999999046325684 -22.867979049682617
f 3307 3305 3311 3309
f 3312 3306 3308 3310
f 3305 3307 3308 3306
f 3307 3309 3310 3308
f 3309 3311 3312 3310
f 3311 3305 3306 3312
g object_415
v 68.645576477050781 3.7999999523162842 -19.200370788574219
v 68.645576477050781 7.5999999046325684 -19.200370788574219
v 71.865753173828125 3.7999999523162842 -19.200370788574219
v 71.865753173828125 7.5999999046325684 -19.200370788574219
v 71.865753173828125 3.7999999523162842 -22.867979049682617
v 71.865753173828125 7.5999999046325684 -22.867979049682617
v 68.645576477050781 3.7999999523162842 -22.867979049682617
v 68.645576477050781 7.5999999046325684 -22.867979049682617
f 3315 3313 3319 3317
f 3320 3314 3316 3318
f 3313 3315 3316 3314
f 3315 3317 3318 3316
f 3317 3319 3320 3318
f 3319 3313 3314 3320
g object_416
v 65.425407409667969 3.7999999523162842 -19.200370788574219
v 65.425407409667969 7.5999999046325684 -19.200370788574219
v 68.645576477050781 3.7999999523162842 -19.200370788574219
v 68.645576477050781 7.5999999046325684 -19.200370788574219
v 68.645576477050781 3.7999999523162842 -22.867979049682617
v 68.645576477050781 7.5999999046325684 -22.867979049682617
v 65.425407409667969 3.7999999523162842 -22.867979049682617
v 65.425407409667969 7.5999999046325684 -22.867979049682617
f 3323 3321 3327 3325
f 3328 3322 3324 3326
f 3321 3323 3324 3322
f 3323 3325 3326 3324
f 3325 3327 3328 3326
f 3327 3321 3322 3328
g object_417
v 62.205230712890625 3.7999999523162842 -19.200370788574219
v 62.205230712890625 7.5999999046325684 -19.200370788574219
v 65.425407409667969 3.7999999523162842 -19.200370788574219
v 65.425407409667969 7.5999999046325684 -19.200370788574219
v 65.425407409667969 3.7999999523162842 -22.867979049682617
v 65.425407409667969 7.5999999046325684 -22.867979049682617
v 62.205230712890625 3.7999999523162842 -22.867979049682617
v 62.205230712890625 7.5999999046325684 -22.867979049682617
f 3331 3329 3335 3333
f 3336 3330 3332 3334
f 3329 3331 3332 3330
f 3331 3333 3334 3332
f 3333 3335 3336 3334
f 3335 3329 3330 3336
g object_418
v 58.985057830810547 3.7999999523162842 -19.200370788574219
v 58.985057830810547 7.5999999046325684 -19.200370788574219
v 62.205230712890625 3.7999999523162842 -19.200370788574219
v 62.205230712890625 7.5999999046325684 -19.200370788574219
v 62.205230712890625 3.7999999523162842 -22.867979049682617
v 62.205230712890625 7.5999999046325684 -22.867979049682617
v 58.985057830810547 3.7999999523162842 -22.867979049682617
v 58.985057830810547 7.5999999046325684 -22.867979049682617
f 3339 3337 3343 3341
f 3344 3338 3340 3342
f 3337 3339 3340 3338
f 3339 3341 3342 3340
f 3341 3343 3344 3342
f 3343 3337 3338 3344
g object_419
v 100.84730529785156 0 -26.535585403442383
v 100.84730529785156 3.7999999523162842 -26.535585403442383
v 104.06748199462891 0 -26.535585403442383
v 104.06748199462891 3.7999999523162842 -26.535585403442383
v 104.06748199462891 0 -30.203191757202148
v 104.06748199462891 3.7999999523162842 -30.203191757202148
v 100.84730529785156 0 -30.203191757202148
v 100.84730529785156 3.7999999523162842 -30.203191757202148
f 3347 3345 3351 3349
f 3352 3346 3348 3350
f 3345 3347 3348 3346
f 3347 3349 3350 3348
f 3349 3351 3352 3350
f 3351 3345 3346 3352
g object_420
v 97.62713623046875 0 -26.535585403442383
v 97.62713623046875 3.7999999523162842 -26.535585403442383
v 100.84730529785156 0 -26.535585403442383
v 100.84730529785156 3.7999999523162842 -26.535585403442383
v 100.84730529785156 0 -30.203191757202148
v 100.84730529785156 3.7999999523162842 -30.203191757202148
v 97.62713623046875 0 -30.203191757202148
v 97.62713623046875 3.7999999523162842 -30.203191757202148
f 3355 3353 3359 3357
f 3360 3354 3356 3358
f 3353 3355 3356 3354
f 3355 3357 3358 3356
f 3357 3359 3360 3358
f 3359 3353 3354 3360
g object_421
v 94.406959533691406 0 -26.535585403442383
v 94.406959533691406 3.7999999523162842 -26.535585403442383
v 97.62713623046875 0 -26.535585403442383
v 97.62713623046875 3.7999999523162842 -26.535585403442383
v 97.62713623046875 0 -30.203191757202148
v 97.62713623046875 3.7999999523162842 -30.203191757202148
v 94.406959533691406 0 -30.203191757202148
v 94.406959533691406 3.7999999523162842 -30.203191757202148
f 3363 3361 3367 3365
f 3368 3362 3364 3366
f 3361 3363 3364 3362
f 3363 3365 3366 3364
f 3365 3367 3368 3366
f 3367 3361 3362 3368
g object_422
v 91.186790466308594 0 -26.535585403442383
v 91.186790466308594 3.7999999523162842 -26.535585403442383
v 94.406959533691406 0 -26.535585403442383
v 94.406959533691406 3.7999999523162842 -26.535585403442383
v 94.406959533691406 0 -30.203191757202148
v 94.406959533691406 3.7999999523162842 -30.203191757202148
v 91.186790466308594 0 -30.203191757202148
v 91.186790466308594 3.7999999523162842 -30.203191757202148
f 3371 3369 3375 3373
f 3376 3370 3372 3374
f 3369 3371 3372 3370
f 3371 3373 3374 3372
f 3373 3375 3376 3374
f 3375 3369 3370 3376
g object_423
v 87.96661376953125 0 -26.535585403442383
v 87.96661376953125 3.7999999523162842 -26.535585403442383
v 91.186790466308594 0 -26.535585403442383
v 91.186790466308594 3.7999999523162842 -26.535585403442383
v 91.186790466308594 0 -30.203191757202148
v 91.186790466308594 3.7999999523162842 -30.203191757202148
v 87.96661376953125 0 -30.203191757202148
v 87.96661376953125 3.7999999523162842 -30.203191757202148
f 3379 3377 3383 3381
f 3384 3378 3380 3382
f 3377 3379 3380 3378
f 3379 3381 3382 3380
f 3381 3383 3384 3382
f 3383 3377 3378 3384
g object_424
v 84.746444702148438 0 -26.535585403442383
v 84.746444702148438 3.7999999523162842 -26.535585403442383
v 87.96661376953125 0 -26.535585403442383
v 87.96661376953125 3.7999999523162842 -26.535585403442383
v 87.96661376953125 0 -30.203191757202148
v 87.96661376953125 3.7999999523162842 -30.203191757202148
v 84.746444702148438 0 -30.203191757202148
v 84.746444702148438 3.7999999523162842 -30.203191757202148
f 3387 3385 3391 3389
f 3392 3386 3388 3390
f 3385 3387 3388 3386
f 3387 3389 3390 3388
f 3389 3391 3392 3390
f 3391 3385 3386 3392
g object_425
v 81.526268005371094 0 -26.535585403442383
v 81.526268005371094 3.7999999523162842 -26.535585403442383
v 84.746444702148438 0 -26.535585403442383
v 84.746444702148438 3.7999999523162842 -26.535585403442383
v 84.746444702148438 0 -30.203191757202148
v 84.746444702148438 3.7999999523162842 -30.203191757202148
v 81.526268005371094 0 -30.203191757202148
v 81.526268005371094 3.7999999523162842 -30.203191757202148
f 3395 3393 3399 3397
f 3400 3394 3396 3398
f 3393 3395 3396 3394
f 3395 3397 3398 3396
f 3397 3399 3400 3398
f 3399 3393 3394 3400
g object_426
v 78.306098937988281 0 -26.535585403442383
v 78.306098937988281 3.7999999523162842 -26.535585403442383
v 81.526268005371094 0 -26.535585403442383
v 81.526268005371094 3.7999999523162842 -26.535585403442383
v 81.526268005371094 0 -30.203191757202148
v 81.526268005371094 3.7999999523162842 -30.203191757202148
v 78.306098937988281 0 -30.203191757202148
v 78.306098937988281 3.7999999523162842 -30.203191757202148
f 3403 3401 3407 3405
f 3408 3402 3404 3406
f 3401 3403 3404 3402
f 3403 3405 3406 3404
f 3405 3407 3408 3406
f 3407 3401 3402 3408
g object_427
v 75.085922241210938 0 -26.535585403442383
v 75.085922241210938 3.7999999523162842 -26.535585403442383
v 78.306098937988281 0 -26.535585403442383
v 78.306098937988281 3.7999999523162842 -26.535585403442383
v 78.306098937988281 0 -30.203191757202148
v 78.306098937988281 3.7999999523162842 -30.203191757202148
v 75.085922241210938 0 -30.203191757202148
v 75.085922241210938 3.7999999523162842 -30.203191757202148
f 3411 3409 3415 3413
f 3416 3410 3412 3414
f 3409 3411 3412 3410
f 3411 3413 3414 3412
f 3413 3415 3416 3414
f 3415 3409 3410 3416
g object_428
v 71.865753173828125 0 -26.535585403442383
v 71.865753173828125 3.7999999523162842 -26.535585403442383
v 75.085922241210938 0 -26.535585403442383
v 75.085922241210938 3.7999999523162842 -26.535585403442383
v 75.085922241210938 0 -30.203191757202148
v 75.085922241210938 3.7999999523162842 -30.203191757202148
v 71.865753173828125 0 -30.203191757202148
v 71.865753173828125 3.7999999523162842 -30.203191757202148
f 3419 3417 3423 3421
f 3424 3418 3420 3422
f 3417 3419 3420 3418
f 3419 3421 3422 3420
f 3421 3423 3424 3422
f 3423 3417 3418 3424
g object_429
v 68.645576477050781 0 -26.535585403442383
v 68.645576477050781 3.7999999523162842 -26.535585403442383
v 71.865753173828125 0 -26.535585403442383
v 71.865753173828125 3.7999999523162842 -26.535585403442383
v 71.865753173828125 0 -30.203191757202148
v 71.865753173828125 3.7999999523162842 -30.203191757202148
v 68.645576477050781 0 -30.203191757202148
v 68.645576477050781 3.7999999523162842 -30.203191757202148
f 3427 3425 3431 3429
f 3432 3426 3428 3430
f 3425 3427 3428 3426
f 3427 3429 3430 3428
f 3429 3431 3432 3430
f 3431 3425 3426 3432
g object_430
v 65.425407409667969 0 -26.535585403442383
v 65.425407409667969 3.7999999523162842 -26.535585403442383
v 68.645576477050781 0 -26.535585403442383
v 68.645576477050781 3.7999999523162842 -26.535585403442383
v 68.645576477050781 0 -30.203191757202148
v 68.645576477050781 3.7999999523162842 -30.203191757202148
v 65.425407409667969 0 -30.203191757202148
v 65.425407409667969 3.7999999523162842 -30.203191757202148
f 3435 3433 3439 3437
f 3440 3434 3436 3438
f 3433 3435 3436 3434
f 3435 3437 3438 3436
f 3437 3439 3440 3438
f 3439 3433 3434 3440
g object_431
v 62.205230712890625 0 -26.535585403442383
v 62.205230712890625 3.7999999523162842 -26.535585403442383
v 65.425407409667969 0 -26.535585403442383
v 65.425407409667969 3.7999999523162842 -26.535585403442383
v 65.425407409667969 0 -30.203191757202148
v 65.425407409667969 3.7999999523162842 -30.203191757202148
v 62.205230712890625 0 -30.203191757202148
v 62.205230712890625 3.7999999523162842 -30.203191757202148
f 3443 3441 3447 3445
f 3448 3442 3444 3446
f 3441 3443 3444 3442
f 3443 3445 3446 3444
f 3445 3447 3448 3446
f 3447 3441 3442 3448
g object_432
v 58.985057830810547 0 -26.535585403442383
v 58.985057830810547 3.7999999523162842 -26.535585403442383
v 62.205230712890625 0 -26.535585403442383
v 62.205230712890625 3.7999999523162842 -26.535585403442383
v 62.205230712890625 0 -30.203191757202148
v 62.205230712890625 3.7999999523162842 -30.203191757202148
v 58.985057830810547 0 -30.203191757202148
v 58.985057830810547 3.7999999523162842 -30.203191757202148
f 3451 3449 3455 3453
f 3456 3450 3452 3454
f 3449 3451 3452 3450
f 3451 3453 3454 3452
f 3453 3455 3456 3454
f 3455 3449 3450 3456
g object_433
v 100.84730529785156 0 -22.867979049682617
v 100.84730529785156 3.7999999523162842 -22.867979049682617
v 104.06748199462891 0 -22.867979049682617
v 104.06748199462891 3.7999999523162842 -22.867979049682617
v 104.06748199462891 0 -26.535585403442383
v 104.06748199462891 3.7999999523162842 -26.535585403442383
v 100.84730529785156 0 -26.535585403442383
v 100.84730529785156 3.7999999523162842 -26.535585403442383
f 3459 3457 3463 3461
f 3464 3458 3460 3462
f 3457 3459 3460 3458
f 3459 3461 3462 3460
f 3461 3463 3464 3462
f 3463 3457 3458 3464
g object_434
v 97.62713623046875 0 -22.867979049682617
v 97.62713623046875 3.7999999523162842 -22.867979049682617
v 100.84730529785156 0 -22.867979049682617
v 100.84730529785156 3.7999999523162842 -22.867979049682617
v 100.84730529785156 0 -26.535585403442383
v 100.84730529785156 3.7999999523162842 -26.535585403442383
v 97.62713623046875 0 -26.535585403442383
v 97.62713623046875 3.7999999523162842 -26.535585403442383
f 3467 3465 3471 3469
f 3472 3466 3468 3470
f 3465 3467 3468 3466
f 3467 3469 3470 3468
f 3469 3471 3472 3470
f 3471 3465 3466 3472
g object_435
v 94.406959533691406 0 -22.867979049682617
v 94.406959533691406 3.7999999523162842 -22.867979049682617
v 97.62713623046875 0 -22.867979049682617
v 97.62713623046875 3.7999999523162842 -22.867979049682617
v 97.62713623046875 0 -26.535585403442383
v 97.62713623046875 3.7999999523162842 -26.535585403442383
v 94.406959533691406 0 -26.535585403442383
v 94.406959533691406 3.7999999523162842 -26.535585403442383
f 3475 3473 3479 3477
f 3480 3474 3476 3478
f 3473 3475 3476 3474
f 3475 3477 3478 3476
f 3477 3479 3480 3478
f 3479 3473 3474 3480
g object_436
v 91.186790466308594 0 -22.867979049682617
v 91.186790466308594 3.7999999523162842 -22.867979049682617
v 94.406959533691406 0 -22.867979049682617
v 94.406959533691406 3.7999999523162842 -22.867979049682617
v 94.406959533691406 0 -26.535585403442383
v 94.406959533691406 3.7999999523162842 -26.535585403442383
v 91.186790466308594 0 -26.535585403442383
v 91.186790466308594 3.7999999523162842 -26.535585403442383
f 3483 3481 3487 3485
f 3488 3482 3484 3486
f 3481 3483 3484 3482
f 3483 3485 3486 3484
f 3485 3487 3488 3486
f 3487 3481 3482 3488
g object_437
v 87.96661376953125 0 -22.867979049682617
v 87.96661376953125 3.7999999523162842 -22.867979049682617
v 91.186790466308594 0 -22.867979049682617
v 91.186790466308594 3.7999999523162842 -22.867979049682617
v 91.186790466308594 0 -26.535585403442383
v 91.186790466308594 3.7999999523162842 -26.535585403442383
v 87.96661376953125 0 -26.535585403442383
v 87.96661376953125 3.7999999523162842 -26.535585403442383
f 3491 3489 3495 3493
f 3496 3490 3492 3494
f 3489 3491 3492 3490
f 3491 3493 3494 3492
f 3493 3495 3496 3494
f 3495 3489 3490 3496
g object_438
v 84.746444702148438 0 -22.867979049682617
v 84.746444702148438 3.7999999523162842 -22.867979049682617
v 87.96661376953125 0 -22.867979049682617
v 87.96661376953125 3.7999999523162842 -22.867979049682617
v 87.96661376953125 0 -26.535585403442383
v 87.96661376953125 3.7999999523162842 -26.535585403442383
v 84.746444702148438 0 -26.535585403442383
v 84.746444702148438 3.7999999523162842 -26.535585403442383
f 3499 3497 3503 3501
f 3504 3498 3500 3502
f 3497 3499 3500 3498
f 3499 3501 3502 3500
f 3501 3503 3504 3502
f 3503 3497 3498 3504
g object_439
v 81.526268005371094 0 -22.867979049682617
v 81.526268005371094 3.7999999523162842 -22.867979049682617
v 84.746444702148438 0 -22.867979049682617
v 84.746444702148438 3.7999999523162842 -22.867979049682617
v 84.746444702148438 0 -26.535585403442383
v 84.746444702148438 3.7999999523162842 -26.535585403442383
v 81.526268005371094 0 -26.535585403442383
v 81.526268005371094 3.7999999523162842 -26.535585403442383
f 3507 3505 3511 3509
f 3512 3506 3508 3510
f 3505 3507 3508 3506
f 3507 3509 3510 3508
f 3509 3511 3512 3510
f 3511 3505 3506 3512
g object_440
v 78.306098937988281 0 -22.867979049682617
v 78.306098937988281 3.7999999523162842 -22.867979049682617
v 81.526268005371094 0 -22.867979049682617
v 81.526268005371094 3.7999999523162842 -22.867979049682617
v 81.526268005371094 0 -26.535585403442383
v 81.526268005371094 3.7999999523162842 -26.535585403442383
v 78.306098937988281 0 -26.535585403442383
v 78.306098937988281 3.7999999523162842 -26.535585403442383
f 3515 3513 3519 3517
f 3520 3514 3516 3518
f 3513 3515 3516 3514
f 3515 3517 3518 3516
f 3517 3519 3520 3518
f 3519 3513 3514 3520
g object_441
v 75.085922241210938 0 -22.867979049682617
v 75.085922241210938 3.7999999523162842 -22.867979049682617
v 78.306098937988281 0 -22.867979049682617
v 78.306098937988281 3.7999999523162842 -22.867979049682617
v 78.306098937988281 0 -26.535585403442383
v 78.306098937988281 3.7999999523162842 -26.535585403442383
v 75.085922241210938 0 -26.535585403442383
v 75.085922241210938 3.7999999523162842 -26.535585403442383
f 3523 3521 3527 3525
f 3528 3522 3524 3526
f 3521 3523 3524 3522
f 3523 3525 3526 3524
f 3525 3527 3528 3526
f 3527 3521 3522 3528
g object_442
v 71.865753173828125 0 -22.867979049682617
v 71.865753173828125 3.7999999523162842 -22.867979049682617
v 75.085922241210938 0 -22.867979049682617
v 75.085922241210938 3.7999999523162842 -22.867979049682617
v 75.085922241210938 0 -26.535585403442383
v 75.085922241210938 3.7999999523162842 -26.535585403442383
v 71.865753173828125 0 -26.535585403442383
v 71.865753173828125 3.7999999523162842 -26.535585403442383
f 3531 3529 3535 3533
f 3536 3530 3532 3534
f 3529 3531 3532 3530
f 3531 3533 3534 3532
f 3533 3535 3536 3534
f 3535 3529 3530 3536
g object_443
v 68.645576477050781 0 -22.867979049682617
v 68.645576477050781 3.7999999523162842 -22.867979049682617
v 71.865753173828125 0 -22.867979049682617
v 71.865753173828125 3.7999999523162842 -22.867979049682617
v 71.865753173828125 0 -26.535585403442383
v 71.865753173828125 3.7999999523162842 -26.535585403442383
v 68.645576477050781 0 -26.535585403442383
v 68.645576477050781 3.7999999523162842 -26.535585403442383
f 3539 3537 3543 3541
f 3544 3538 3540 3542
f 3537 3539 3540 3538
f 3539 3541 3542 3540
f 3541 3543 3544 3542
f 3543 3537 3538 3544
g object_444
v 65.425407409667969 0 -22.867979049682617
v 65.425407409667969 3.7999999523162842 -22.867979049682617
v 68.645576477050781 0 -22.867979049682617
v 68.645576477050781 3.7999999523162842 -22.867979049682617
v 68.645576477050781 0 -26.535585403442383
v 68.645576477050781 3.7999999523162842 -26.535585403442383
v 65.425407409667969 0 -26.535585403442383
v 65.425407409667969 3.7999999523162842 -26.535585403442383
f 3547 3545 3551 3549
f 3552 3546 3548 3550
f 3545 3547 3548 3546
f 3547 3549 3550 3548
f 3549 3551 3552 3550
f 3551 3545 3546 3552
g object_445
v 62.205230712890625 0 -22.867979049682617
v 62.205230712890625 3.7999999523162842 -22.867979049682617
v 65.425407409667969 0 -22.867979049682617
v 65.425407409667969 3.7999999523162842 -22.867979049682617
v 65.425407409667969 0 -26.535585403442383
v 65.425407409667969 3.7999999523162842 -26.535585403442383
v 62.205230712890625 0 -26.535585403442383
v 62.205230712890625 3.7999999523162842 -26.535585403442383
f 3555 3553 3559 3557
f 3560 3554 3556 3558
f 3553 3555 3556 3554
f 3555 3557 3558 3556
f 3557 3559 3560 3558
f 3559 3553 3554 3560
g object_446
v 58.985057830810547 0 -22.867979049682617
v 58.985057830810547 3.7999999523162842 -22.867979049682617
v 62.205230712890625 0 -22.867979049682617
v 62.205230712890625 3.7999999523162842 -22.867979049682617
v 62.205230712890625 0 -26.535585403442383
v 62.205230712890625 3.7999999523162842 -26.535585403442383
v 58.985057830810547 0 -26.535585403442383
v 58.985057830810547 3.7999999523162842 -26.535585403442383
f 3563 3561 3567 3565
f 3568 3562 3564 3566
f 3561 3563 3564 3562
f 3563 3565 3566 3564
f 3565 3567 3568 3566
f 3567 3561 3562 3568
g object_447
v 100.84730529785156 0 -19.200370788574219
v 100.84730529785156 3.7999999523162842 -19.200370788574219
v 104.06748199462891 0 -19.200370788574219
v 104.06748199462891 3.7999999523162842 -19.200370788574219
v 104.06748199462891 0 -22.867979049682617
v 104.06748199462891 3.7999999523162842 -22.867979049682617
v 100.84730529785156 0 -22.867979049682617
v 100.84730529785156 3.7999999523162842 -22.867979049682617
f 3571 3569 3575 3573
f 3576 3570 3572 3574
f 3569 3571 3572 3570
f 3571 3573 3574 3572
f 3573 3575 3576 3574
f 3575 3569 3570 3576
g object_448
v 97.62713623046875 0 -19.200370788574219
v 97.62713623046875 3.7999999523162842 -19.200370788574219
v 100.84730529785156 0 -19.200370788574219
v 100.84730529785156 3.7999999523162842 -19.200370788574219
v 100.84730529785156 0 -22.867979049682617
v 100.84730529785156 3.7999999523162842 -22.867979049682617
v 97.62713623046875 0 -22.867979049682617
v 97.62713623046875 3.7999999523162842 -22.867979049682617
f 3579 3577 3583 3581
f 3584 3578 3580 3582
f 3577 3579 3580 3578
f 3579 3581 3582 3580
f 3581 3583 3584 3582
f 3583 3577 3578 3584
g object_449
v 94.406959533691406 0 -19.200370788574219
v 94.406959533691406 3.7999999523162842 -19.200370788574219
v 97.62713623046875 0 -19.200370788574219
v 97.62713623046875 3.7999999523162842 -19.200370788574219
v 97.62713623046875 0 -22.867979049682617
v 97.62713623046875 3.7999999523162842 -22.867979049682617
v 94.406959533691406 0 -22.867979049682617
v 94.406959533691406 3.7999999523162842 -22.867979049682617
f 3587 3585 3591 3589
f 3592 3586 3588 3590
f 3585 3587 3588 3586
f 3587 3589 3590 3588
f 3589 3591 3592 3590
f 3591 3585 3586 3592
g object_450
v 91.186790466308594 0 -19.200370788574219
v 91.186790466308594 3.7999999523162842 -19.200370788574219
v 94.406959533691406 0 -19.200370788574219
v 94.406959533691406 3.7999999523162842 -19.200370788574219
v 94.406959533691406 0 -22.867979049682617
v 94.406959533691406 3.7999999523162842 -22.867979049682617
v 91.186790466308594 0 -22.867979049682617
v 91.186790466308594 3.7999999523162842 -22.867979049682617
f 3595 3593 3599 3597
f 3600 3594 3596 3598
f 3593 3595 3596 3594
f 3595 3597 3598 3596
f 3597 3599 3600 3598
f 3599 3593 3594 3600
g object_451
v 87.96661376953125 0 -19.200370788574219
v 87.96661376953125 3.7999999523162842 -19.200370788574219
v 91.186790466308594 0 -19.200370788574219
v 91.186790466308594 3.7999999523162842 -19.200370788574219
v 91.186790466308594 0 -22.867979049682617
v 91.186790466308594 3.7999999523162842 -22.867979049682617
v 87.96661376953125 0 -22.867979049682617
v 87.96661376953125 3.7999999523162842 -22.867979049682617
f 3603 3601 3607 3605
f 3608 3602 3604 3606
f 3601 3603 3604 3602
f 3603 3605 3606 3604
f 3605 3607 3608 3606
f 3607 3601 3602 3608
g object_452
v 84.746444702148438 0 -19.200370788574219
v 84.746444702148438 3.7999999523162842 -19.200370788574219
v 87.96661376953125 0 -19.200370788574219
v 87.96661376953125 3.7999999523162842 -19.200370788574219
v 87.96661376953125 0 -22.867979049682617
v 87.96661376953125 3.7999999523162842 -22.867979049682617
v 84.746444702148438 0 -22.867979049682617
v 84.746444702148438 3.7999999523162842 -22.867979049682617
f 3611 3609 3615 3613
f 3616 3610 3612 3614
f 3609 3611 3612 3610
f 3611 3613 3614 3612
f 3613 3615 3616 3614
f 3615 3609 3610 3616
g object_453
v 81.526268005371094 0 -19.200370788574219
v 81.526268005371094 3.7999999523162842 -19.200370788574219
v 84.746444702148438 0 -19.200370788574219
v 84.746444702148438 3.7999999523162842 -19.200370788574219
v 84.746444702148438 0 -22.867979049682617
v 84.746444702148438 3.7999999523162842 -22.867979049682617
v 81.526268005371094 0 -22.867979049682617
v 81.526268005371094 3.7999999523162842 -22.867979049682617
f 3619 3617 3623 3621
f 3624 3618 3620 3622
f 3617 3619 3620 3618
f 3619 3621 3622 3620
f 3621 3623 3624 3622
f 3623 3617 3618 3624
g object_454
v 78.306098937988281 0 -19.200370788574219
v 78.306098937988281 3.7999999523162842 -19.200370788574219
v 81.526268005371094 0 -19.200370788574219
v 81.526268005371094 3.7999999523162842 -19.200370788574219
v 81.526268005371094 0 -22.867979049682617
v 81.526268005371094 3.7999999523162842 -22.867979049682617
v 78.306098937988281 0 -22.867979049682617
v 78.306098937988281 3.7999999523162842 -22.867979049682617
f 3627 3625 3631 3629
f 3632 3626 3628 3630
f 3625 3627 3628 3626
f 3627 3629 3630 3628
f 3629 3631 3632 3630
f 3631 3625 3626 3632
g object_455
v 75.085922241210938 0 -19.200370788574219
v 75.085922241210938 3.7999999523162842 -19.200370788574219
v 78.306098937988281 0 -19.200370788574219
v 78.306098937988281 3.7999999523162842 -19.200370788574219
v 78.306098937988281 0 -22.867979049682617
v 78.306098937988281 3.7999999523162842 -22.867979049682617
v 75.085922241210938 0 -22.867979049682617
v 75.085922241210938 3.7999999523162842 -22.867979049682617
f 3635 3633 3639 3637
f 3640 3634 3636 3638
f 3633 3635 3636 3634
f 3635 3637 3638 3636
f 3637 3639 3640 3638
f 3639 3633 3634 3640
g object_456
v 71.865753173828125 0 -19.200370788574219
v 71.865753173828125 3.7999999523162842 -19.200370788574219
v 75.085922241210938 0 -19.200370788574219
v 75.085922241210938 3.7999999523162842 -19.200370788574219
v 75.085922241210938 0 -22.867979049682617
v 75.085922241210938 3.7999999523162842 -22.867979049682617
v 71.865753173828125 0 -22.867979049682617
v 71.865753173828125 3.7999999523162842 -22.867979049682617
f 3643 3641 3647 3645
f 3648 3642 3644 3646
f 3641 3643 3644 3642
f 3643 3645 3646 3644
f 3645 3647 3648 3646
f 3647 3641 3642 3648
g object_457
v 68.645576477050781 0 -19.200370788574219
v 68.645576477050781 3.7999999523162842 -19.200370788574219
v 71.865753173828125 0 -19.200370788574219
v 71.865753173828125 3.7999999523162842 -19.200370788574219
v 71.865753173828125 0 -22.867979049682617
v 71.865753173828125 3.7999999523162842 -22.867979049682617
v 68.645576477050781 0 -22.867979049682617
v 68.645576477050781 3.7999999523162842 -22.867979049682617
f 3651 3649 3655 3653
f 3656 3650 3652 3654
f 3649 3651 3652 3650
f 3651 3653 3654 3652
f 3653 3655 3656 3654
f 3655 3649 3650 3656
g object_458
v 65.425407409667969 0 -19.200370788574219
v 65.425407409667969 3.7999999523162842 -19.200370788574219
v 68.645576477050781 0 -19.200370788574219
v 68.645576477050781 3.7999999523162842 -19.200370788574219
v 68.645576477050781 0 -22.867979049682617
v 68.645576477050781 3.7999999523162842 -22.867979049682617
v 65.425407409667969 0 -22.867979049682617
v 65.425407409667969 3.7999999523162842 -22.867979049682617
f 3659 3657 3663 3661
f 3664 3658 3660 3662
f 3657 3659 3660 3658
f 3659 3661 3662 3660
f 3661 3663 3664 3662
f 3663 3657 3658 3664
g object_459
v 62.205230712890625 0 -19.200370788574219
v 62.205230712890625 3.7999999523162842 -19.200370788574219
v 65.425407409667969 0 -19.200370788574219
v 65.425407409667969 3.7999999523162842 -19.200370788574219
v 65.425407409667969 0 -22.867979049682617
v 65.425407409667969 3.7999999523162842 -22.867979049682617
v 62.205230712890625 0 -22.867979049682617
v 62.205230712890625 3.7999999523162842 -22.867979049682617
f 3667 3665 3671 3669
f 3672 3666 3668 3670
f 3665 3667 3668 3666
f 3667 3669 3670 3668
f 3669 3671 3672 3670
f 3671 3665 3666 3672
g object_460
v 58.985057830810547 0 -19.200370788574219
v 58.985057830810547 3.7999999523162842 -19.200370788574219
v 62.205230712890625 0 -19.200370788574219
v 62.205230712890625 3.7999999523162842 -19.200370788574219
v 62.205230712890625 0 -22.867979049682617
v 62.205230712890625 3.7999999523162842 -22.867979049682617
v 58.985057830810547 0 -22.867979049682617
v 58.985057830810547 3.7999999523162842 -22.867979049682617
f 3675 3673 3679 3677
f 3680 3674 3676 3678
f 3673 3675 3676 3674
f 3675 3677 3678 3676
f 3677 3679 3680 3678
f 3679 3673 3674 3680
g object_461
v 21.14453125 11.399999618530273 -15.759796142578125
v 21.14453125 15.199999809265137 -15.759796142578125
v 24.364704132080078 11.399999618530273 -15.759796142578125
v 24.364704132080078 15.199999809265137 -15.759796142578125
v 24.364704132080078 11.399999618530273 -19.427404403686523
v 24.364704132080078 15.199999809265137 -19.427404403686523
v 21.14453125 11.399999618530273 -19.427404403686523
v 21.14453125 15.199999809265137 -19.427404403686523
f 3683 3681 3687 3685
f 3688 3682 3684 3686
f 3681 3683 3684 3682
f 3683 3685 3686 3684
f 3685 3687 3688 3686
f 3687 3681 3682 3688
g object_462
v 21.14453125 11.399999618530273 -12.092188835144043
v 21.14453125 15.199999809265137 -12.092188835144043
v 24.364704132080078 11.399999618530273 -12.092188835144043
v 24.364704132080078 15.199999809265137 -12.092188835144043
v 24.364704132080078 11.399999618530273 -15.759796142578125
v 24.364704132080078 15.199999809265137 -15.759796142578125
v 21.14453125 11.399999618530273 -15.759796142578125
v 21.14453125 15.199999809265137 -15.759796142578125
f 3691 3689 3695 3693
f 3696 3690 3692 3694
f 3689 3691 3692 3690
f 3691 3693 3694 3692
f 3693 3695 3696 3694
f 3695 3689 3690 3696
g object_463
v 24.364704132080078 11.399999618530273 -15.759796142578125
v 24.364704132080078 15.199999809265137 -15.759796142578125
v 27.584877014160156 11.399999618530273 -15.759796142578125
v 27.584877014160156 15.199999809265137 -15.759796142578125
v 27.584877014160156 11.399999618530273 -19.427404403686523
v 27.584877014160156 15.199999809265137 -19.427404403686523
v 24.364704132080078 11.399999618530273 -19.427404403686523
v 24.364704132080078 15.199999809265137 -19.427404403686523
f 3699 3697 3703 3701
f 3704 3698 3700 3702
f 3697 3699 3700 3698
f 3699 3701 3702 3700
f 3701 3703 3704 3702
f 3703 3697 3698 3704
g object_464
v 24.364704132080078 11.399999618530273 -12.092188835144043
v 24.364704132080078 15.199999809265137 -12.092188835144043
v 27.584877014160156 11.399999618530273 -12.092188835144043
v 27.584877014160156 15.199999809265137 -12.092188835144043
v 27.584877014160156 11.399999618530273 -15.759796142578125
v 27.584877014160156 15.199999809265137 -15.759796142578125
v 24.364704132080078 11.399999618530273 -15.759796142578125
v 24.364704132080078 15.199999809265137 -15.759796142578125
f 3707 3705 3711 3709
f 3712 3706 3708 3710
f 3705 3707 3708 3706
f 3707 3709 3710 3708
f 3709 3711 3712 3710
f 3711 3705 3706 3712
g object_465
v 27.584877014160156 11.399999618530273 -15.759796142578125
v 27.584877014160156 15.199999809265137 -15.759796142578125
v 30.805049896240234 11.399999618530273 -15.759796142578125
v 30.805049896240234 15.199999809265137 -15.759796142578125
v 30.805049896240234 11.399999618530273 -19.427404403686523
v 30.805049896240234 15.199999809265137 -19.427404403686523
v 27.584877014160156 11.399999618530273 -19.427404403686523
v 27.584877014160156 15.199999809265137 -19.427404403686523
f 3715 3713 3719 3717
f 3720 3714 3716 3718
f 3713 3715 3716 3714
f 3715 3717 3718 3716
f 3717 3719 3720 3718
f 3719 3713 3714 3720
g object_466
v 27.584877014160156 11.399999618530273 -12.092188835144043
v 27.584877014160156 15.199999809265137 -12.092188835144043
v 30.805049896240234 11.399999618530273 -12.092188835144043
v 30.805049896240234 15.199999809265137 -12.092188835144043
v 30.805049896240234 11.399999618530273 -15.759796142578125
v 30.805049896240234 15.199999809265137 -15.759796142578125
v 27.584877014160156 11.399999618530273 -15.759796142578125
v 27.584877014160156 15.199999809265137 -15.759796142578125
f 3723 3721 3727 3725
f 3728 3722 3724 3726
f 3721 3723 3724 3722
f 3723 3725 3726 3724
f 3725 3727 3728 3726
f 3727 3721 3722 3728
g object_467
v 17.924356460571289 11.399999618530273 -15.759796142578125
v 17.924356460571289 15.199999809265137 -15.759796142578125
v 21.14453125 11.399999618530273 -15.759796142578125
v 21.14453125 15.199999809265137 -15.759796142578125
v 21.14453125 11.399999618530273 -19.427404403686523
v 21.14453125 15.199999809265137 -19.427404403686523
v 17.924356460571289 11.399999618530273 -19.427404403686523
v 17.924356460571289 15.199999809265137 -19.427404403686523
f 3731 3729 3735 3733
f 3736 3730 3732 3734
f 3729 3731 3732 3730
f 3731 3733 3734 3732
f 3733 3735 3736 3734
f 3735 3729 3730 3736
g object_468
v 17.924356460571289 11.399999618530273 -12.092188835144043
v 17.924356460571289 15.199999809265137 -12.092188835144043
v 21.14453125 11.399999618530273 -12.092188835144043
v 21.14453125 15.199999809265137 -12.092188835144043
v 21.14453125 11.399999618530273 -15.759796142578125
v 21.14453125 15.199999809265137 -15.759796142578125
v 17.924356460571289 11.399999618530273 -15.759796142578125
v 17.924356460571289 15.199999809265137 -15.759796142578125
f 3739 3737 3743 3741
f 3744 3738 3740 3742
f 3737 3739 3740 3738
f 3739 3741 3742 3740
f 3741 3743 3744 3742
f 3743 3737 3738 3744
g object_469
v 14.704184532165527 11.399999618530273 -15.759796142578125
v 14.704184532165527 15.199999809265137 -15.759796142578125
v 17.924356460571289 11.399999618530273 -15.759796142578125
v 17.924356460571289 15.199999809265137 -15.759796142578125
v 17.924356460571289 11.399999618530273 -19.427404403686523
v 17.924356460571289 15.199999809265137 -19.427404403686523
v 14.704184532165527 11.399999618530273 -19.427404403686523
v 14.704184532165527 15.199999809265137 -19.427404403686523
f 3747 3745 3751 3749
f 3752 3746 3748 3750
f 3745 3747 3748 3746
f 3747 3749 3750 3748
f 3749 3751 3752 3750
f 3751 3745 3746 3752
g object_470
v 14.704184532165527 11.399999618530273 -12.092188835144043
v 14.704184532165527 15.199999809265137 -12.092188835144043
v 17.924356460571289 11.399999618530273 -12.092188835144043
v 17.924356460571289 15.199999809265137 -12.092188835144043
v 17.924356460571289 11.399999618530273 -15.759796142578125
v 17.924356460571289 15.199999809265137 -15.759796142578125
v 14.704184532165527 11.399999618530273 -15.759796142578125
v 14.704184532165527 15.199999809265137 -15.759796142578125
f 3755 3753 3759 3757
f 3760 3754 3756 3758
f 3753 3755 3756 3754
f 3755 3757 3758 3756
f 3757 3759 3760 3758
f 3759 3753 3754 3760
g object_471
v 30.805049896240234 11.399999618530273 -12.092188835144043
v 30.805049896240234 15.199999809265137 -12.092188835144043
v 32.755352020263672 11.399999618530273 -12.092188835144043
v 32.755352020263672 15.199999809265137 -12.092188835144043
v 32.755352020263672 11.399999618530273 -15.759796142578125
v 32.755352020263672 15.199999809265137 -15.759796142578125
v 30.805049896240234 11.399999618530273 -15.759796142578125
v 30.805049896240234 15.199999809265137 -15.759796142578125
f 3763 3761 3767 3765
f 3768 3762 3764 3766
f 3761 3763 3764 3762
f 3763 3765 3766 3764
f 3765 3767 3768 3766
f 3767 3761 3762 3768
g object_472
v 30.805049896240234 11.399999618530273 -15.759796142578125
v 30.805049896240234 15.199999809265137 -15.759796142578125
v 32.755352020263672 11.399999618530273 -15.759796142578125
v 32.755352020263672 15.199999809265137 -15.759796142578125
v 32.755352020263672 11.399999618530273 -19.427404403686523
v 32.755352020263672 15.199999809265137 -19.427404403686523
v 30.805049896240234 11.399999618530273 -19.427404403686523
v 30.805049896240234 15.199999809265137 -19.427404403686523
f 3771 3769 3775 3773
f 3776 3770 3772 3774
f 3769 3771 3772 3770
f 3771 3773 3774 3772
f 3773 3775 3776 3774
f 3775 3769 3770 3776
g object_473
v 30.805049896240234 11.399999618530273 -23.095010757446289
v 30.805049896240234 15.199999809265137 -23.095010757446289
v 32.755352020263672 11.399999618530273 -23.095010757446289
v 32.755352020263672 15.199999809265137 -23.095010757446289
v 32.755352020263672 11.399999618530273 -26.762617111206055
v 32.755352020263672 15.199999809265137 -26.762617111206055
v 30.805049896240234 11.399999618530273 -26.762617111206055
v 30.805049896240234 15.199999809265137 -26.762617111206055
f 3779 3777 3783 3781
f 3784 3778 3780 3782
f 3777 3779 3780 3778
f 3779 3781 3782 3780
f 3781 3783 3784 3782
f 3783 3777 3778 3784
g object_474
v 30.805049896240234 11.399999618530273 -19.427404403686523
v 30.805049896240234 15.199999809265137 -19.427404403686523
v 32.755352020263672 11.399999618530273 -19.427404403686523
v 32.755352020263672 15.199999809265137 -19.427404403686523
v 32.755352020263672 11.399999618530273 -23.095010757446289
v 32.755352020263672 15.199999809265137 -23.095010757446289
v 30.805049896240234 11.399999618530273 -23.095010757446289
v 30.805049896240234 15.199999809265137 -23.095010757446289
f 3787 3785 3791 3789
f 3792 3786 3788 3790
f 3785 3787 3788 3786
f 3787 3789 3790 3788
f 3789 3791 3792 3790
f 3791 3785 3786 3792
g object_475
v 14.704184532165527 11.399999618530273 -19.427404403686523
v 14.704184532165527 15.199999809265137 -19.427404403686523
v 17.924356460571289 11.399999618530273 -19.427404403686523
v 17.924356460571289 15.199999809265137 -19.427404403686523
v 17.924356460571289 11.399999618530273 -23.095010757446289
v 17.924356460571289 15.199999809265137 -23.095010757446289
v 14.704184532165527 11.399999618530273 -23.095010757446289
v 14.704184532165527 15.199999809265137 -23.095010757446289
f 3795 3793 3799 3797
f 3800 3794 3796 3798
f 3793 3795 3796 3794
f 3795 3797 3798 3796
f 3797 3799 3800 3798
f 3799 3793 3794 3800
g object_476
v 14.704184532165527 11.399999618530273 -23.095010757446289
v 14.704184532165527 15.199999809265137 -23.095010757446289
v 17.924356460571289 11.399999618530273 -23.095010757446289
v 17.924356460571289 15.199999809265137 -23.095010757446289
v 17.924356460571289 11.399999618530273 -26.762617111206055
v 17.924356460571289 15.199999809265137 -26.762617111206055
v 14.704184532165527 11.399999618530273 -26.762617111206055
v 14.704184532165527 15.199999809265137 -26.762617111206055
f 3803 3801 3807 3805
f 3808 3802 3804 3806
f 3801 3803 3804 3802
f 3803 3805 3806 3804
f 3805 3807 3808 3806
f 3807 3801 3802 3808
g object_477
v 17.924356460571289 11.399999618530273 -19.427404403686523
v 17.924356460571289 15.199999809265137 -19.427404403686523
v 21.14453125 11.399999618530273 -19.427404403686523
v 21.14453125 15.199999809265137 -19.427404403686523
v 21.14453125 11.399999618530273 -23.095010757446289
v 21.14453125 15.199999809265137 -23.095010757446289
v 17.924356460571289 11.399999618530273 -23.095010757446289
v 17.924356460571289 15.199999809265137 -23.095010757446289
f 3811 3809 3815 3813
f 3816 3810 3812 3814
f 3809 3811 3812 3810
f 3811 3813 3814 3812
f 3813 3815 3816 3814
f 3815 3809 3810 3816
g object_478
v 17.924356460571289 11.399999618530273 -23.095010757446289
v 17.924356460571289 15.199999809265137 -23.095010757446289
v 21.14453125 11.399999618530273 -23.095010757446289
v 21.14453125 15.199999809265137 -23.095010757446289
v 21.14453125 11.399999618530273 -26.762617111206055
v 21.14453125 15.199999809265137 -26.762617111206055
v 17.924356460571289 11.399999618530273 -26.762617111206055
v 17.924356460571289 15.199999809265137 -26.762617111206055
f 3819 3817 3823 3821
f 3824 3818 3820 3822
f 3817 3819 3820 3818
f 3819 3821 3822 3820
f 3821 3823 3824 3822
f 3823 3817 3818 3824
g object_479
v 27.584877014160156 11.399999618530273 -19.427404403686523
v 27.584877014160156 15.199999809265137 -19.427404403686523
v 30.805049896240234 11.399999618530273 -19.427404403686523
v 30.805049896240234 15.199999809265137 -19.427404403686523
v 30.805049896240234 11.399999618530273 -23.095010757446289
v 30.805049896240234 15.199999809265137 -23.095010757446289
v 27.584877014160156 11.399999618530273 -23.095010757446289
v 27.584877014160156 15.199999809265137 -23.095010757446289
f 3827 3825 3831 3829
f 3832 3826 3828 3830
f 3825 3827 3828 3826
f 3827 3829 3830 3828
f 3829 3831 3832 3830
f 3831 3825 3826 3832
g object_480
v 27.584877014160156 11.399999618530273 -23.095010757446289
v 27.584877014160156 15.199999809265137 -23.095010757446289
v 30.805049896240234 11.399999618530273 -23.095010757446289
v 30.805049896240234 15.199999809265137 -23.095010757446289
v 30.805049896240234 11.399999618530273 -26.762617111206055
v 30.805049896240234 15.199999809265137 -26.762617111206055
v 27.584877014160156 11.399999618530273 -26.762617111206055
v 27.584877014160156 15.199999809265137 -26.762617111206055
f 3835 3833 3839 3837
f 3840 3834 3836 3838
f 3833 3835 3836 3834
f 3835 3837 3838 3836
f 3837 3839 3840 3838
f 3839 3833 3834 3840
g object_481
v 24.364704132080078 11.399999618530273 -19.427404403686523
v 24.364704132080078 15.199999809265137 -19.427404403686523
v 27.584877014160156 11.399999618530273 -19.427404403686523
v 27.584877014160156 15.199999809265137 -19.427404403686523
v 27.584877014160156 11.399999618530273 -23.095010757446289
v 27.584877014160156 15.199999809265137 -23.095010757446289
v 24.364704132080078 11.399999618530273 -23.095010757446289
v 24.364704132080078 15.199999809265137 -23.095010757446289
f 3843 3841 3847 3845
f 3848 3842 3844 3846
f 3841 3843 3844 3842
f 3843 3845 3846 3844
f 3845 3847 3848 3846
f 3847 3841 3842 3848
g object_482
v 24.364704132080078 11.399999618530273 -23.095010757446289
v 24.364704132080078 15.199999809265137 -23.095010757446289
v 27.584877014160156 11.399999618530273 -23.095010757446289
v 27.584877014160156 15.199999809265137 -23.095010757446289
v 27.584877014160156 11.399999618530273 -26.762617111206055
v 27.584877014160156 15.199999809265137 -26.762617111206055
v 24.364704132080078 11.399999618530273 -26.762617111206055
v 24.364704132080078 15.199999809265137 -26.762617111206055
f 3851 3849 3855 3853
f 3856 3850 3852 3854
f 3849 3851 3852 3850
f 3851 3853 3854 3852
f 3853 3855 3856 3854
f 3855 3849 3850 3856
g object_483
v 14.704184532165527 11.399999618530273 -26.762617111206055
v 14.704184532165527 15.199999809265137 -26.762617111206055
v 17.924356460571289 11.399999618530273 -26.762617111206055
v 17.924356460571289 15.199999809265137 -26.762617111206055
v 17.924356460571289 11.399999618530273 -30.430225372314453
v 17.924356460571289 15.199999809265137 -30.430225372314453
v 14.704184532165527 11.399999618530273 -30.430225372314453
v 14.704184532165527 15.199999809265137 -30.430225372314453
f 3859 3857 3863 3861
f 3864 3858 3860 3862
f 3857 3859 3860 3858
f 3859 3861 3862 3860
f 3861 3863 3864 3862
f 3863 3857 3858 3864
g object_484
v 14.704184532165527 11.399999618530273 -30.430225372314453
v 14.704184532165527 15.199999809265137 -30.430225372314453
v 17.924356460571289 11.399999618530273 -30.430225372314453
v 17.924356460571289 15.199999809265137 -30.430225372314453
v 17.924356460571289 11.399999618530273 -34.097831726074219
v 17.924356460571289 15.199999809265137 -34.097831726074219
v 14.704184532165527 11.399999618530273 -34.097831726074219
v 14.704184532165527 15.199999809265137 -34.097831726074219
f 3867 3865 3871 3869
f 3872 3866 3868 3870
f 3865 3867 3868 3866
f 3867 3869 3870 3868
f 3869 3871 3872 3870
f 3871 3865 3866 3872
g object_485
v 17.924356460571289 11.399999618530273 -26.762617111206055
v 17.924356460571289 15.199999809265137 -26.762617111206055
v 21.14453125 11.399999618530273 -26.762617111206055
v 21.14453125 15.199999809265137 -26.762617111206055
v 21.14453125 11.399999618530273 -30.430225372314453
v 21.14453125 15.199999809265137 -30.430225372314453
v 17.924356460571289 11.399999618530273 -30.430225372314453
v 17.924356460571289 15.199999809265137 -30.430225372314453
f 3875 3873 3879 3877
f 3880 3874 3876 3878
f 3873 3875 3876 3874
f 3875 3877 3878 3876
f 3877 3879 3880 3878
f 3879 3873 3874 3880
g object_486
v 17.924356460571289 11.399999618530273 -30.430225372314453
v 17.924356460571289 15.199999809265137 -30.430225372314453
v 21.14453125 11.399999618530273 -30.430225372314453
v 21.14453125 15.199999809265137 -30.430225372314453
v 21.14453125 11.399999618530273 -34.097831726074219
v 21.14453125 15.199999809265137 -34.097831726074219
v 17.924356460571289 11.399999618530273 -34.097831726074219
v 17.924356460571289 15.199999809265137 -34.097831726074219
f 3883 3881 3887 3885
f 3888 3882 3884 3886
f 3881 3883 3884 3882
f 3883 3885 3886 3884
f 3885 3887 3888 3886
f 3887 3881 3882 3888
g object_487
v 14.704184532165527 11.399999618530273 -34.097831726074219
v 14.704184532165527 15.199999809265137 -34.097831726074219
v 17.924356460571289 11.399999618530273 -34.097831726074219
v 17.924356460571289 15.199999809265137 -34.097831726074219
v 17.924356460571289 11.399999618530273 -37.765438079833984
v 17.924356460571289 15.199999809265137 -37.765438079833984
v 14.704184532165527 11.399999618530273 -37.765438079833984
v 14.704184532165527 15.199999809265137 -37.765438079833984
f 3891 3889 3895 3893
f 3896 3890 3892 3894
f 3889 3891 3892 3890
f 3891 3893 3894 3892
f 3893 3895 3896 3894
f 3895 3889 3890 3896
g object_488
v 14.704184532165527 11.399999618530273 -37.765438079833984
v 14.704184532165527 15.199999809265137 -37.765438079833984
v 17.924356460571289 11.399999618530273 -37.765438079833984
v 17.924356460571289 15.199999809265137 -37.765438079833984
v 17.924356460571289 11.399999618530273 -41.43304443359375
v 17.924356460571289 15.199999809265137 -41.43304443359375
v 14.704184532165527 11.399999618530273 -41.43304443359375
v 14.704184532165527 15.199999809265137 -41.43304443359375
f 3899 3897 3903 3901
f 3904 3898 3900 3902
f 3897 3899 3900 3898
f 3899 3901 3902 3900
f 3901 3903 3904 3902
f 3903 3897 3898 3904
g object_489
v 17.924356460571289 11.399999618530273 -34.097831726074219
v 17.924356460571289 15.199999809265137 -34.097831726074219
v 21.14453125 11.399999618530273 -34.097831726074219
v 21.14453125 15.199999809265137 -34.097831726074219
v 21.14453125 11.399999618530273 -37.765438079833984
v 21.14453125 15.199999809265137 -37.765438079833984
v 17.924356460571289 11.399999618530273 -37.765438079833984
v 17.924356460571289 15.199999809265137 -37.765438079833984
f 3907 3905 3911 3909
f 3912 3906 3908 3910
f 3905 3907 3908 3906
f 3907 3909 3910 3908
f 3909 3911 3912 3910
f 3911 3905 3906 3912
g object_490
v 17.924356460571289 11.399999618530273 -37.765438079833984
v 17.924356460571289 15.199999809265137 -37.765438079833984
v 21.14453125 11.399999618530273 -37.765438079833984
v 21.14453125 15.199999809265137 -37.765438079833984
v 21.14453125 11.399999618530273 -41.43304443359375
v 21.14453125 15.199999809265137 -41.43304443359375
v 17.924356460571289 11.399999618530273 -41.43304443359375
v 17.924356460571289 15.199999809265137 -41.43304443359375
f 3915 3913 3919 3917
f 3920 3914 3916 3918
f 3913 3915 3916 3914
f 3915 3917 3918 3916
f 3917 3919 3920 3918
f 3919 3913 3914 3920
g object_491
v 14.704184532165527 11.399999618530273 -41.43304443359375
v 14.704184532165527 15.199999809265137 -41.43304443359375
v 17.924356460571289 11.399999618530273 -41.43304443359375
v 17.924356460571289 15.199999809265137 -41.43304443359375
v 17.924356460571289 11.399999618530273 -45.100654602050781
v 17.924356460571289 15.199999809265137 -45.100654602050781
v 14.704184532165527 11.399999618530273 -45.100654602050781
v 14.704184532165527 15.199999809265137 -45.100654602050781
f 3923 3921 3927 3925
f 3928 3922 3924 3926
f 3921 3923 3924 3922
f 3923 3925 3926 3924
f 3925 3927 3928 3926
f 3927 3921 3922 3928
g object_492
v 14.704184532165527 11.399999618530273 -45.100654602050781
v 14.704184532165527 15.199999809265137 -45.100654602050781
v 17.924356460571289 11.399999618530273 -45.100654602050781
v 17.924356460571289 15.199999809265137 -45.100654602050781
v 17.924356460571289 11.399999618530273 -48.768260955810547
v 17.924356460571289 15.199999809265137 -48.768260955810547
v 14.704184532165527 11.399999618530273 -48.768260955810547
v 14.704184532165527 15.199999809265137 -48.768260955810547
f 3931 3929 3935 3933
f 3936 3930 3932 3934
f 3929 3931 3932 3930
f 3931 3933 3934 3932
f 3933 3935 3936 3934
f 3935 3929 3930 3936
g object_493
v 17.924356460571289 11.399999618530273 -41.43304443359375
v 17.924356460571289 15.199999809265137 -41.43304443359375
v 21.14453125 11.399999618530273 -41.43304443359375
v 21.14453125 15.199999809265137 -41.43304443359375
v 21.14453125 11.399999618530273 -45.100654602050781
v 21.14453125 15.199999809265137 -45.100654602050781
v 17.924356460571289 11.399999618530273 -45.100654602050781
v 17.924356460571289 15.199999809265137 -45.100654602050781
f 3939 3937 3943 3941
f 3944 3938 3940 3942
f 3937 3939 3940 3938
f 3939 3941 3942 3940
f 3941 3943 3944 3942
f 3943 3937 3938 3944
g object_494
v 17.924356460571289 11.399999618530273 -45.100654602050781
v 17.924356460571289 15.199999809265137 -45.100654602050781
v 21.14453125 11.399999618530273 -45.100654602050781
v 21.14453125 15.199999809265137 -45.100654602050781
v 21.14453125 11.399999618530273 -48.768260955810547
v 21.14453125 15.199999809265137 -48.768260955810547
v 17.924356460571289 11.399999618530273 -48.768260955810547
v 17.924356460571289 15.199999809265137 -48.768260955810547
f 3947 3945 3951 3949
f 3952 3946 3948 3950
f 3945 3947 3948 3946
f 3947 3949 3950 3948
f 3949 3951 3952 3950
f 3951 3945 3946 3952
g object_495
v 21.14453125 11.399999618530273 -41.43304443359375
v 21.14453125 15.199999809265137 -41.43304443359375
v 24.364704132080078 11.399999618530273 -41.43304443359375
v 24.364704132080078 15.199999809265137 -41.43304443359375
v 24.364704132080078 11.399999618530273 -45.100654602050781
v 24.364704132080078 15.199999809265137 -45.100654602050781
v 21.14453125 11.399999618530273 -45.100654602050781
v 21.14453125 15.199999809265137 -45.100654602050781
f 3955 3953 3959 3957
f 3960 3954 3956 3958
f 3953 3955 3956 3954
f 3955 3957 3958 3956
f 3957 3959 3960 3958
f 3959 3953 3954 3960
g object_496
v 21.14453125 11.399999618530273 -45.100654602050781
v 21.14453125 15.199999809265137 -45.100654602050781
v 24.364704132080078 11.399999618530273 -45.100654602050781
v 24.364704132080078 15.199999809265137 -45.100654602050781
v 24.364704132080078 11.399999618530273 -48.768260955810547
v 24.364704132080078 15.199999809265137 -48.768260955810547
v 21.14453125 11.399999618530273 -48.768260955810547
v 21.14453125 15.199999809265137 -48.768260955810547
f 3963 3961 3967 3965
f 3968 3962 3964 3966
f 3961 3963 3964 3962
f 3963 3965 3966 3964
f 3965 3967 3968 3966
f 3967 3961 3962 3968
g object_497
v 24.364704132080078 11.399999618530273 -41.43304443359375
v 24.364704132080078 15.199999809265137 -41.43304443359375
v 27.584877014160156 11.399999618530273 -41.43304443359375
v 27.584877014160156 15.199999809265137 -41.43304443359375
v 27.584877014160156 11.399999618530273 -45.100654602050781
v 27.584877014160156 15.199999809265137 -45.100654602050781
v 24.364704132080078 11.399999618530273 -45.100654602050781
v 24.364704132080078 15.199999809265137 -45.100654602050781
f 3971 3969 3975 3973
f 3976 3970 3972 3974
f 3969 3971 3972 3970
f 3971 3973 3974 3972
f 3973 3975 3976 3974
f 3975 3969 3970 3976
g object_498
v 24.364704132080078 11.399999618530273 -45.100654602050781
v 24.364704132080078 15.199999809265137 -45.100654602050781
v 27.584877014160156 11.399999618530273 -45.100654602050781
v 27.584877014160156 15.199999809265137 -45.100654602050781
v 27.584877014160156 11.399999618530273 -48.768260955810547
v 27.584877014160156 15.199999809265137 -48.768260955810547
v 24.364704132080078 11.399999618530273 -48.768260955810547
v 24.364704132080078 15.199999809265137 -48.768260955810547
f 3979 3977 3983 3981
f 3984 3978 3980 3982
f 3977 3979 3980 3978
f 3979 3981 3982 3980
f 3981 3983 3984 3982
f 3983 3977 3978 3984
g object_499
v 27.584877014160156 11.399999618530273 -41.43304443359375
v 27.584877014160156 15.199999809265137 -41.43304443359375
v 30.805049896240234 11.399999618530273 -41.43304443359375
v 30.805049896240234 15.199999809265137 -41.43304443359375
v 30.805049896240234 11.399999618530273 -45.100654602050781
v 30.805049896240234 15.199999809265137 -45.100654602050781
v 27.584877014160156 11.399999618530273 -45.100654602050781
v 27.584877014160156 15.199999809265137 -45.100654602050781
f 3987 3985 3991 3989
f 3992 3986 3988 3990
f 3985 3987 3988 3986
f 3987 3989 3990 3988
f 3989 3991 3992 3990
f 3991 3985 3986 3992
g object_500
v 27.584877014160156 11.399999618530273 -45.100654602050781
v 27.584877014160156 15.199999809265137 -45.100654602050781
v 30.805049896240234 11.399999618530273 -45.100654602050781
v 30.805049896240234 15.199999809265137 -45.100654602050781
v 30.805049896240234 11.399999618530273 -48.768260955810547
v 30.805049896240234 15.199999809265137 -48.768260955810547
v 27.584877014160156 11.399999618530273 -48.768260955810547
v 27.584877014160156 15.199999809265137 -48.768260955810547
f 3995 3993 3999 3997
f 4000 3994 3996 3998
f 3993 3995 3996 3994
f 3995 3997 3998 3996
f 3997 3999 4000 3998
f 3999 3993 3994 4000
g object_501
v 30.805049896240234 11.399999618530273 -26.762617111206055
v 30.805049896240234 15.199999809265137 -26.762617111206055
v 32.755352020263672 11.399999618530273 -26.762617111206055
v 32.755352020263672 15.199999809265137 -26.762617111206055
v 32.755352020263672 11.399999618530273 -30.430225372314453
v 32.755352020263672 15.199999809265137 -30.430225372314453
v 30.805049896240234 11.399999618530273 -30.430225372314453
v 30.805049896240234 15.199999809265137 -30.430225372314453
f 4003 4001 4007 4005
f 4008 4002 4004 4006
f 4001 4003 4004 4002
f 4003 4005 4006 4004
f 4005 4007 4008 4006
f 4007 4001 4002 4008
g object_502
v 27.584877014160156 11.399999618530273 -26.762617111206055
v 27.584877014160156 15.199999809265137 -26.762617111206055
v 30.805049896240234 11.399999618530273 -26.762617111206055
v 30.805049896240234 15.199999809265137 -26.762617111206055
v 30.805049896240234 11.399999618530273 -30.430225372314453
v 30.805049896240234 15.199999809265137 -30.430225372314453
v 27.584877014160156 11.399999618530273 -30.430225372314453
v 27.584877014160156 15.199999809265137 -30.430225372314453
f 4011 4009 4015 4013
f 4016 4010 4012 4014
f 4009 4011 4012 4010
f 4011 4013 4014 4012
f 4013 4015 4016 4014
f 4015 4009 4010 4016
g object_503
v 24.364704132080078 11.399999618530273 -26.762617111206055
v 24.364704132080078 15.199999809265137 -26.762617111206055
v 27.584877014160156 11.399999618530273 -26.762617111206055
v 27.584877014160156 15.199999809265137 -26.762617111206055
v 27.584877014160156 11.399999618530273 -30.430225372314453
v 27.584877014160156 15.199999809265137 -30.430225372314453
v 24.364704132080078 11.399999618530273 -30.430225372314453
v 24.364704132080078 15.199999809265137 -30.430225372314453
f 4019 4017 4023 4021
f 4024 4018 4020 4022
f 4017 4019 4020 4018
f 4019 4021 4022 4020
f 4021 4023 4024 4022
f 4023 4017 4018 4024
g object_504
v 30.805049896240234 11.399999618530273 -30.430225372314453
v 30.805049896240234 15.199999809265137 -30.430225372314453
v 32.755352020263672 11.399999618530273 -30.430225372314453
v 32.755352020263672 15.199999809265137 -30.430225372314453
v 32.755352020263672 11.399999618530273 -34.097831726074219
v 32.755352020263672 15.199999809265137 -34.097831726074219
v 30.805049896240234 11.399999618530273 -34.097831726074219
v 30.805049896240234 15.199999809265137 -34.097831726074219
f 4027 4025 4031 4029
f 4032 4026 4028 4030
f 4025 4027 4028 4026
f 4027 4029 4030 4028
f 4029 4031 4032 4030
f 4031 4025 4026 4032
g object_505
v 27.584877014160156 11.399999618530273 -30.430225372314453
v 27.584877014160156 15.199999809265137 -30.430225372314453
v 30.805049896240234 11.399999618530273 -30.430225372314453
v 30.805049896240234 15.199999809265137 -30.430225372314453
v 30.805049896240234 11.399999618530273 -34.097831726074219
v 30.805049896240234 15.199999809265137 -34.097831726074219
v 27.584877014160156 11.399999618530273 -34.097831726074219
v 27.584877014160156 15.199999809265137 -34.097831726074219
f 4035 4033 4039 4037
f 4040 4034 4036 4038
f 4033 4035 4036 4034
f 4035 4037 4038 4036
f 4037 4039 4040 4038
f 4039 4033 4034 4040
g object_506
v 24.364704132080078 11.399999618530273 -30.430225372314453
v 24.364704132080078 15.199999809265137 -30.430225372314453
v 27.584877014160156 11.399999618530273 -30.430225372314453
v 27.584877014160156 15.199999809265137 -30.430225372314453
v 27.584877014160156 11.399999618530273 -34.097831726074219
v 27.584877014160156 15.199999809265137 -34.097831726074219
v 24.364704132080078 11.399999618530273 -34.097831726074219
v 24.364704132080078 15.199999809265137 -34.097831726074219
f 4043 4041 4047 4045
f 4048 4042 4044 4046
f 4041 4043 4044 4042
f 4043 4045 4046 4044
f 4045 4047 4048 4046
f 4047 4041 4042 4048
g object_507
v 30.805049896240234 11.399999618530273 -41.43304443359375
v 30.805049896240234 15.199999809265137 -41.43304443359375
v 32.755352020263672 11.399999618530273 -41.43304443359375
v 32.755352020263672 15.199999809265137 -41.43304443359375
v 32.755352020263672 11.399999618530273 -45.100654602050781
v 32.755352020263672 15.199999809265137 -45.100654602050781
v 30.805049896240234 11.399999618530273 -45.100654602050781
v 30.805049896240234 15.199999809265137 -45.100654602050781
f 4051 4049 4055 4053
f 4056 4050 4052 4054
f 4049 4051 4052 4050
f 4051 4053 4054 4052
f 4053 4055 4056 4054
f 4055 4049 4050 4056
g object_508
v 30.805049896240234 11.399999618530273 -45.100654602050781
v 30.805049896240234 15.199999809265137 -45.100654602050781
v 32.755352020263672 11.399999618530273 -45.100654602050781
v 32.755352020263672 15.199999809265137 -45.100654602050781
v 32.755352020263672 11.399999618530273 -48.768260955810547
v 32.755352020263672 15.199999809265137 -48.768260955810547
v 30.805049896240234 11.399999618530273 -48.768260955810547
v 30.805049896240234 15.199999809265137 -48.768260955810547
f 4059 4057 4063 4061
f 4064 4058 4060 4062
f 4057 4059 4060 4058
f 4059 4061 4062 4060
f 4061 4063 4064 4062
f 4063 4057 4058 4064
g object_509
v 21.14453125 7.5999999046325684 -15.759796142578125
v 21.14453125 11.399999618530273 -15.759796142578125
v 24.364704132080078 7.5999999046325684 -15.759796142578125
v 24.364704132080078 11.399999618530273 -15.759796142578125
v 24.364704132080078 7.5999999046325684 -19.427404403686523
v 24.364704132080078 11.399999618530273 -19.427404403686523
v 21.14453125 7.5999999046325684 -19.427404403686523
v 21.14453125 11.399999618530273 -19.427404403686523
f 4067 4065 4071 4069
f 4072 4066 4068 4070
f 4065 4067 4068 4066
f 4067 4069 4070 4068
f 4069 4071 4072 4070
f 4071 4065 4066 4072
g object_510
v 21.14453125 7.5999999046325684 -12.092188835144043
v 21.14453125 11.399999618530273 -12.092188835144043
v 24.364704132080078 7.5999999046325684 -12.092188835144043
v 24.364704132080078 11.399999618530273 -12.092188835144043
v 24.364704132080078 7.5999999046325684 -15.759796142578125
v 24.364704132080078 11.399999618530273 -15.759796142578125
v 21.14453125 7.5999999046325684 -15.759796142578125
v 21.14453125 11.399999618530273 -15.759796142578125
f 4075 4073 4079 4077
f 4080 4074 4076 4078
f 4073 4075 4076 4074
f 4075 4077 4078 4076
f 4077 4079 4080 4078
f 4079 4073 4074 4080
g object_511
v 24.364704132080078 7.5999999046325684 -15.759796142578125
v 24.364704132080078 11.399999618530273 -15.759796142578125
v 27.584877014160156 7.5999999046325684 -15.759796142578125
v 27.584877014160156 11.399999618530273 -15.759796142578125
v 27.584877014160156 7.5999999046325684 -19.427404403686523
v 27.584877014160156 11.399999618530273 -19.427404403686523
v 24.364704132080078 7.5999999046325684 -19.427404403686523
v 24.364704132080078 11.399999618530273 -19.427404403686523
f 4083 4081 4087 4085
f 4088 4082 4084 4086
f 4081 4083 4084 4082
f 4083 4085 4086 4084
f 4085 4087 4088 4086
f 4087 4081 4082 4088
g object_512
v 24.364704132080078 7.5999999046325684 -12.092188835144043
v 24.364704132080078 11.399999618530273 -12.092188835144043
v 27.584877014160156 7.5999999046325684 -12.092188835144043
v 27.584877014160156 11.399999618530273 -12.092188835144043
v 27.584877014160156 7.5999999046325684 -15.759796142578125
v 27.584877014160156 11.399999618530273 -15.759796142578125
v 24.364704132080078 7.5999999046325684 -15.759796142578125
v 24.364704132080078 11.399999618530273 -15.759796142578125
f 4091 4089 4095 4093
f 4096 4090 4092 4094
f 4089 4091 4092 4090
f 4091 4093 4094 4092
f 4093 4095 4096 4094
f 4095 4089 4090 4096
g object_513
v 27.584877014160156 7.5999999046325684 -15.759796142578125
v 27.584877014160156 11.399999618530273 -15.759796142578125
v 30.805049896240234 7.5999999046325684 -15.759796142578125
v 30.805049896240234 11.399999618530273 -15.759796142578125
v 30.805049896240234 7.5999999046325684 -19.427404403686523
v 30.805049896240234 11.399999618530273 -19.427404403686523
v 27.584877014160156 7.5999999046325684 -19.427404403686523
v 27.584877014160156 11.399999618530273 -19.427404403686523
f 4099 4097 4103 4101
f 4104 4098 4100 4102
f 4097 4099 4100 4098
f 4099 4101 4102 4100
f 4101 4103 4104 4102
f 4103 4097 4098 4104
g object_514
v 27.584877014160156 7.5999999046325684 -12.092188835144043
v 27.584877014160156 11.399999618530273 -12.092188835144043
v 30.805049896240234 7.5999999046325684 -12.092188835144043
v 30.805049896240234 11.399999618530273 -12.092188835144043
v 30.805049896240234 7.5999999046325684 -15.759796142578125
v 30.805049896240234 11.399999618530273 -15.759796142578125
v 27.584877014160156 7.5999999046325684 -15.759796142578125
v 27.584877014160156 11.399999618530273 -15.759796142578125
f 4107 4105 4111 4109
f 4112 4106 4108 4110
f 4105 4107 4108 4106
f 4107 4109 4110 4108
f 4109 4111 4112 4110
f 4111 4105 4106 4112
g object_515
v 17.924356460571289 7.5999999046325684 -15.759796142578125
v 17.924356460571289 11.399999618530273 -15.759796142578125
v 21.14453125 7.5999999046325684 -15.759796142578125
v 21.14453125 11.399999618530273 -15.759796142578125
v 21.14453125 7.5999999046325684 -19.427404403686523
v 21.14453125 11.399999618530273 -19.427404403686523
v 17.924356460571289 7.5999999046325684 -19.427404403686523
v 17.924356460571289 11.399999618530273 -19.427404403686523
f 4115 4113 4119 4117
f 4120 4114 4116 4118
f 4113 4115 4116 4114
f 4115 4117 4118 4116
f 4117 4119 4120 4118
f 4119 4113 4114 4120
g object_516
v 17.924356460571289 7.5999999046325684 -12.092188835144043
v 17.924356460571289 11.399999618530273 -12.092188835144043
v 21.14453125 7.5999999046325684 -12.092188835144043
v 21.14453125 11.399999618530273 -12.092188835144043
v 21.14453125 7.5999999046325684 -15.759796142578125
v 21.14453125 11.399999618530273 -15.759796142578125
v 17.924356460571289 7.5999999046325684 -15.759796142578125
v 17.924356460571289 11.399999618530273 -15.759796142578125
f 4123 4121 4127 4125
f 4128 4122 4124 4126
f 4121 4123 4124 4122
f 4123 4125 4126 4124
f 4125 4127 4128 4126
f 4127 4121 4122 4128
g object_517
v 14.704184532165527 7.5999999046325684 -15.759796142578125
v 14.704184532165527 11.399999618530273 -15.759796142578125
v 17.924356460571289 7.5999999046325684 -15.759796142578125
v 17.924356460571289 11.399999618530273 -15.759796142578125
v 17.924356460571289 7.5999999046325684 -19.427404403686523
v 17.924356460571289 11.399999618530273 -19.427404403686523
v 14.704184532165527 7.5999999046325684 -19.427404403686523
v 14.704184532165527 11.399999618530273 -19.427404403686523
f 4131 4129 4135 4133
f 4136 4130 4132 4134
f 4129 4131 4132 4130
f 4131 4133 4134 4132
f 4133 4135 4136 4134
f 4135 4129 4130 4136
g object_518
v 14.704184532165527 7.5999999046325684 -12.092188835144043
v 14.704184532165527 11.399999618530273 -12.092188835144043
v 17.924356460571289 7.5999999046325684 -12.092188835144043
v 17.924356460571289 11.399999618530273 -12.092188835144043
v 17.924356460571289 7.5999999046325684 -15.759796142578125
v 17.924356460571289 11.399999618530273 -15.759796142578125
v 14.704184532165527 7.5999999046325684 -15.759796142578125
v 14.704184532165527 11.399999618530273 -15.759796142578125
f 4139 4137 4143 4141
f 4144 4138 4140 4142
f 4137 4139 4140 4138
f 4139 4141 4142 4140
f 4141 4143 4144 4142
f 4143 4137 4138 4144
g object_519
v 30.805049896240234 7.5999999046325684 -12.092188835144043
v 30.805049896240234 11.399999618530273 -12.092188835144043
v 32.755352020263672 7.5999999046325684 -12.092188835144043
v 32.755352020263672 11.399999618530273 -12.092188835144043
v 32.755352020263672 7.5999999046325684 -15.759796142578125
v 32.755352020263672 11.399999618530273 -15.759796142578125
v 30.805049896240234 7.5999999046325684 -15.759796142578125
v 30.805049896240234 11.399999618530273 -15.759796142578125
f 4147 4145 4151 4149
f 4152 4146 4148 4150
f 4145 4147 4148 4146
f 4147 4149 4150 4148
f 4149 4151 4152 4150
f 4151 4145 4146 4152
g object_520
v 30.805049896240234 7.5999999046325684 -15.759796142578125
v 30.805049896240234 11.399999618530273 -15.759796142578125
v 32.755352020263672 7.5999999046325684 -15.759796142578125
v 32.755352020263672 11.399999618530273 -15.759796142578125
v 32.755352020263672 7.5999999046325684 -19.427404403686523
v 32.755352020263672 11.399999618530273 -19.427404403686523
v 30.805049896240234 7.5999999046325684 -19.427404403686523
v 30.805049896240234 11.399999618530273 -19.427404403686523
f 4155 4153 4159 4157
f 4160 4154 4156 4158
f 4153 4155 4156 4154
f 4155 4157 4158 4156
f 4157 4159 4160 4158
f 4159 4153 4154 4160
g object_521
v 30.805049896240234 7.5999999046325684 -23.095010757446289
v 30.805049896240234 11.399999618530273 -23.095010757446289
v 32.755352020263672 7.5999999046325684 -23.095010757446289
v 32.755352020263672 11.399999618530273 -23.095010757446289
v 32.755352020263672 7.5999999046325684 -26.762617111206055
v 32.755352020263672 11.399999618530273 -26.762617111206055
v 30.805049896240234 7.5999999046325684 -26.762617111206055
v 30.805049896240234 11.399999618530273 -26.762617111206055
f 4163 4161 4167 4165
f 4168 4162 4164 4166
f 4161 4163 4164 4162
f 4163 4165 4166 4164
f 4165 4167 4168 4166
f 4167 4161 4162 4168
g object_522
v 30.805049896240234 7.5999999046325684 -19.427404403686523
v 30.805049896240234 11.399999618530273 -19.427404403686523
v 32.755352020263672 7.5999999046325684 -19.427404403686523
v 32.755352020263672 11.399999618530273 -19.427404403686523
v 32.755352020263672 7.5999999046325684 -23.095010757446289
v 32.755352020263672 11.399999618530273 -23.095010757446289
v 30.805049896240234 7.5999999046325684 -23.095010757446289
v 30.805049896240234 11.399999618530273 -23.095010757446289
f 4171 4169 4175 4173
f 4176 4170 4172 4174
f 4169 4171 4172 4170
f 4171 4173 4174 4172
f 4173 4175 4176 4174
f 4175 4169 4170 4176
g object_523
v 14.704184532165527 7.5999999046325684 -19.427404403686523
v 14.704184532165527 11.399999618530273 -19.427404403686523
v 17.924356460571289 7.5999999046325684 -19.427404403686523
v 17.924356460571289 11.399999618530273 -19.427404403686523
v 17.924356460571289 7.5999999046325684 -23.095010757446289
v 17.924356460571289 11.399999618530273 -23.095010757446289
v 14.704184532165527 7.5999999046325684 -23.095010757446289
v 14.704184532165527 11.399999618530273 -23.095010757446289
f 4179 4177 4183 4181
f 4184 4178 4180 4182
f 4177 4179 4180 4178
f 4179 4181 4182 4180
f 4181 4183 4184 4182
f 4183 4177 4178 4184
g object_524
v 14.704184532165527 7.5999999046325684 -23.095010757446289
v 14.704184532165527 11.399999618530273 -23.095010757446289
v 17.924356460571289 7.5999999046325684 -23.095010757446289
v 17.924356460571289 11.399999618530273 -23.095010757446289
v 17.924356460571289 7.5999999046325684 -26.762617111206055
v 17.924356460571289 11.399999618530273 -26.762617111206055
v 14.704184532165527 7.5999999046325684 -26.762617111206055
v 14.704184532165527 11.399999618530273 -26.762617111206055
f 4187 4185 4191 4189
f 4192 4186 4188 4190
f 4185 4187 4188 4186
f 4187 4189 4190 4188
f 4189 4191 4192 4190
f 4191 4185 4186 4192
g object_525
v 17.924356460571289 7.5999999046325684 -19.427404403686523
v 17.924356460571289 11.399999618530273 -19.427404403686523
v 21.14453125 7.5999999046325684 -19.427404403686523
v 21.14453125 11.399999618530273 -19.427404403686523
v 21.14453125 7.5999999046325684 -23.095010757446289
v 21.14453125 11.399999618530273 -23.095010757446289
v 17.924356460571289 7.5999999046325684 -23.095010757446289
v 17.924356460571289 11.399999618530273 -23.095010757446289
f 4195 4193 4199 4197
f 4200 4194 4196 4198
f 4193 4195 4196 4194
f 4195 4197 4198 4196
f 4197 4199 4200 4198
f 4199 4193 4194 4200
g object_526
v 17.924356460571289 7.5999999046325684 -23.095010757446289
v 17.924356460571289 11.399999618530273 -23.095010757446289
v 21.14453125 7.5999999046325684 -23.095010757446289
v 21.14453125 11.399999618530273 -23.095010757446289
v 21.14453125 7.5999999046325684 -26.762617111206055
v 21.14453125 11.399999618530273 -26.762617111206055
v 17.924356460571289 7.5999999046325684 -26.762617111206055
v 17.924356460571289 11.399999618530273 -26.762617111206055
f 4203 4201 4207 4205
f 4208 4202 4204 4206
f 4201 4203 4204 4202
f 4203 4205 4206 4204
f 4205 4207 4208 4206
f 4207 4201 4202 4208
g object_527
v 27.584877014160156 7.5999999046325684 -19.427404403686523
v 27.584877014160156 11.399999618530273 -19.427404403686523
v 30.805049896240234 7.5999999046325684 -19.427404403686523
v 30.805049896240234 11.399999618530273 -19.427404403686523
v 30.805049896240234 7.5999999046325684 -23.095010757446289
v 30.805049896240234 11.399999618530273 -23.095010757446289
v 27.584877014160156 7.5999999046325684 -23.095010757446289
v 27.584877014160156 11.399999618530273 -23.095010757446289
f 4211 4209 4215 4213
f 4216 4210 4212 4214
f 4209 4211 4212 4210
f 4211 4213 4214 4212
f 4213 4215 4216 4214
f 4215 4209 4210 4216
g object_528
v 27.584877014160156 7.5999999046325684 -23.095010757446289
v 27.584877014160156 11.399999618530273 -23.095010757446289
v 30.805049896240234 7.5999999046325684 -23.095010757446289
v 30.805049896240234 11.399999618530273 -23.095010757446289
v 30.805049896240234 7.5999999046325684 -26.762617111206055
v 30.805049896240234 11.399999618530273 -26.762617111206055
v 27.584877014160156 7.5999999046325684 -26.762617111206055
v 27.584877014160156 11.399999618530273 -26.762617111206055
f 4219 4217 4223 4221
f 4224 4218 4220 4222
f 4217 4219 4220 4218
f 4219 4221 4222 4220
f 4221 4223 4224 4222
f 4223 4217 4218 4224
g object_529
v 24.364704132080078 7.5999999046325684 -19.427404403686523
v 24.364704132080078 11.399999618530273 -19.427404403686523
v 27.584877014160156 7.5999999046325684 -19.427404403686523
v 27.584877014160156 11.399999618530273 -19.427404403686523
v 27.584877014160156 7.5999999046325684 -23.095010757446289
v 27.584877014160156 11.399999618530273 -23.095010757446289
v 24.364704132080078 7.5999999046325684 -23.095010757446289
v 24.364704132080078 11.399999618530273 -23.095010757446289
f 4227 4225 4231 4229
f 4232 4226 4228 4230
f 4225 4227 4228 4226
f 4227 4229 4230 4228
f 4229 4231 4232 4230
f 4231 4225 4226 4232
g object_530
v 24.364704132080078 7.5999999046325684 -23.095010757446289
v 24.364704132080078 11.399999618530273 -23.095010757446289
v 27.584877014160156 7.5999999046325684 -23.095010757446289
v 27.584877014160156 11.399999618530273 -23.095010757446289
v 27.584877014160156 7.5999999046325684 -26.762617111206055
v 27.584877014160156 11.399999618530273 -26.762617111206055
v 24.364704132080078 7.5999999046325684 -26.762617111206055
v 24.364704132080078 11.399999618530273 -26.762617111206055
f 4235 4233 4239 4237
f 4240 4234 4236 4238
f 4233 4235 4236 4234
f 4235 4237 4238 4236
f 4237 4239 4240 4238
f 4239 4233 4234 4240
g object_531
v 14.704184532165527 7.5999999046325684 -26.762617111206055
v 14.704184532165527 11.399999618530273 -26.762617111206055
v 17.924356460571289 7.5999999046325684 -26.762617111206055
v 17.924356460571289 11.399999618530273 -26.762617111206055
v 17.924356460571289 7.5999999046325684 -30.430225372314453
v 17.924356460571289 11.399999618530273 -30.430225372314453
v 14.704184532165527 7.5999999046325684 -30.430225372314453
v 14.704184532165527 11.399999618530273 -30.430225372314453
f 4243 4241 4247 4245
f 4248 4242 4244 4246
f 4241 4243 4244 4242
f 4243 4245 4246 4244
f 4245 4247 4248 4246
f 4247 4241 4242 4248
g object_532
v 14.704184532165527 7.5999999046325684 -30.430225372314453
v 14.704184532165527 11.399999618530273 -30.430225372314453
v 17.924356460571289 7.5999999046325684 -30.430225372314453
v 17.924356460571289 11.399999618530273 -30.430225372314453
v 17.924356460571289 7.5999999046325684 -34.097831726074219
v 17.924356460571289 11.399999618530273 -34.097831726074219
v 14.704184532165527 7.5999999046325684 -34.097831726074219
v 14.704184532165527 11.399999618530273 -34.097831726074219
f 4251 4249 4255 4253
f 4256 4250 4252 4254
f 4249 4251 4252 4250
f 4251 4253 4254 4252
f 4253 4255 4256 4254
f 4255 4249 4250 4256
g object_533
v 17.924356460571289 7.5999999046325684 -26.762617111206055
v 17.924356460571289 11.399999618530273 -26.762617111206055
v 21.14453125 7.5999999046325684 -26.762617111206055
v 21.14453125 11.399999618530273 -26.762617111206055
v 21.14453125 7.5999999046325684 -30.430225372314453
v 21.14453125 11.399999618530273 -30.430225372314453
v 17.924356460571289 7.5999999046325684 -30.430225372314453
v 17.924356460571289 11.399999618530273 -30.430225372314453
f 4259 4257 4263 4261
f 4264 4258 4260 4262
f 4257 4259 4260 4258
f 4259 4261 4262 4260
f 4261 4263 4264 4262
f 4263 4257 4258 4264
g object_534
v 17.924356460571289 7.5999999046325684 -30.430225372314453
v 17.924356460571289 11.399999618530273 -30.430225372314453
v 21.14453125 7.5999999046325684 -30.430225372314453
v 21.14453125 11.399999618530273 -30.430225372314453
v 21.14453125 7.5999999046325684 -34.097831726074219
v 21.14453125 11.399999618530273 -34.097831726074219
v 17.924356460571289 7.5999999046325684 -34.097831726074219
v 17.924356460571289 11.399999618530273 -34.097831726074219
f 4267 4265 4271 4269
f 4272 4266 4268 4270
f 4265 4267 4268 4266
f 4267 4269 4270 4268
f 4269 4271 4272 4270
f 4271 4265 4266 4272
g object_535
v 14.704184532165527 7.5999999046325684 -34.097831726074219
v 14.704184532165527 11.399999618530273 -34.097831726074219
v 17.924356460571289 7.5999999046325684 -34.097831726074219
v 17.924356460571289 11.399999618530273 -34.097831726074219
v 17.924356460571289 7.5999999046325684 -37.765438079833984
v 17.924356460571289 11.399999618530273 -37.765438079833984
v 14.704184532165527 7.5999999046325684 -37.765438079833984
v 14.704184532165527 11.399999618530273 -37.765438079833984
f 4275 4273 4279 4277
f 4280 4274 4276 4278
f 4273 4275 4276 4274
f 4275 4277 4278 4276
f 4277 4279 4280 4278
f 4279 4273 4274 4280
g object_536
v 14.704184532165527 7.5999999046325684 -37.765438079833984
v 14.704184532165527 11.399999618530273 -37.765438079833984
v 17.924356460571289 7.5999999046325684 -37.765438079833984
v 17.924356460571289 11.399999618530273 -37.765438079833984
v 17.924356460571289 7.5999999046325684 -41.43304443359375
v 17.924356460571289 11.399999618530273 -41.43304443359375
v 14.704184532165527 7.5999999046325684 -41.43304443359375
v 14.704184532165527 11.399999618530273 -41.43304443359375
f 4283 4281 4287 4285
f 4288 4282 4284 4286
f 4281 4283 4284 4282
f 4283 4285 4286 4284
f 4285 4287 4288 4286
f 4287 4281 4282 4288
g object_537
v 17.924356460571289 7.5999999046325684 -34.097831726074219
v 17.924356460571289 11.399999618530273 -34.097831726074219
v 21.14453125 7.5999999046325684 -34.097831726074219
v 21.14453125 11.399999618530273 -34.097831726074219
v 21.14453125 7.5999999046325684 -37.765438079833984
v 21.14453125 11.399999618530273 -37.765438079833984
v 17.924356460571289 7.5999999046325684 -37.765438079833984
v 17.924356460571289 11.399999618530273 -37.765438079833984
f 4291 4289 4295 4293
f 4296 4290 4292 4294
f 4289 4291 4292 4290
f 4291 4293 4294 4292
f 4293 4295 4296 4294
f 4295 4289 4290 4296
g object_538
v 17.924356460571289 7.5999999046325684 -37.765438079833984
v 17.924356460571289 11.399999618530273 -37.765438079833984
v 21.14453125 7.5999999046325684 -37.765438079833984
v 21.14453125 11.399999618530273 -37.765438079833984
v 21.14453125 7.5999999046325684 -41.43304443359375
v 21.14453125 11.399999618530273 -41.43304443359375
v 17.924356460571289 7.5999999046325684 -41.43304443359375
v 17.924356460571289 11.399999618530273 -41.43304443359375
f 4299 4297 4303 4301
f 4304 4298 4300 4302
f 4297 4299 4300 4298
f 4299 4301 4302 4300
f 4301 4303 4304 4302
f 4303 4297 4298 4304
g object_539
v 14.704184532165527 7.5999999046325684 -41.43304443359375
v 14.704184532165527 11.399999618530273 -41.43304443359375
v 17.924356460571289 7.5999999046325684 -41.43304443359375
v 17.924356460571289 11.399999618530273 -41.43304443359375
v 17.924356460571289 7.5999999046325684 -45.100654602050781
v 17.924356460571289 11.399999618530273 -45.100654602050781
v 14.704184532165527 7.5999999046325684 -45.100654602050781
v 14.704184532165527 11.399999618530273 -45.100654602050781
f 4307 4305 4311 4309
f 4312 4306 4308 4310
f 4305 4307 4308 4306
f 4307 4309 4310 4308
f 4309 4311 4312 4310
f 4311 4305 4306 4312
g object_540
v 14.704184532165527 7.5999999046325684 -45.100654602050781
v 14.704184532165527 11.399999618530273 -45.100654602050781
v 17.924356460571289 7.5999999046325684 -45.100654602050781
v 17.924356460571289 11.399999618530273 -45.100654602050781
v 17.924356460571289 7.5999999046325684 -48.768260955810547
v 17.924356460571289 11.399999618530273 -48.768260955810547
v 14.704184532165527 7.5999999046325684 -48.768260955810547
v 14.704184532165527 11.399999618530273 -48.768260955810547
f 4315 4313 4319 4317
f 4320 4314 4316 4318
f 4313 4315 4316 4314
f 4315 4317 4318 4316
f 4317 4319 4320 4318
f 4319 4313 4314 4320
g object_541
v 17.924356460571289 7.5999999046325684 -41.43304443359375
v 17.924356460571289 11.399999618530273 -41.43304443359375
v 21.14453125 7.5999999046325684 -41.43304443359375
v 21.14453125 11.399999618530273 -41.43304443359375
v 21.14453125 7.5999999046325684 -45.100654602050781
v 21.14453125 11.399999618530273 -45.100654602050781
v 17.924356460571289 7.5999999046325684 -45.100654602050781
v 17.924356460571289 11.399999618530273 -45.100654602050781
f 4323 4321 4327 4325
f 4328 4322 4324 4326
f 4321 4323 4324 4322
f 4323 4325 4326 4324
f 4325 4327 4328 4326
f 4327 4321 4322 4328
g object_542
v 17.924356460571289 7.5999999046325684 -45.100654602050781
v 17.924356460571289 11.399999618530273 -45.100654602050781
v 21.14453125 7.5999999046325684 -45.100654602050781
v 21.14453125 11.399999618530273 -45.100654602050781
v 21.14453125 7.5999999046325684 -48.768260955810547
v 21.14453125 11.399999618530273 -48.768260955810547
v 17.924356460571289 7.5999999046325684 -48.768260955810547
v 17.924356460571289 11.399999618530273 -48.768260955810547
f 4331 4329 4335 4333
f 4336 4330 4332 4334
f 4329 4331 4332 4330
f 4331 4333 4334 4332
f 4333 4335 4336 4334
f 4335 4329 4330 4336
g object_543
v 21.14453125 7.5999999046325684 -41.43304443359375
v 21.14453125 11.399999618530273 -41.43304443359375
v 24.364704132080078 7.5999999046325684 -41.43304443359375
v 24.364704132080078 11.399999618530273 -41.43304443359375
v 24.364704132080078 7.5999999046325684 -45.100654602050781
v 24.364704132080078 11.399999618530273 -45.100654602050781
v 21.14453125 7.5999999046325684 -45.100654602050781
v 21.14453125 11.399999618530273 -45.100654602050781
f 4339 4337 4343 4341
f 4344 4338 4340 4342
f 4337 4339 4340 4338
f 4339 4341 4342 4340
f 4341 4343 4344 4342
f 4343 4337 4338 4344
g object_544
v 21.14453125 7.5999999046325684 -45.100654602050781
v 21.14453125 11.399999618530273 -45.100654602050781
v 24.364704132080078 7.5999999046325684 -45.100654602050781
v 24.364704132080078 11.399999618530273 -45.100654602050781
v 24.364704132080078 7.5999999046325684 -48.768260955810547
v 24.364704132080078 11.399999618530273 -48.768260955810547
v 21.14453125 7.5999999046325684 -48.768260955810547
v 21.14453125 11.399999618530273 -48.768260955810547
f 4347 4345 4351 4349
f 4352 4346 4348 4350
f 4345 4347 4348 4346
f 4347 4349 4350 4348
f 4349 4351 4352 4350
f 4351 4345 4346 4352
g object_545
v 24.364704132080078 7.5999999046325684 -41.43304443359375
v 24.364704132080078 11.399999618530273 -41.43304443359375
v 27.584877014160156 7.5999999046325684 -41.43304443359375
v 27.584877014160156 11.399999618530273 -41.43304443359375
v 27.584877014160156 7.5999999046325684 -45.100654602050781
v 27.584877014160156 11.399999618530273 -45.100654602050781
v 24.364704132080078 7.5999999046325684 -45.100654602050781
v 24.364704132080078 11.399999618530273 -45.100654602050781
f 4355 4353 4359 4357
f 4360 4354 4356 4358
f 4353 4355 4356 4354
f 4355 4357 4358 4356
f 4357 4359 4360 4358
f 4359 4353 4354 4360
g object_546
v 24.364704132080078 7.5999999046325684 -45.100654602050781
v 24.364704132080078 11.399999618530273 -45.100654602050781
v 27.584877014160156 7.5999999046325684 -45.100654602050781
v 27.584877014160156 11.399999618530273 -45.100654602050781
v 27.584877014160156 7.5999999046325684 -48.768260955810547
v 27.584877014160156 11.399999618530273 -48.768260955810547
v 24.364704132080078 7.5999999046325684 -48.768260955810547
v 24.364704132080078 11.399999618530273 -48.768260955810547
f 4363 4361 4367 4365
f 4368 4362 4364 4366
f 4361 4363 4364 4362
f 4363 4365 4366 4364
f 4365 4367 4368 4366
f 4367 4361 4362 4368
g object_547
v 27.584877014160156 7.5999999046325684 -41.43304443359375
v 27.584877014160156 11.399999618530273 -41.43304443359375
v 30.805049896240234 7.5999999046325684 -41.43304443359375
v 30.805049896240234 11.399999618530273 -41.43304443359375
v 30.805049896240234 7.5999999046325684 -45.100654602050781
v 30.805049896240234 11.399999618530273 -45.100654602050781
v 27.584877014160156 7.5999999046325684 -45.100654602050781
v 27.584877014160156 11.399999618530273 -45.100654602050781
f 4371 4369 4375 4373
f 4376 4370 4372 4374
f 4369 4371 4372 4370
f 4371 4373 4374 4372
f 4373 4375 4376 4374
f 4375 4369 4370 4376
g object_548
v 27.584877014160156 7.5999999046325684 -45.100654602050781
v 27.584877014160156 11.399999618530273 -45.100654602050781
v 30.805049896240234 7.5999999046325684 -45.100654602050781
v 30.805049896240234 11.399999618530273 -45.100654602050781
v 30.805049896240234 7.5999999046325684 -48.768260955810547
v 30.805049896240234 11.399999618530273 -48.768260955810547
v 27.584877014160156 7.5999999046325684 -48.768260955810547
v 27.584877014160156 11.399999618530273 -48.768260955810547
f 4379 4377 4383 4381
f 4384 4378 4380 4382
f 4377 4379 4380 4378
f 4379 4381 4382 4380
f 4381 4383 4384 4382
f 4383 4377 4378 4384
g object_549
v 30.805049896240234 7.5999999046325684 -26.762617111206055
v 30.805049896240234 11.399999618530273 -26.762617111206055
v 32.755352020263672 7.5999999046325684 -26.762617111206055
v 32.755352020263672 11.399999618530273 -26.762617111206055
v 32.755352020263672 7.5999999046325684 -30.430225372314453
v 32.755352020263672 11.399999618530273 -30.430225372314453
v 30.805049896240234 7.5999999046325684 -30.430225372314453
v 30.805049896240234 11.399999618530273 -30.430225372314453
f 4387 4385 4391 4389
f 4392 4386 4388 4390
f 4385 4387 4388 4386
f 4387 4389 4390 4388
f 4389 4391 4392 4390
f 4391 4385 4386 4392
g object_550
v 27.584877014160156 7.5999999046325684 -26.762617111206055
v 27.584877014160156 11.399999618530273 -26.762617111206055
v 30.805049896240234 7.5999999046325684 -26.762617111206055
v 30.805049896240234 11.399999618530273 -26.762617111206055
v 30.805049896240234 7.5999999046325684 -30.430225372314453
v 30.805049896240234 11.399999618530273 -30.430225372314453
v 27.584877014160156 7.5999999046325684 -30.430225372314453
v 27.584877014160156 11.399999618530273 -30.430225372314453
f 4395 4393 4399 4397
f 4400 4394 4396 4398
f 4393 4395 4396 4394
f 4395 4397 4398 4396
f 4397 4399 4400 4398
f 4399 4393 4394 4400
g object_551
v 24.364704132080078 7.5999999046325684 -26.762617111206055
v 24.364704132080078 11.399999618530273 -26.762617111206055
v 27.584877014160156 7.5999999046325684 -26.762617111206055
v 27.584877014160156 11.399999618530273 -26.762617111206055
v 27.584877014160156 7.5999999046325684 -30.430225372314453
v 27.584877014160156 11.399999618530273 -30.430225372314453
v 24.364704132080078 7.5999999046325684 -30.430225372314453
v 24.364704132080078 11.399999618530273 -30.430225372314453
f 4403 4401 4407 4405
f 4408 4402 4404 4406
f 4401 4403 4404 4402
f 4403 4405 4406 4404
f 4405 4407 4408 4406
f 4407 4401 4402 4408
g object_552
v 30.805049896240234 7.5999999046325684 -30.430225372314453
v 30.805049896240234 11.399999618530273 -30.430225372314453
v 32.755352020263672 7.5999999046325684 -30.430225372314453
v 32.755352020263672 11.399999618530273 -30.430225372314453
v 32.755352020263672 7.5999999046325684 -34.097831726074219
v 32.755352020263672 11.399999618530273 -34.097831726074219
v 30.805049896240234 7.5999999046325684 -34.097831726074219
v 30.805049896240234 11.399999618530273 -34.097831726074219
f 4411 4409 4415 4413
f 4416 4410 4412 4414
f 4409 4411 4412 4410
f 4411 4413 4414 4412
f 4413 4415 4416 4414
f 4415 4409 4410 4416
g object_553
v 27.584877014160156 7.5999999046325684 -30.430225372314453
v 27.584877014160156 11.399999618530273 -30.430225372314453
v 30.805049896240234 7.5999999046325684 -30.430225372314453
v 30.805049896240234 11.399999618530273 -30.430225372314453
v 30.805049896240234 7.5999999046325684 -34.097831726074219
v 30.805049896240234 11.399999618530273 -34.097831726074219
v 27.584877014160156 7.5999999046325684 -34.097831726074219
v 27.584877014160156 11.399999618530273 -34.097831726074219
f 4419 4417 4423 4421
f 4424 4418 4420 4422
f 4417 4419 4420 4418
f 4419 4421 4422 4420
f 4421 4423 4424 4422
f 4423 4417 4418 4424
g object_554
v 24.364704132080078 7.5999999046325684 -30.430225372314453
v 24.364704132080078 11.399999618530273 -30.430225372314453
v 27.584877014160156 7.5999999046325684 -30.430225372314453
v 27.584877014160156 11.399999618530273 -30.430225372314453
v 27.584877014160156 7.5999999046325684 -34.097831726074219
v 27.584877014160156 11.399999618530273 -34.097831726074219
v 24.364704132080078 7.5999999046325684 -34.097831726074219
v 24.364704132080078 11.399999618530273 -34.097831726074219
f 4427 4425 4431 4429
f 4432 4426 4428 4430
f 4425 4427 4428 4426
f 4427 4429 4430 4428
f 4429 4431 4432 4430
f 4431 4425 4426 4432
g object_555
v 30.805049896240234 7.5999999046325684 -41.43304443359375
v 30.805049896240234 11.399999618530273 -41.43304443359375
v 32.755352020263672 7.5999999046325684 -41.43304443359375
v 32.755352020263672 11.399999618530273 -41.43304443359375
v 32.755352020263672 7.5999999046325684 -45.100654602050781
v 32.755352020263672 11.399999618530273 -45.100654602050781
v 30.805049896240234 7.5999999046325684 -45.100654602050781
v 30.805049896240234 11.399999618530273 -45.100654602050781
f 4435 4433 4439 4437
f 4440 4434 4436 4438
f 4433 4435 4436 4434
f 4435 4437 4438 4436
f 4437 4439 4440 4438
f 4439 4433 4434 4440
g object_556
v 30.805049896240234 7.5999999046325684 -45.100654602050781
v 30.805049896240234 11.399999618530273 -45.100654602050781
v 32.755352020263672 7.5999999046325684 -45.100654602050781
v 32.755352020263672 11.399999618530273 -45.100654602050781
v 32.755352020263672 7.5999999046325684 -48.768260955810547
v 32.755352020263672 11.399999618530273 -48.768260955810547
v 30.805049896240234 7.5999999046325684 -48.768260955810547
v 30.805049896240234 11.399999618530273 -48.768260955810547
f 4443 4441 4447 4445
f 4448 4442 4444 4446
f 4441 4443 4444 4442
f 4443 4445 4446 4444
f 4445 4447 4448 4446
f 4447 4441 4442 4448
g object_557
v 21.14453125 3.7999999523162842 -15.759796142578125
v 21.14453125 7.5999999046325684 -15.759796142578125
v 24.364704132080078 3.7999999523162842 -15.759796142578125
v 24.364704132080078 7.5999999046325684 -15.759796142578125
v 24.364704132080078 3.7999999523162842 -19.427404403686523
v 24.364704132080078 7.5999999046325684 -19.427404403686523
v 21.14453125 3.7999999523162842 -19.427404403686523
v 21.14453125 7.5999999046325684 -19.427404403686523
f 4451 4449 4455 4453
f 4456 4450 4452 4454
f 4449 4451 4452 4450
f 4451 4453 4454 4452
f 4453 4455 4456 4454
f 4455 4449 4450 4456
g object_558
v 21.14453125 3.7999999523162842 -12.092188835144043
v 21.14453125 7.5999999046325684 -12.092188835144043
v 24.364704132080078 3.7999999523162842 -12.092188835144043
v 24.364704132080078 7.5999999046325684 -12.092188835144043
v 24.364704132080078 3.7999999523162842 -15.759796142578125
v 24.364704132080078 7.5999999046325684 -15.759796142578125
v 21.14453125 3.7999999523162842 -15.759796142578125
v 21.14453125 7.5999999046325684 -15.759796142578125
f 4459 4457 4463 4461
f 4464 4458 4460 4462
f 4457 4459 4460 4458
f 4459 4461 4462 4460
f 4461 4463 4464 4462
f 4463 4457 4458 4464
g object_559
v 24.364704132080078 3.7999999523162842 -15.759796142578125
v 24.364704132080078 7.5999999046325684 -15.759796142578125
v 27.584877014160156 3.7999999523162842 -15.759796142578125
v 27.584877014160156 7.5999999046325684 -15.759796142578125
v 27.584877014160156 3.7999999523162842 -19.427404403686523
v 27.584877014160156 7.5999999046325684 -19.427404403686523
v 24.364704132080078 3.7999999523162842 -19.427404403686523
v 24.364704132080078 7.5999999046325684 -19.427404403686523
f 4467 4465 4471 4469
f 4472 4466 4468 4470
f 4465 4467 4468 4466
f 4467 4469 4470 4468
f 4469 4471 4472 4470
f 4471 4465 4466 4472
g object_560
v 24.364704132080078 3.7999999523162842 -12.092188835144043
v 24.364704132080078 7.5999999046325684 -12.092188835144043
v 27.584877014160156 3.7999999523162842 -12.092188835144043
v 27.584877014160156 7.5999999046325684 -12.092188835144043
v 27.584877014160156 3.7999999523162842 -15.759796142578125
v 27.584877014160156 7.5999999046325684 -15.759796142578125
v 24.364704132080078 3.7999999523162842 -15.759796142578125
v 24.364704132080078 7.5999999046325684 -15.759796142578125
f 4475 4473 4479 4477
f 4480 4474 4476 4478
f 4473 4475 4476 4474
f 4475 4477 4478 4476
f 4477 4479 4480 4478
f 4479 4473 4474 4480
g object_561
v 27.584877014160156 3.7999999523162842 -15.759796142578125
v 27.584877014160156 7.5999999046325684 -15.759796142578125
v 30.805049896240234 3.7999999523162842 -15.759796142578125
v 30.805049896240234 7.5999999046325684 -15.759796142578125
v 30.805049896240234 3.7999999523162842 -19.427404403686523
v 30.805049896240234 7.5999999046325684 -19.427404403686523
v 27.584877014160156 3.7999999523162842 -19.427404403686523
v 27.584877014160156 7.5999999046325684 -19.427404403686523
f 4483 4481 4487 4485
f 4488 4482 4484 4486
f 4481 4483 4484 4482
f 4483 4485 4486 4484
f 4485 4487 4488 4486
f 4487 4481 4482 4488
g object_562
v 27.584877014160156 3.7999999523162842 -12.092188835144043
v 27.584877014160156 7.5999999046325684 -12.092188835144043
v 30.805049896240234 3.7999999523162842 -12.092188835144043
v 30.805049896240234 7.5999999046325684 -12.092188835144043
v 30.805049896240234 3.7999999523162842 -15.759796142578125
v 30.805049896240234 7.5999999046325684 -15.759796142578125
v 27.584877014160156 3.7999999523162842 -15.759796142578125
v 27.584877014160156 7.5999999046325684 -15.759796142578125
f 4491 4489 4495 4493
f 4496 4490 4492 4494
f 4489 4491 4492 4490
f 4491 4493 4494 4492
f 4493 4495 4496 4494
f 4495 4489 4490 4496
g object_563
v 17.924356460571289 3.7999999523162842 -15.759796142578125
v 17.924356460571289 7.5999999046325684 -15.759796142578125
v 21.14453125 3.7999999523162842 -15.759796142578125
v 21.14453125 7.5999999046325684 -15.759796142578125
v 21.14453125 3.7999999523162842 -19.427404403686523
v 21.14453125 7.5999999046325684 -19.427404403686523
v 17.924356460571289 3.7999999523162842 -19.427404403686523
v 17.924356460571289 7.5999999046325684 -19.427404403686523
f 4499 4497 4503 4501
f 4504 4498 4500 4502
f 4497 4499 4500 4498
f 4499 4501 4502 4500
f 4501 4503 4504 4502
f 4503 4497 4498 4504
g object_564
v 17.924356460571289 3.7999999523162842 -12.092188835144043
v 17.924356460571289 7.5999999046325684 -12.092188835144043
v 21.14453125 3.7999999523162842 -12.092188835144043
v 21.14453125 7.5999999046325684 -12.092188835144043
v 21.14453125 3.7999999523162842 -15.759796142578125
v 21.14453125 7.5999999046325684 -15.759796142578125
v 17.924356460571289 3.7999999523162842 -15.759796142578125
v 17.924356460571289 7.5999999046325684 -15.759796142578125
f 4507 4505 4511 4509
f 4512 4506 4508 4510
f 4505 4507 4508 4506
f 4507 4509 4510 4508
f 4509 4511 4512 4510
f 4511 4505 4506 4512
g object_565
v 14.704184532165527 3.7999999523162842 -15.759796142578125
v 14.704184532165527 7.5999999046325684 -15.759796142578125
v 17.924356460571289 3.7999999523162842 -15.759796142578125
v 17.924356460571289 7.5999999046325684 -15.759796142578125
v 17.924356460571289 3.7999999523162842 -19.427404403686523
v 17.924356460571289 7.5999999046325684 -19.427404403686523
v 14.704184532165527 3.7999999523162842 -19.427404403686523
v 14.704184532165527 7.5999999046325684 -19.427404403686523
f 4515 4513 4519 4517
f 4520 4514 4516 4518
f 4513 4515 4516 4514
f 4515 4517 4518 4516
f 4517 4519 4520 4518
f 4519 4513 4514 4520
g object_566
v 14.704184532165527 3.7999999523162842 -12.092188835144043
v 14.704184532165527 7.5999999046325684 -12.092188835144043
v 17.924356460571289 3.7999999523162842 -12.092188835144043
v 17.924356460571289 7.5999999046325684 -12.092188835144043
v 17.924356460571289 3.7999999523162842 -15.759796142578125
v 17.924356460571289 7.5999999046325684 -15.759796142578125
v 14.704184532165527 3.7999999523162842 -15.759796142578125
v 14.704184532165527 7.5999999046325684 -15.759796142578125
f 4523 4521 4527 4525
f 4528 4522 4524 4526
f 4521 4523 4524 4522
f 4523 4525 4526 4524
f 4525 4527 4528 4526
f 4527 4521 4522 4528
g object_567
v 30.805049896240234 3.7999999523162842 -12.092188835144043
v 30.805049896240234 7.5999999046325684 -12.092188835144043
v 32.755352020263672 3.7999999523162842 -12.092188835144043
v 32.755352020263672 7.5999999046325684 -12.092188835144043
v 32.755352020263672 3.7999999523162842 -15.759796142578125
v 32.755352020263672 7.5999999046325684 -15.759796142578125
v 30.805049896240234 3.7999999523162842 -15.759796142578125
v 30.805049896240234 7.5999999046325684 -15.759796142578125
f 4531 4529 4535 4533
f 4536 4530 4532 4534
f 4529 4531 4532 4530
f 4531 4533 4534 4532
f 4533 4535 4536 4534
f 4535 4529 4530 4536
g object_568
v 30.805049896240234 3.7999999523162842 -15.759796142578125
v 30.805049896240234 7.5999999046325684 -15.759796142578125
v 32.755352020263672 3.7999999523162842 -15.759796142578125
v 32.755352020263672 7.5999999046325684 -15.759796142578125
v 32.755352020263672 3.7999999523162842 -19.427404403686523
v 32.755352020263672 7.5999999046325684 -19.427404403686523
v 30.805049896240234 3.7999999523162842 -19.427404403686523
v 30.805049896240234 7.5999999046325684 -19.427404403686523
f 4539 4537 4543 4541
f 4544 4538 4540 4542
f 4537 4539 4540 4538
f 4539 4541 4542 4540
f 4541 4543 4544 4542
f 4543 4537 4538 4544
g object_569
v 30.805049896240234 3.7999999523162842 -23.095010757446289
v 30.805049896240234 7.5999999046325684 -23.095010757446289
v 32.755352020263672 3.7999999523162842 -23.095010757446289
v 32.755352020263672 7.5999999046325684 -23.095010757446289
v 32.755352020263672 3.7999999523162842 -26.762617111206055
v 32.755352020263672 7.5999999046325684 -26.762617111206055
v 30.805049896240234 3.7999999523162842 -26.762617111206055
v 30.805049896240234 7.5999999046325684 -26.762617111206055
f 4547 4545 4551 4549
f 4552 4546 4548 4550
f 4545 4547 4548 4546
f 4547 4549 4550 4548
f 4549 4551 4552 4550
f 4551 4545 4546 4552
g object_570
v 30.805049896240234 3.7999999523162842 -19.427404403686523
v 30.805049896240234 7.5999999046325684 -19.427404403686523
v 32.755352020263672 3.7999999523162842 -19.427404403686523
v 32.755352020263672 7.5999999046325684 -19.427404403686523
v 32.755352020263672 3.7999999523162842 -23.095010757446289
v 32.755352020263672 7.5999999046325684 -23.095010757446289
v 30.805049896240234 3.7999999523162842 -23.095010757446289
v 30.805049896240234 7.5999999046325684 -23.095010757446289
f 4555 4553 4559 4557
f 4560 4554 4556 4558
f 4553 4555 4556 4554
f 4555 4557 4558 4556
f 4557 4559 4560 4558
f 4559 4553 4554 4560
g object_571
v 14.704184532165527 3.7999999523162842 -19.427404403686523
v 14.704184532165527 7.5999999046325684 -19.427404403686523
v 17.924356460571289 3.7999999523162842 -19.427404403686523
v 17.924356460571289 7.5999999046325684 -19.427404403686523
v 17.924356460571289 3.7999999523162842 -23.095010757446289
v 17.924356460571289 7.5999999046325684 -23.095010757446289
v 14.704184532165527 3.7999999523162842 -23.095010757446289
v 14.704184532165527 7.5999999046325684 -23.095010757446289
f 4563 4561 4567 4565
f 4568 4562 4564 4566
f 4561 4563 4564 4562
f 4563 4565 4566 4564
f 4565 4567 4568 4566
f 4567 4561 4562 4568
g object_572
v 14.704184532165527 3.7999999523162842 -23.095010757446289
v 14.704184532165527 7.5999999046325684 -23.095010757446289
v 17.924356460571289 3.7999999523162842 -23.095010757446289
v 17.924356460571289 7.5999999046325684 -23.095010757446289
v 17.924356460571289 3.7999999523162842 -26.762617111206055
v 17.924356460571289 7.5999999046325684 -26.762617111206055
v 14.704184532165527 3.7999999523162842 -26.762617111206055
v 14.704184532165527 7.5999999046325684 -26.762617111206055
f 4571 4569 4575 4573
f 4576 4570 4572 4574
f 4569 4571 4572 4570
f 4571 4573 4574 4572
f 4573 4575 4576 4574
f 4575 4569 4570 4576
g object_573
v 17.924356460571289 3.7999999523162842 -19.427404403686523
v 17.924356460571289 7.5999999046325684 -19.427404403686523
v 21.14453125 3.7999999523162842 -19.427404403686523
v 21.14453125 7.5999999046325684 -19.427404403686523
v 21.14453125 3.7999999523162842 -23.095010757446289
v 21.14453125 7.5999999046325684 -23.095010757446289
v 17.924356460571289 3.7999999523162842 -23.095010757446289
v 17.924356460571289 7.5999999046325684 -23.095010757446289
f 4579 4577 4583 4581
f 4584 4578 4580 4582
f 4577 4579 4580 4578
f 4579 4581 4582 4580
f 4581 4583 4584 4582
f 4583 4577 4578 4584
g object_574
v 17.924356460571289 3.7999999523162842 -23.095010757446289
v 17.924356460571289 7.5999999046325684 -23.095010757446289
v 21.14453125 3.7999999523162842 -23.095010757446289
v 21.14453125 7.5999999046325684 -23.095010757446289
v 21.14453125 3.7999999523162842 -26.762617111206055
v 21.14453125 7.5999999046325684 -26.762617111206055
v 17.924356460571289 3.7999999523162842 -26.762617111206055
v 17.924356460571289 7.5999999046325684 -26.762617111206055
f 4587 4585 4591 4589
f 4592 4586 4588 4590
f 4585 4587 4588 4586
f 4587 4589 4590 4588
f 4589 4591 4592 4590
f 4591 4585 4586 4592
g object_575
v 27.584877014160156 3.7999999523162842 -19.427404403686523
v 27.584877014160156 7.5999999046325684 -19.427404403686523
v 30.805049896240234 3.7999999523162842 -19.427404403686523
v 30.805049896240234 7.5999999046325684 -19.427404403686523
v 30.805049896240234 3.7999999523162842 -23.095010757446289
v 30.805049896240234 7.5999999046325684 -23.095010757446289
v 27.584877014160156 3.7999999523162842 -23.095010757446289
v 27.584877014160156 7.5999999046325684 -23.095010757446289
f 4595 4593 4599 4597
f 4600 4594 4596 4598
f 4593 4595 4596 4594
f 4595 4597 4598 4596
f 4597 4599 4600 4598
f 4599 4593 4594 4600
g object_576
v 27.584877014160156 3.7999999523162842 -23.095010757446289
v 27.584877014160156 7.5999999046325684 -23.095010757446289
v 30.805049896240234 3.7999999523162842 -23.095010757446289
v 30.805049896240234 7.5999999046325684 -23.095010757446289
v 30.805049896240234 3.7999999523162842 -26.762617111206055
v 30.805049896240234 7.5999999046325684 -26.762617111206055
v 27.584877014160156 3.7999999523162842 -26.762617111206055
v 27.584877014160156 7.5999999046325684 -26.762617111206055
f 4603 4601 4607 4605
f 4608 4602 4604 4606
f 4601 4603 4604 4602
f 4603 4605 4606 4604
f 4605 4607 4608 4606
f 4607 4601 4602 4608
g object_577
v 24.364704132080078 3.7999999523162842 -19.427404403686523
v 24.364704132080078 7.5999999046325684 -19.427404403686523
v 27.584877014160156 3.7999999523162842 -19.427404403686523
v 27.584877014160156 7.5999999046325684 -19.427404403686523
v 27.584877014160156 3.7999999523162842 -23.095010757446289
v 27.584877014160156 7.5999999046325684 -23.095010757446289
v 24.364704132080078 3.7999999523162842 -23.095010757446289
v 24.364704132080078 7.5999999046325684 -23.095010757446289
f 4611 4609 4615 4613
f 4616 4610 4612 4614
f 4609 4611 4612 4610
f 4611 4613 4614 4612
f 4613 4615 4616 4614
f 4615 4609 4610 4616
g object_578
v 24.364704132080078 3.7999999523162842 -23.095010757446289
v 24.364704132080078 7.5999999046325684 -23.095010757446289
v 27.584877014160156 3.7999999523162842 -23.095010757446289
v 27.584877014160156 7.5999999046325684 -23.095010757446289
v 27.584877014160156 3.7999999523162842 -26.762617111206055
v 27.584877014160156 7.5999999046325684 -26.762617111206055
v 24.364704132080078 3.7999999523162842 -26.762617111206055
v 24.364704132080078 7.5999999046325684 -26.762617111206055
f 4619 4617 4623 4621
f 4624 4618 4620 4622
f 4617 4619 4620 4618
f 4619 4621 4622 4620
f 4621 4623 4624 4622
f 4623 4617 4618 4624
g object_579
v 14.704184532165527 3.7999999523162842 -26.762617111206055
v 14.704184532165527 7.5999999046325684 -26.762617111206055
v 17.924356460571289 3.7999999523162842 -26.762617111206055
v 17.924356460571289 7.5999999046325684 -26.762617111206055
v 17.924356460571289 3.7999999523162842 -30.430225372314453
v 17.924356460571289 7.5999999046325684 -30.430225372314453
v 14.704184532165527 3.7999999523162842 -30.430225372314453
v 14.704184532165527 7.5999999046325684 -30.430225372314453
f 4627 4625 4631 4629
f 4632 4626 4628 4630
f 4625 4627 4628 4626
f 4627 4629 4630 4628
f 4629 4631 4632 4630
f 4631 4625 4626 4632
g object_580
v 14.704184532165527 3.7999999523162842 -30.430225372314453
v 14.704184532165527 7.5999999046325684 -30.430225372314453
v 17.924356460571289 3.7999999523162842 -30.430225372314453
v 17.924356460571289 7.5999999046325684 -30.430225372314453
v 17.924356460571289 3.7999999523162842 -34.097831726074219
v 17.924356460571289 7.5999999046325684 -34.097831726074219
v 14.704184532165527 3.7999999523162842 -34.097831726074219
v 14.704184532165527 7.5999999046325684 -34.097831726074219
f 4635 4633 4639 4637
f 4640 4634 4636 4638
f 4633 4635 4636 4634
f 4635 4637 4638 4636
f 4637 4639 4640 4638
f 4639 4633 4634 4640
g object_581
v 17.924356460571289 3.7999999523162842 -26.762617111206055
v 17.924356460571289 7.5999999046325684 -26.762617111206055
v 21.14453125 3.7999999523162842 -26.762617111206055
v 21.14453125 7.5999999046325684 -26.762617111206055
v 21.14453125 3.7999999523162842 -30.430225372314453
v 21.14453125 7.5999999046325684 -30.430225372314453
v 17.924356460571289 3.7999999523162842 -30.430225372314453
v 17.924356460571289 7.5999999046325684 -30.430225372314453
f 4643 4641 4647 4645
f 4648 4642 4644 4646
f 4641 4643 4644 4642
f 4643 4645 4646 4644
f 4645 4647 4648 4646
f 4647 4641 4642 4648
g object_582
v 17.924356460571289 3.7999999523162842 -30.430225372314453
v 17.924356460571289 7.5999999046325684 -30.430225372314453
v 21.14453125 3.7999999523162842 -30.430225372314453
v 21.14453125 7.5999999046325684 -30.430225372314453
v 21.14453125 3.7999999523162842 -34.097831726074219
v 21.14453125 7.5999999046325684 -34.097831726074219
v 17.924356460571289 3.7999999523162842 -34.097831726074219
v 17.924356460571289 7.5999999046325684 -34.097831726074219
f 4651 4649 4655 4653
f 4656 4650 4652 4654
f 4649 4651 4652 4650
f 4651 4653 4654 4652
f 4653 4655 4656 4654
f 4655 4649 4650 4656
g object_583
v 14.704184532165527 3.7999999523162842 -34.097831726074219
v 14.704184532165527 7.5999999046325684 -34.097831726074219
v 17.924356460571289 3.7999999523162842 -34.097831726074219
v 17.924356460571289 7.5999999046325684 -34.097831726074219
v 17.924356460571289 3.7999999523162842 -37.765438079833984
v 17.924356460571289 7.5999999046325684 -37.765438079833984
v 14.704184532165527 3.7999999523162842 -37.765438079833984
v 14.704184532165527 7.5999999046325684 -37.765438079833984
f 4659 4657 4663 4661
f 4664 4658 4660 4662
f 4657 4659 4660 4658
f 4659 4661 4662 4660
f 4661 4663 4664 4662
f 4663 4657 4658 4664
g object_584
v 14.704184532165527 3.7999999523162842 -37.765438079833984
v 14.704184532165527 7.5999999046325684 -37.765438079833984
v 17.924356460571289 3.7999999523162842 -37.765438079833984
v 17.924356460571289 7.5999999046325684 -37.765438079833984
v 17.924356460571289 3.7999999523162842 -41.43304443359375
v 17.924356460571289 7.5999999046325684 -41.43304443359375
v 14.704184532165527 3.7999999523162842 -41.43304443359375
v 14.704184532165527 7.5999999046325684 -41.43304443359375
f 4667 4665 4671 4669
f 4672 4666 4668 4670
f 4665 4667 4668 4666
f 4667 4669 4670 4668
f 4669 4671 4672 4670
f 4671 4665 4666 4672
g object_585
v 17.924356460571289 3.7999999523162842 -34.097831726074219
v 17.924356460571289 7.5999999046325684 -34.097831726074219
v 21.14453125 3.7999999523162842 -34.097831726074219
v 21.14453125 7.5999999046325684 -34.097831726074219
v 21.14453125 3.7999999523162842 -37.765438079833984
v 21.14453125 7.5999999046325684 -37.765438079833984
v 17.924356460571289 3.7999999523162842 -37.765438079833984
v 17.924356460571289 7.5999999046325684 -37.765438079833984
f 4675 4673 4679 4677
f 4680 4674 4676 4678
f 4673 4675 4676 4674
f 4675 4677 4678 4676
f 4677 4679 4680 4678
f 4679 4673 4674 4680
g object_586
v 17.924356460571289 3.7999999523162842 -37.765438079833984
v 17.924356460571289 7.5999999046325684 -37.765438079833984
v 21.14453125 3.7999999523162842 -37.765438079833984
v 21.14453125 7.5999999046325684 -37.765438079833984
v 21.14453125 3.7999999523162842 -41.43304443359375
v 21.14453125 7.5999999046325684 -41.43304443359375
v 17.924356460571289 3.7999999523162842 -41.43304443359375
v 17.924356460571289 7.5999999046325684 -41.43304443359375
f 4683 4681 4687 4685
f 4688 4682 4684 4686
f 4681 4683 4684 4682
f 4683 4685 4686 4684
f 4685 4687 4688 4686
f 4687 4681 4682 4688
g object_587
v 14.704184532165527 3.7999999523162842 -41.43304443359375
v 14.704184532165527 7.5999999046325684 -41.43304443359375
v 17.924356460571289 3.7999999523162842 -41.43304443359375
v 17.924356460571289 7.5999999046325684 -41.43304443359375
v 17.924356460571289 3.7999999523162842 -45.100654602050781
v 17.924356460571289 7.5999999046325684 -45.100654602050781
v 14.704184532165527 3.7999999523162842 -45.100654602050781
v 14.704184532165527 7.5999999046325684 -45.100654602050781
f 4691 4689 4695 4693
f 4696 4690 4692 4694
f 4689 4691 4692 4690
f 4691 4693 4694 4692
f 4693 4695 4696 4694
f 4695 4689 4690 4696
g object_588
v 14.704184532165527 3.7999999523162842 -45.100654602050781
v 14.704184532165527 7.5999999046325684 -45.100654602050781
v 17.924356460571289 3.7999999523162842 -45.100654602050781
v 17.924356460571289 7.5999999046325684 -45.100654602050781
v 17.924356460571289 3.7999999523162842 -48.768260955810547
v 17.924356460571289 7.5999999046325684 -48.768260955810547
v 14.704184532165527 3.7999999523162842 -48.768260955810547
v 14.704184532165527 7.5999999046325684 -48.768260955810547
f 4699 4697 4703 4701
f 4704 4698 4700 4702
f 4697 4699 4700 4698
f 4699 4701 4702 4700
f 4701 4703 4704 4702
f 4703 4697 4698 4704
g object_589
v 17.924356460571289 3.7999999523162842 -41.43304443359375
v 17.924356460571289 7.5999999046325684 -41.43304443359375
v 21.14453125 3.7999999523162842 -41.43304443359375
v 21.14453125 7.5999999046325684 -41.43304443359375
v 21.14453125 3.7999999523162842 -45.100654602050781
v 21.14453125 7.5999999046325684 -45.100654602050781
v 17.924356460571289 3.7999999523162842 -45.100654602050781
v 17.924356460571289 7.5999999046325684 -45.100654602050781
f 4707 4705 4711 4709
f 4712 4706 4708 4710
f 4705 4707 4708 4706
f 4707 4709 4710 4708
f 4709 4711 4712 4710
f 4711 4705 4706 4712
g object_590
v 17.924356460571289 3.7999999523162842 -45.100654602050781
v 17.924356460571289 7.5999999046325684 -45.100654602050781
v 21.14453125 3.7999999523162842 -45.100654602050781
v 21.14453125 7.5999999046325684 -45.100654602050781
v 21.14453125 3.7999999523162842 -48.768260955810547
v 21.14453125 7.5999999046325684 -48.768260955810547
v 17.924356460571289 3.7999999523162842 -48.768260955810547
v 17.924356460571289 7.5999999046325684 -48.768260955810547
f 4715 4713 4719 4717
f 4720 4714 4716 4718
f 4713 4715 4716 4714
f 4715 4717 4718 4716
f 4717 4719 4720 4718
f 4719 4713 4714 4720
g object_591
v 21.14453125 3.7999999523162842 -41.43304443359375
v 21.14453125 7.5999999046325684 -41.43304443359375
v 24.364704132080078 3.7999999523162842 -41.43304443359375
v 24.364704132080078 7.5999999046325684 -41.43304443359375
v 24.364704132080078 3.7999999523162842 -45.100654602050781
v 24.364704132080078 7.5999999046325684 -45.100654602050781
v 21.14453125 3.7999999523162842 -45.100654602050781
v 21.14453125 7.5999999046325684 -45.100654602050781
f 4723 4721 4727 4725
f 4728 4722 4724 4726
f 4721 4723 4724 4722
f 4723 4725 4726 4724
f 4725 4727 4728 4726
f 4727 4721 4722 4728
g object_592
v 21.14453125 3.7999999523162842 -45.100654602050781
v 21.14453125 7.5999999046325684 -45.100654602050781
v 24.364704132080078 3.7999999523162842 -45.100654602050781
v 24.364704132080078 7.5999999046325684 -45.100654602050781
v 24.364704132080078 3.7999999523162842 -48.768260955810547
v 24.364704132080078 7.5999999046325684 -48.768260955810547
v 21.14453125 3.7999999523162842 -48.768260955810547
v 21.14453125 7.5999999046325684 -48.768260955810547
f 4731 4729 4735 4733
f 4736 4730 4732 4734
f 4729 4731 4732 4730
f 4731 4733 4734 4732
f 4733 4735 4736 4734
f 4735 4729 4730 4736
g object_593
v 24.364704132080078 3.7999999523162842 -41.43304443359375
v 24.364704132080078 7.5999999046325684 -41.43304443359375
v 27.584877014160156 3.7999999523162842 -41.43304443359375
v 27.584877014160156 7.5999999046325684 -41.43304443359375
v 27.584877014160156 3.7999999523162842 -45.100654602050781
v 27.584877014160156 7.5999999046325684 -45.100654602050781
v 24.364704132080078 3.7999999523162842 -45.100654602050781
v 24.364704132080078 7.5999999046325684 -45.100654602050781
f 4739 4737 4743 4741
f 4744 4738 4740 4742
f 4737 4739 4740 4738
f 4739 4741 4742 4740
f 4741 4743 4744 4742
f 4743 4737 4738 4744
g object_594
v 24.364704132080078 3.7999999523162842 -45.100654602050781
v 24.364704132080078 7.5999999046325684 -45.100654602050781
v 27.584877014160156 3.7999999523162842 -45.100654602050781
v 27.584877014160156 7.5999999046325684 -45.100654602050781
v 27.584877014160156 3.7999999523162842 -48.768260955810547
v 27.584877014160156 7.5999999046325684 -48.768260955810547
v 24.364704132080078 3.7999999523162842 -48.768260955810547
v 24.364704132080078 7.5999999046325684 -48.768260955810547
f 4747 4745 4751 4749
f 4752 4746 4748 4750
f 4745 4747 4748 4746
f 4747 4749 4750 4748
f 4749 4751 4752 4750
f 4751 4745 4746 4752
g object_595
v 27.584877014160156 3.7999999523162842 -41.43304443359375
v 27.584877014160156 7.5999999046325684 -41.43304443359375
v 30.805049896240234 3.7999999523162842 -41.43304443359375
v 30.805049896240234 7.5999999046325684 -41.43304443359375
v 30.805049896240234 3.7999999523162842 -45.100654602050781
v 30.805049896240234 7.5999999046325684 -45.100654602050781
v 27.584877014160156 3.7999999523162842 -45.100654602050781
v 27.584877014160156 7.5999999046325684 -45.100654602050781
f 4755 4753 4759 4757
f 4760 4754 4756 4758
f 4753 4755 4756 4754
f 4755 4757 4758 4756
f 4757 4759 4760 4758
f 4759 4753 4754 4760
g object_596
v 27.584877014160156 3.7999999523162842 -45.100654602050781
v 27.584877014160156 7.5999999046325684 -45.100654602050781
v 30.805049896240234 3.7999999523162842 -45.100654602050781
v 30.805049896240234 7.5999999046325684 -45.100654602050781
v 30.805049896240234 3.7999999523162842 -48.768260955810547
v 30.805049896240234 7.5999999046325684 -48.768260955810547
v 27.584877014160156 3.7999999523162842 -48.768260955810547
v 27.584877014160156 7.5999999046325684 -48.768260955810547
f 4763 4761 4767 4765
f 4768 4762 4764 4766
f 4761 4763 4764 4762
f 4763 4765 4766 4764
f 4765 4767 4768 4766
f 4767 4761 4762 4768
g object_597
v 30.805049896240234 3.7999999523162842 -26.762617111206055
v 30.805049896240234 7.5999999046325684 -26.762617111206055
v 32.755352020263672 3.7999999523162842 -26.762617111206055
v 32.755352020263672 7.5999999046325684 -26.762617111206055
v 32.755352020263672 3.7999999523162842 -30.430225372314453
v 32.755352020263672 7.5999999046325684 -30.430225372314453
v 30.805049896240234 3.7999999523162842 -30.430225372314453
v 30.805049896240234 7.5999999046325684 -30.430225372314453
f 4771 4769 4775 4773
f 4776 4770 4772 4774
f 4769 4771 4772 4770
f 4771 4773 4774 4772
f 4773 4775 4776 4774
f 4775 4769 4770 4776
g object_598
v 27.584877014160156 3.7999999523162842 -26.762617111206055
v 27.584877014160156 7.5999999046325684 -26.762617111206055
v 30.805049896240234 3.7999999523162842 -26.762617111206055
v 30.805049896240234 7.5999999046325684 -26.762617111206055
v 30.805049896240234 3.7999999523162842 -30.430225372314453
v 30.805049896240234 7.5999999046325684 -30.430225372314453
v 27.584877014160156 3.7999999523162842 -30.430225372314453
v 27.584877014160156 7.5999999046325684 -30.430225372314453
f 4779 4777 4783 4781
f 4784 4778 4780 4782
f 4777 4779 4780 4778
f 4779 4781 4782 4780
f 4781 4783 4784 4782
f 4783 4777 4778 4784
g object_599
v 24.364704132080078 3.7999999523162842 -26.762617111206055
v 24.364704132080078 7.5999999046325684 -26.762617111206055
v 27.584877014160156 3.7999999523162842 -26.762617111206055
v 27.584877014160156 7.5999999046325684 -26.762617111206055
v 27.584877014160156 3.7999999523162842 -30.430225372314453
v 27.584877014160156 7.5999999046325684 -30.430225372314453
v 24.364704132080078 3.7999999523162842 -30.430225372314453
v 24.364704132080078 7.5999999046325684 -30.430225372314453
f 4787 4785 4791 4789
f 4792 4786 4788 4790
f 4785 4787 4788 4786
f 4787 4789 4790 4788
f 4789 4791 4792 4790
f 4791 4785 4786 4792
g object_600
v 30.805049896240234 3.7999999523162842 -30.430225372314453
v 30.805049896240234 7.5999999046325684 -30.430225372314453
v 32.755352020263672 3.7999999523162842 -30.430225372314453
v 32.755352020263672 7.5999999046325684 -30.430225372314453
v 32.755352020263672 3.7999999523162842 -34.097831726074219
v 32.755352020263672 7.5999999046325684 -34.097831726074219
v 30.805049896240234 3.7999999523162842 -34.097831726074219
v 30.805049896240234 7.5999999046325684 -34.097831726074219
f 4795 4793 4799 4797
f 4800 4794 4796 4798
f 4793 4795 4796 4794
f 4795 4797 4798 4796
f 4797 4799 4800 4798
f 4799 4793 4794 4800
g object_601
v 27.584877014160156 3.7999999523162842 -30.430225372314453
v 27.584877014160156 7.5999999046325684 -30.430225372314453
v 30.805049896240234 3.7999999523162842 -30.430225372314453
v 30.805049896240234 7.5999999046325684 -30.430225372314453
v 30.805049896240234 3.7999999523162842 -34.097831726074219
v 30.805049896240234 7.5999999046325684 -34.097831726074219
v 27.584877014160156 3.7999999523162842 -34.097831726074219
v 27.584877014160156 7.5999999046325684 -34.097831726074219
f 4803 4801 4807 4805
f 4808 4802 4804 4806
f 4801 4803 4804 4802
f 4803 4805 4806 4804
f 4805 4807 4808 4806
f 4807 4801 4802 4808
g object_602
v 24.364704132080078 3.7999999523162842 -30.430225372314453
v 24.364704132080078 7.5999999046325684 -30.430225372314453
v 27.584877014160156 3.7999999523162842 -30.430225372314453
v 27.584877014160156 7.5999999046325684 -30.430225372314453
v 27.584877014160156 3.7999999523162842 -34.097831726074219
v 27.584877014160156 7.5999999046325684 -34.097831726074219
v 24.364704132080078 3.7999999523162842 -34.097831726074219
v 24.364704132080078 7.5999999046325684 -34.097831726074219
f 4811 4809 4815 4813
f 4816 4810 4812 4814
f 4809 4811 4812 4810
f 4811 4813 4814 4812
f 4813 4815 4816 4814
f 4815 4809 4810 4816
g object_603
v 30.805049896240234 3.7999999523162842 -41.43304443359375
v 30.805049896240234 7.5999999046325684 -41.43304443359375
v 32.755352020263672 3.7999999523162842 -41.43304443359375
v 32.755352020263672 7.5999999046325684 -41.43304443359375
v 32.755352020263672 3.7999999523162842 -45.100654602050781
v 32.755352020263672 7.5999999046325684 -45.100654602050781
v 30.805049896240234 3.7999999523162842 -45.100654602050781
v 30.805049896240234 7.5999999046325684 -45.100654602050781
f 4819 4817 4823 4821
f 4824 4818 4820 4822
f 4817 4819 4820 4818
f 4819 4821 4822 4820
f 4821 4823 4824 4822
f 4823 4817 4818 4824
g object_604
v 30.805049896240234 3.7999999523162842 -45.100654602050781
v 30.805049896240234 7.5999999046325684 -45.100654602050781
v 32.755352020263672 3.7999999523162842 -45.100654602050781
v 32.755352020263672 7.5999999046325684 -45.100654602050781
v 32.755352020263672 3.7999999523162842 -48.768260955810547
v 32.755352020263672 7.5999999046325684 -48.768260955810547
v 30.805049896240234 3.7999999523162842 -48.768260955810547
v 30.805049896240234 7.5999999046325684 -48.768260955810547
f 4827 4825 4831 4829
f 4832 4826 4828 4830
f 4825 4827 4828 4826
f 4827 4829 4830 4828
f 4829 4831 4832 4830
f 4831 4825 4826 4832
g object_605
v 21.14453125 0 -15.759796142578125
v 21.14453125 3.7999999523162842 -15.759796142578125
v 24.364704132080078 0 -15.759796142578125
v 24.364704132080078 3.7999999523162842 -15.759796142578125
v 24.364704132080078 0 -19.427404403686523
v 24.364704132080078 3.7999999523162842 -19.427404403686523
v 21.14453125 0 -19.427404403686523
v 21.14453125 3.7999999523162842 -19.427404403686523
f 4835 4833 4839 4837
f 4840 4834 4836 4838
f 4833 4835 4836 4834
f 4835 4837 4838 4836
f 4837 4839 4840 4838
f 4839 4833 4834 4840
g object_606
v 21.14453125 0 -12.092188835144043
v 21.14453125 3.7999999523162842 -12.092188835144043
v 24.364704132080078 0 -12.092188835144043
v 24.364704132080078 3.7999999523162842 -12.092188835144043
v 24.364704132080078 0 -15.759796142578125
v 24.364704132080078 3.7999999523162842 -15.759796142578125
v 21.14453125 0 -15.759796142578125
v 21.14453125 3.7999999523162842 -15.759796142578125
f 4843 4841 4847 4845
f 4848 4842 4844 4846
f 4841 4843 4844 4842
f 4843 4845 4846 4844
f 4845 4847 4848 4846
f 4847 4841 4842 4848
g object_607
v 24.364704132080078 0 -15.759796142578125
v 24.364704132080078 3.7999999523162842 -15.759796142578125
v 27.584877014160156 0 -15.759796142578125
v 27.584877014160156 3.7999999523162842 -15.759796142578125
v 27.584877014160156 0 -19.427404403686523
v 27.584877014160156 3.7999999523162842 -19.427404403686523
v 24.364704132080078 0 -19.427404403686523
v 24.364704132080078 3.7999999523162842 -19.427404403686523
f 4851 4849 4855 4853
f 4856 4850 4852 4854
f 4849 4851 4852 4850
f 4851 4853 4854 4852
f 4853 4855 4856 4854
f 4855 4849 4850 4856
g object_608
v 24.364704132080078 0 -12.092188835144043
v 24.364704132080078 3.7999999523162842 -12.092188835144043
v 27.584877014160156 0 -12.092188835144043
v 27.584877014160156 3.7999999523162842 -12.092188835144043
v 27.584877014160156 0 -15.759796142578125
v 27.584877014160156 3.7999999523162842 -15.759796142578125
v 24.364704132080078 0 -15.759796142578125
v 24.364704132080078 3.7999999523162842 -15.759796142578125
f 4859 4857 4863 4861
f 4864 4858 4860 4862
f 4857 4859 4860 4858
f 4859 4861 4862 4860
f 4861 4863 4864 4862
f 4863 4857 4858 4864
g object_609
v 27.584877014160156 0 -15.759796142578125
v 27.584877014160156 3.7999999523162842 -15.759796142578125
v 30.805049896240234 0 -15.759796142578125
v 30.805049896240234 3.7999999523162842 -15.759796142578125
v 30.805049896240234 0 -19.427404403686523
v 30.805049896240234 3.7999999523162842 -19.427404403686523
v 27.584877014160156 0 -19.427404403686523
v 27.584877014160156 3.7999999523162842 -19.427404403686523
f 4867 4865 4871 4869
f 4872 4866 4868 4870
f 4865 4867 4868 4866
f 4867 4869 4870 4868
f 4869 4871 4872 4870
f 4871 4865 4866 4872
g object_610
v 27.584877014160156 0 -12.092188835144043
v 27.584877014160156 3.7999999523162842 -12.092188835144043
v 30.805049896240234 0 -12.092188835144043
v 30.805049896240234 3.7999999523162842 -12.092188835144043
v 30.805049896240234 0 -15.759796142578125
v 30.805049896240234 3.7999999523162842 -15.759796142578125
v 27.584877014160156 0 -15.759796142578125
v 27.584877014160156 3.7999999523162842 -15.759796142578125
f 4875 4873 4879 4877
f 4880 4874 4876 4878
f 4873 4875 4876 4874
f 4875 4877 4878 4876
f 4877 4879 4880 4878
f 4879 4873 4874 4880
g object_611
v 17.924356460571289 0 -15.759796142578125
v 17.924356460571289 3.7999999523162842 -15.759796142578125
v 21.14453125 0 -15.759796142578125
v 21.14453125 3.7999999523162842 -15.759796142578125
v 21.14453125 0 -19.427404403686523
v 21.14453125 3.7999999523162842 -19.427404403686523
v 17.924356460571289 0 -19.427404403686523
v 17.924356460571289 3.7999999523162842 -19.427404403686523
f 4883 4881 4887 4885
f 4888 4882 4884 4886
f 4881 4883 4884 4882
f 4883 4885 4886 4884
f 4885 4887 4888 4886
f 4887 4881 4882 4888
g object_612
v 17.924356460571289 0 -12.092188835144043
v 17.924356460571289 3.7999999523162842 -12.092188835144043
v 21.14453125 0 -12.092188835144043
v 21.14453125 3.7999999523162842 -12.092188835144043
v 21.14453125 0 -15.759796142578125
v 21.14453125 3.7999999523162842 -15.759796142578125
v 17.924356460571289 0 -15.759796142578125
v 17.924356460571289 3.7999999523162842 -15.759796142578125
f 4891 4889 4895 4893
f 4896 4890 4892 4894
f 4889 4891 4892 4890
f 4891 4893 4894 4892
f 4893 4895 4896 4894
f 4895 4889 4890 4896
g object_613
v 14.704184532165527 0 -15.759796142578125
v 14.704184532165527 3.7999999523162842 -15.759796142578125
v 17.924356460571289 0 -15.759796142578125
v 17.924356460571289 3.7999999523162842 -15.759796142578125
v 17.924356460571289 0 -19.427404403686523
v 17.924356460571289 3.7999999523162842 -19.427404403686523
v 14.704184532165527 0 -19.427404403686523
v 14.704184532165527 3.7999999523162842 -19.427404403686523
f 4899 4897 4903 4901
f 4904 4898 4900 4902
f 4897 4899 4900 4898
f 4899 4901 4902 4900
f 4901 4903 4904 4902
f 4903 4897 4898 4904
g object_614
v 14.704184532165527 0 -12.092188835144043
v 14.704184532165527 3.7999999523162842 -12.092188835144043
v 17.924356460571289 0 -12.092188835144043
v 17.924356460571289 3.7999999523162842 -12.092188835144043
v 17.924356460571289 0 -15.759796142578125
v 17.924356460571289 3.7999999523162842 -15.759796142578125
v 14.704184532165527 0 -15.759796142578125
v 14.704184532165527 3.7999999523162842 -15.759796142578125
f 4907 4905 4911 4909
f 4912 4906 4908 4910
f 4905 4907 4908 4906
f 4907 4909 4910 4908
f 4909 4911 4912 4910
f 4911 4905 4906 4912
g object_615
v 30.805049896240234 0 -12.092188835144043
v 30.805049896240234 3.7999999523162842 -12.092188835144043
v 32.755352020263672 0 -12.092188835144043
v 32.755352020263672 3.7999999523162842 -12.092188835144043
v 32.755352020263672 0 -15.759796142578125
v 32.755352020263672 3.7999999523162842 -15.759796142578125
v 30.805049896240234 0 -15.759796142578125
v 30.805049896240234 3.7999999523162842 -15.759796142578125
f 4915 4913 4919 4917
f 4920 4914 4916 4918
f 4913 4915 4916 4914
f 4915 4917 4918 4916
f 4917 4919 4920 4918
f 4919 4913 4914 4920
g object_616
v 30.805049896240234 0 -15.759796142578125
v 30.805049896240234 3.7999999523162842 -15.759796142578125
v 32.755352020263672 0 -15.759796142578125
v 32.755352020263672 3.7999999523162842 -15.759796142578125
v 32.755352020263672 0 -19.427404403686523
v 32.755352020263672 3.7999999523162842 -19.427404403686523
v 30.805049896240234 0 -19.427404403686523
v 30.805049896240234 3.7999999523162842 -19.427404403686523
f 4923 4921 4927 4925
f 4928 4922 4924 4926
f 4921 4923 4924 4922
f 4923 4925 4926 4924
f 4925 4927 4928 4926
f 4927 4921 4922 4928
g object_617
v 30.805049896240234 0 -23.095010757446289
v 30.805049896240234 3.7999999523162842 -23.095010757446289
v 32.755352020263672 0 -23.095010757446289
v 32.755352020263672 3.7999999523162842 -23.095010757446289
v 32.755352020263672 0 -26.762617111206055
v 32.755352020263672 3.7999999523162842 -26.762617111206055
v 30.805049896240234 0 -26.762617111206055
v 30.805049896240234 3.7999999523162842 -26.762617111206055
f 4931 4929 4935 4933
f 4936 4930 4932 4934
f 4929 4931 4932 4930
f 4931 4933 4934 4932
f 4933 4935 4936 4934
f 4935 4929 4930 4936
g object_618
v 30.805049896240234 0 -19.427404403686523
v 30.805049896240234 3.7999999523162842 -19.427404403686523
v 32.755352020263672 0 -19.427404403686523
v 32.755352020263672 3.7999999523162842 -19.427404403686523
v 32.755352020263672 0 -23.095010757446289
v 32.755352020263672 3.7999999523162842 -23.095010757446289
v 30.805049896240234 0 -23.095010757446289
v 30.805049896240234 3.7999999523162842 -23.095010757446289
f 4939 4937 4943 4941
f 4944 4938 4940 4942
f 4937 4939 4940 4938
f 4939 4941 4942 4940
f 4941 4943 4944 4942
f 4943 4937 4938 4944
g object_619
v 14.704184532165527 0 -19.427404403686523
v 14.704184532165527 3.7999999523162842 -19.427404403686523
v 17.924356460571289 0 -19.427404403686523
v 17.924356460571289 3.7999999523162842 -19.427404403686523
v 17.924356460571289 0 -23.095010757446289
v 17.924356460571289 3.7999999523162842 -23.095010757446289
v 14.704184532165527 0 -23.095010757446289
v 14.704184532165527 3.7999999523162842 -23.095010757446289
f 4947 4945 4951 4949
f 4952 4946 4948 4950
f 4945 4947 4948 4946
f 4947 4949 4950 4948
f 4949 4951 4952 4950
f 4951 4945 4946 4952
g object_620
v 14.704184532165527 0 -23.095010757446289
v 14.704184532165527 3.7999999523162842 -23.095010757446289
v 17.924356460571289 0 -23.095010757446289
v 17.924356460571289 3.7999999523162842 -23.095010757446289
v 17.924356460571289 0 -26.762617111206055
v 17.924356460571289 3.7999999523162842 -26.762617111206055
v 14.704184532165527 0 -26.762617111206055
v 14.704184532165527 3.7999999523162842 -26.762617111206055
f 4955 4953 4959 4957
f 4960 4954 4956 4958
f 4953 4955 4956 4954
f 4955 4957 4958 4956
f 4957 4959 4960 4958
f 4959 4953 4954 4960
g object_621
v 17.924356460571289 0 -19.427404403686523
v 17.924356460571289 3.7999999523162842 -19.427404403686523
v 21.14453125 0 -19.427404403686523
v 21.14453125 3.7999999523162842 -19.427404403686523
v 21.14453125 0 -23.095010757446289
v 21.14453125 3.7999999523162842 -23.095010757446289
v 17.924356460571289 0 -23.095010757446289
v 17.924356460571289 3.7999999523162842 -23.095010757446289
f 4963 4961 4967 4965
f 4968 4962 4964 4966
f 4961 4963 4964 4962
f 4963 4965 4966 4964
f 4965 4967 4968 4966
f 4967 4961 4962 4968
g object_622
v 17.924356460571289 0 -23.095010757446289
v 17.924356460571289 3.7999999523162842 -23.095010757446289
v 21.14453125 0 -23.095010757446289
v 21.14453125 3.7999999523162842 -23.095010757446289
v 21.14453125 0 -26.762617111206055
v 21.14453125 3.7999999523162842 -26.762617111206055
v 17.924356460571289 0 -26.762617111206055
v 17.924356460571289 3.7999999523162842 -26.762617111206055
f 4971 4969 4975 4973
f 4976 4970 4972 4974
f 4969 4971 4972 4970
f 4971 4973 4974 4972
f 4973 4975 4976 4974
f 4975 4969 4970 4976
g object_623
v 27.584877014160156 0 -19.427404403686523
v 27.584877014160156 3.7999999523162842 -19.427404403686523
v 30.805049896240234 0 -19.427404403686523
v 30.805049896240234 3.7999999523162842 -19.427404403686523
v 30.805049896240234 0 -23.095010757446289
v 30.805049896240234 3.7999999523162842 -23.095010757446289
v 27.584877014160156 0 -23.095010757446289
v 27.584877014160156 3.7999999523162842 -23.095010757446289
f 4979 4977 4983 4981
f 4984 4978 4980 4982
f 4977 4979 4980 4978
f 4979 4981 4982 4980
f 4981 4983 4984 4982
f 4983 4977 4978 4984
g object_624
v 27.584877014160156 0 -23.095010757446289
v 27.584877014160156 3.7999999523162842 -23.095010757446289
v 30.805049896240234 0 -23.095010757446289
v 30.805049896240234 3.7999999523162842 -23.095010757446289
v 30.805049896240234 0 -26.762617111206055
v 30.805049896240234 3.7999999523162842 -26.762617111206055
v 27.584877014160156 0 -26.762617111206055
v 27.584877014160156 3.7999999523162842 -26.762617111206055
f 4987 4985 4991 4989
f 4992 4986 4988 4990
f 4985 4987 4988 4986
f 4987 4989 4990 4988
f 4989 4991 4992 4990
f 4991 4985 4986 4992
g object_625
v 24.364704132080078 0 -19.427404403686523
v 24.364704132080078 3.7999999523162842 -19.427404403686523
v 27.584877014160156 0 -19.427404403686523
v 27.584877014160156 3.7999999523162842 -19.427404403686523
v 27.584877014160156 0 -23.095010757446289
v 27.584877014160156 3.7999999523162842 -23.095010757446289
v 24.364704132080078 0 -23.095010757446289
v 24.364704132080078 3.7999999523162842 -23.095010757446289
f 4995 4993 4999 4997
f 5000 4994 4996 4998
f 4993 4995 4996 4994
f 4995 4997 4998 4996
f 4997 4999 5000 4998
f 4999 4993 4994 5000
g object_626
v 24.364704132080078 0 -23.095010757446289
v 24.364704132080078 3.7999999523162842 -23.095010757446289
v 27.584877014160156 0 -23.095010757446289
v 27.584877014160156 3.7999999523162842 -23.095010757446289
v 27.584877014160156 0 -26.762617111206055
v 27.584877014160156 3.7999999523162842 -26.762617111206055
v 24.364704132080078 0 -26.762617111206055
v 24.364704132080078 3.7999999523162842 -26.762617111206055
f 5003 5001 5007 5005
f 5008 5002 5004 5006
f 5001 5003 5004 5002
f 5003 5005 5006 5004
f 5005 5007 5008 5006
f 5007 5001 5002 5008
g object_627
v 14.704184532165527 0 -26.762617111206055
v 14.704184532165527 3.7999999523162842 -26.762617111206055
v 17.924356460571289 0 -26.762617111206055
v 17.924356460571289 3.7999999523162842 -26.762617111206055
v 17.924356460571289 0 -30.430225372314453
v 17.924356460571289 3.7999999523162842 -30.430225372314453
v 14.704184532165527 0 -30.430225372314453
v 14.704184532165527 3.7999999523162842 -30.430225372314453
f 5011 5009 5015 5013
f 5016 5010 5012 5014
f 5009 5011 5012 5010
f 5011 5013 5014 5012
f 5013 5015 5016 5014
f 5015 5009 5010 5016
g object_628
v 14.704184532165527 0 -30.430225372314453
v 14.704184532165527 3.7999999523162842 -30.430225372314453
v 17.924356460571289 0 -30.430225372314453
v 17.924356460571289 3.7999999523162842 -30.430225372314453
v 17.924356460571289 0 -34.097831726074219
v 17.924356460571289 3.7999999523162842 -34.097831726074219
v 14.704184532165527 0 -34.097831726074219
v 14.704184532165527 3.7999999523162842 -34.097831726074219
f 5019 5017 5023 5021
f 5024 5018 5020 5022
f 5017 5019 5020 5018
f 5019 5021 5022 5020
f 5021 5023 5024 5022
f 5023 5017 5018 5024
g object_629
v 17.924356460571289 0 -26.762617111206055
v 17.924356460571289 3.7999999523162842 -26.762617111206055
v 21.14453125 0 -26.762617111206055
v 21.14453125 3.7999999523162842 -26.762617111206055
v 21.14453125 0 -30.430225372314453
v 21.14453125 3.7999999523162842 -30.430225372314453
v 17.924356460571289 0 -30.430225372314453
v 17.924356460571289 3.7999999523162842 -30.430225372314453
f 5027 5025 5031 5029
f 5032 5026 5028 5030
f 5025 5027 5028 5026
f 5027 5029 5030 5028
f 5029 5031 5032 5030
f 5031 5025 5026 5032
g object_630
v 17.924356460571289 0 -30.430225372314453
v 17.924356460571289 3.7999999523162842 -30.430225372314453
v 21.14453125 0 -30.430225372314453
v 21.14453125 3.7999999523162842 -30.430225372314453
v 21.14453125 0 -34.097831726074219
v 21.14453125 3.7999999523162842 -34.097831726074219
v 17.924356460571289 0 -34.097831726074219
v 17.924356460571289 3.7999999523162842 -34.097831726074219
f 5035 5033 5039 5037
f 5040 5034 5036 5038
f 5033 5035 5036 5034
f 5035 5037 5038 5036
f 5037 5039 5040 5038
f 5039 5033 5034 5040
g object_631
v 14.704184532165527 0 -34.097831726074219
v 14.704184532165527 3.7999999523162842 -34.097831726074219
v 17.924356460571289 0 -34.097831726074219
v 17.924356460571289 3.7999999523162842 -34.097831726074219
v 17.924356460571289 0 -37.765438079833984
v 17.924356460571289 3.7999999523162842 -37.765438079833984
v 14.704184532165527 0 -37.765438079833984
v 14.704184532165527 3.7999999523162842 -37.765438079833984
f 5043 5041 5047 5045
f 5048 5042 5044 5046
f 5041 5043 5044 5042
f 5043 5045 5046 5044
f 5045 5047 5048 5046
f 5047 5041 5042 5048
g object_632
v 14.704184532165527 0 -37.765438079833984
v 14.704184532165527 3.7999999523162842 -37.765438079833984
v 17.924356460571289 0 -37.765438079833984
v 17.924356460571289 3.7999999523162842 -37.765438079833984
v 17.924356460571289 0 -41.43304443359375
v 17.924356460571289 3.7999999523162842 -41.43304443359375
v 14.704184532165527 0 -41.43304443359375
v 14.704184532165527 3.7999999523162842 -41.43304443359375
f 5051 5049 5055 5053
f 5056 5050 5052 5054
f 5049 5051 5052 5050
f 5051 5053 5054 5052
f 5053 5055 5056 5054
f 5055 5049 5050 5056
g object_633
v 17.924356460571289 0 -34.097831726074219
v 17.924356460571289 3.7999999523162842 -34.097831726074219
v 21.14453125 0 -34.097831726074219
v 21.14453125 3.7999999523162842 -34.097831726074219
v 21.14453125 0 -37.765438079833984
v 21.14453125 3.7999999523162842 -37.765438079833984
v 17.924356460571289 0 -37.765438079833984
v 17.924356460571289 3.7999999523162842 -37.765438079833984
f 5059 5057 5063 5061
f 5064 5058 5060 5062
f 5057 5059 5060 5058
f 5059 5061 5062 5060
f 5061 5063 5064 5062
f 5063 5057 5058 5064
g object_634
v 17.924356460571289 0 -37.765438079833984
v 17.924356460571289 3.7999999523162842 -37.765438079833984
v 21.14453125 0 -37.765438079833984
v 21.14453125 3.7999999523162842 -37.765438079833984
v 21.14453125 0 -41.43304443359375
v 21.14453125 3.7999999523162842 -41.43304443359375
v 17.924356460571289 0 -41.43304443359375
v 17.924356460571289 3.7999999523162842 -41.43304443359375
f 5067 5065 5071 5069
f 5072 5066 5068 5070
f 5065 5067 5068 5066
f 5067 5069 5070 5068
f 5069 5071 5072 5070
f 5071 5065 5066 5072
g object_635
v 14.704184532165527 0 -41.43304443359375
v 14.704184532165527 3.7999999523162842 -41.43304443359375
v 17.924356460571289 0 -41.43304443359375
v 17.924356460571289 3.7999999523162842 -41.43304443359375
v 17.924356460571289 0 -45.100654602050781
v 17.924356460571289 3.7999999523162842 -45.100654602050781
v 14.704184532165527 0 -45.100654602050781
v 14.704184532165527 3.7999999523162842 -45.100654602050781
f 5075 5073 5079 5077
f 5080 5074 5076 5078
f 5073 5075 5076 5074
f 5075 5077 5078 5076
f 5077 5079 5080 5078
f 5079 5073 5074 5080
g object_636
v 14.704184532165527 0 -45.100654602050781
v 14.704184532165527 3.7999999523162842 -45.100654602050781
v 17.924356460571289 0 -45.100654602050781
v 17.924356460571289 3.7999999523162842 -45.100654602050781
v 17.924356460571289 0 -48.768260955810547
v 17.924356460571289 3.7999999523162842 -48.768260955810547
v 14.704184532165527 0 -48.768260955810547
v 14.704184532165527 3.7999999523162842 -48.768260955810547
f 5083 5081 5087 5085
f 5088 5082 5084 5086
f 5081 5083 5084 5082
f 5083 5085 5086 5084
f 5085 5087 5088 5086
f 5087 5081 5082 5088
g object_637
v 17.924356460571289 0 -41.43304443359375
v 17.924356460571289 3.7999999523162842 -41.43304443359375
v 21.14453125 0 -41.43304443359375
v 21.14453125 3.7999999523162842 -41.43304443359375
v 21.14453125 0 -45.100654602050781
v 21.14453125 3.7999999523162842 -45.100654602050781
v 17.924356460571289 0 -45.100654602050781
v 17.924356460571289 3.7999999523162842 -45.100654602050781
f 5091 5089 5095 5093
f 5096 5090 5092 5094
f 5089 5091 5092 5090
f 5091 5093 5094 5092
f 5093 5095 5096 5094
f 5095 5089 5090 5096
g object_638
v 17.924356460571289 0 -45.100654602050781
v 17.924356460571289 3.7999999523162842 -45.100654602050781
v 21.14453125 0 -45.100654602050781
v 21.14453125 3.7999999523162842 -45.100654602050781
v 21.14453125 0 -48.768260955810547
v 21.14453125 3.7999999523162842 -48.768260955810547
v 17.924356460571289 0 -48.768260955810547
v 17.924356460571289 3.7999999523162842 -48.768260955810547
f 5099 5097 5103 5101
f 5104 5098 5100 5102
f 5097 5099 5100 5098
f 5099 5101 5102 5100
f 5101 5103 5104 5102
f 5103 5097 5098 5104
g object_639
v 21.14453125 0 -41.43304443359375
v 21.14453125 3.7999999523162842 -41.43304443359375
v 24.364704132080078 0 -41.43304443359375
v 24.364704132080078 3.7999999523162842 -41.43304443359375
v 24.364704132080078 0 -45.100654602050781
v 24.364704132080078 3.7999999523162842 -45.100654602050781
v 21.14453125 0 -45.100654602050781
v 21.14453125 3.7999999523162842 -45.100654602050781
f 5107 5105 5111 5109
f 5112 5106 5108 5110
f 5105 5107 5108 5106
f 5107 5109 5110 5108
f 5109 5111 5112 5110
f 5111 5105 5106 5112
g object_640
v 21.14453125 0 -45.100654602050781
v 21.14453125 3.7999999523162842 -45.100654602050781
v 24.364704132080078 0 -45.100654602050781
v 24.364704132080078 3.7999999523162842 -45.100654602050781
v 24.364704132080078 0 -48.768260955810547
v 24.364704132080078 3.7999999523162842 -48.768260955810547
v 21.14453125 0 -48.768260955810547
v 21.14453125 3.7999999523162842 -48.768260955810547
f 5115 5113 5119 5117
f 5120 5114 5116 5118
f 5113 5115 5116 5114
f 5115 5117 5118 5116
f 5117 5119 5120 5118
f 5119 5113 5114 5120
g object_641
v 24.364704132080078 0 -41.43304443359375
v 24.364704132080078 3.7999999523162842 -41.43304443359375
v 27.584877014160156 0 -41.43304443359375
v 27.584877014160156 3.7999999523162842 -41.43304443359375
v 27.584877014160156 0 -45.100654602050781
v 27.584877014160156 3.7999999523162842 -45.100654602050781
v 24.364704132080078 0 -45.100654602050781
v 24.364704132080078 3.7999999523162842 -45.100654602050781
f 5123 5121 5127 5125
f 5128 5122 5124 5126
f 5121 5123 5124 5122
f 5123 5125 5126 5124
f 5125 5127 5128 5126
f 5127 5121 5122 5128
g object_642
v 24.364704132080078 0 -45.100654602050781
v 24.364704132080078 3.7999999523162842 -45.100654602050781
v 27.584877014160156 0 -45.100654602050781
v 27.584877014160156 3.7999999523162842 -45.100654602050781
v 27.584877014160156 0 -48.768260955810547
v 27.584877014160156 3.7999999523162842 -48.768260955810547
v 24.364704132080078 0 -48.768260955810547
v 24.364704132080078 3.7999999523162842 -48.768260955810547
f 5131 5129 5135 5133
f 5136 5130 5132 5134
f 5129 5131 5132 5130
f 5131 5133 5134 5132
f 5133 5135 5136 5134
f 5135 5129 5130 5136
g object_643
v 27.584877014160156 0 -41.43304443359375
v 27.584877014160156 3.7999999523162842 -41.43304443359375
v 30.805049896240234 0 -41.43304443359375
v 30.805049896240234 3.7999999523162842 -41.43304443359375
v 30.805049896240234 0 -45.100654602050781
v 30.805049896240234 3.7999999523162842 -45.100654602050781
v 27.584877014160156 0 -45.100654602050781
v 27.584877014160156 3.7999999523162842 -45.100654602050781
f 5139 5137 5143 5141
f 5144 5138 5140 5142
f 5137 5139 5140 5138
f 5139 5141 5142 5140
f 5141 5143 5144 5142
f 5143 5137 5138 5144
g object_644
v 27.584877014160156 0 -45.100654602050781
v 27.584877014160156 3.7999999523162842 -45.100654602050781
v 30.805049896240234 0 -45.100654602050781
v 30.805049896240234 3.7999999523162842 -45.100654602050781
v 30.805049896240234 0 -48.768260955810547
v 30.805049896240234 3.7999999523162842 -48.768260955810547
v 27.584877014160156 0 -48.768260955810547
v 27.584877014160156 3.7999999523162842 -48.768260955810547
f 5147 5145 5151 5149
f 5152 5146 5148 5150
f 5145 5147 5148 5146
f 5147 5149 5150 5148
f 5149 5151 5152 5150
f 5151 5145 5146 5152
g object_645
v 30.805049896240234 0 -26.762617111206055
v 30.805049896240234 3.7999999523162842 -26.762617111206055
v 32.755352020263672 0 -26.762617111206055
v 32.755352020263672 3.7999999523162842 -26.762617111206055
v 32.755352020263672 0 -30.430225372314453
v 32.755352020263672 3.7999999523162842 -30.430225372314453
v 30.805049896240234 0 -30.430225372314453
v 30.805049896240234 3.7999999523162842 -30.430225372314453
f 5155 5153 5159 5157
f 5160 5154 5156 5158
f 5153 5155 5156 5154
f 5155 5157 5158 5156
f 5157 5159 5160 5158
f 5159 5153 5154 5160
g object_646
v 27.584877014160156 0 -26.762617111206055
v 27.584877014160156 3.7999999523162842 -26.762617111206055
v 30.805049896240234 0 -26.762617111206055
v 30.805049896240234 3.7999999523162842 -26.762617111206055
v 30.805049896240234 0 -30.430225372314453
v 30.805049896240234 3.7999999523162842 -30.430225372314453
v 27.584877014160156 0 -30.430225372314453
v 27.584877014160156 3.7999999523162842 -30.430225372314453
f 5163 5161 5167 5165
f 5168 5162 5164 5166
f 5161 5163 5164 5162
f 5163 5165 5166 5164
f 5165 5167 5168 5166
f 5167 5161 5162 5168
g object_647
v 24.364704132080078 0 -26.762617111206055
v 24.364704132080078 3.7999999523162842 -26.762617111206055
v 27.584877014160156 0 -26.762617111206055
v 27.584877014160156 3.7999999523162842 -26.762617111206055
v 27.584877014160156 0 -30.430225372314453
v 27.584877014160156 3.7999999523162842 -30.430225372314453
v 24.364704132080078 0 -30.430225372314453
v 24.364704132080078 3.7999999523162842 -30.430225372314453
f 5171 5169 5175 5173
f 5176 5170 5172 5174
f 5169 5171 5172 5170
f 5171 5173 5174 5172
f 5173 5175 5176 5174
f 5175 5169 5170 5176
g object_648
v 30.805049896240234 0 -30.430225372314453
v 30.805049896240234 3.7999999523162842 -30.430225372314453
v 32.755352020263672 0 -30.430225372314453
v 32.755352020263672 3.7999999523162842 -30.430225372314453
v 32.755352020263672 0 -34.097831726074219
v 32.755352020263672 3.7999999523162842 -34.097831726074219
v 30.805049896240234 0 -34.097831726074219
v 30.805049896240234 3.7999999523162842 -34.097831726074219
f 5179 5177 5183 5181
f 5184 5178 5180 5182
f 5177 5179 5180 5178
f 5179 5181 5182 5180
f 5181 5183 5184 5182
f 5183 5177 5178 5184
g object_649
v 27.584877014160156 0 -30.430225372314453
v 27.584877014160156 3.7999999523162842 -30.430225372314453
v 30.805049896240234 0 -30.430225372314453
v 30.805049896240234 3.7999999523162842 -30.430225372314453
v 30.805049896240234 0 -34.097831726074219
v 30.805049896240234 3.7999999523162842 -34.097831726074219
v 27.584877014160156 0 -34.097831726074219
v 27.584877014160156 3.7999999523162842 -34.097831726074219
f 5187 5185 5191 5189
f 5192 5186 5188 5190
f 5185 5187 5188 5186
f 5187 5189 5190 5188
f 5189 5191 5192 5190
f 5191 5185 5186 5192
g object_650
v 24.364704132080078 0 -30.430225372314453
v 24.364704132080078 3.7999999523162842 -30.430225372314453
v 27.584877014160156 0 -30.430225372314453
v 27.584877014160156 3.7999999523162842 -30.430225372314453
v 27.584877014160156 0 -34.097831726074219
v 27.584877014160156 3.7999999523162842 -34.097831726074219
v 24.364704132080078 0 -34.097831726074219
v 24.364704132080078 3.7999999523162842 -34.097831726074219
f 5195 5193 5199 5197
f 5200 5194 5196 5198
f 5193 5195 5196 5194
f 5195 5197 5198 5196
f 5197 5199 5200 5198
f 5199 5193 5194 5200
g object_651
v 30.805049896240234 0 -41.43304443359375
v 30.805049896240234 3.7999999523162842 -41.43304443359375
v 32.755352020263672 0 -41.43304443359375
v 32.755352020263672 3.7999999523162842 -41.43304443359375
v 32.755352020263672 0 -45.100654602050781
v 32.755352020263672 3.7999999523162842 -45.100654602050781
v 30.805049896240234 0 -45.100654602050781
v 30.805049896240234 3.7999999523162842 -45.100654602050781
f 5203 5201 5207 5205
f 5208 5202 5204 5206
f 5201 5203 5204 5202
f 5203 5205 5206 5204
f 5205 5207 5208 5206
f 5207 5201 5202 5208
g object_652
v 30.805049896240234 0 -45.100654602050781
v 30.805049896240234 3.7999999523162842 -45.100654602050781
v 32.755352020263672 0 -45.100654602050781
v 32.755352020263672 3.7999999523162842 -45.100654602050781
v 32.755352020263672 0 -48.768260955810547
v 32.755352020263672 3.7999999523162842 -48.768260955810547
v 30.805049896240234 0 -48.768260955810547
v 30.805049896240234 3.7999999523162842 -48.768260955810547
f 5211 5209 5215 5213
f 5216 5210 5212 5214
f 5209 5211 5212 5210
f 5211 5213 5214 5212
f 5213 5215 5216 5214
f 5215 5209 5210 5216
