
CASCADE Topology V3, (c) Open Cascade
Locations 0
Curve2ds 907
1 -33.948651931111343 -75.674746031158392 -0.82922115822925602 -0.5589206300942301 
1 -33.948651931111343 -75.674746031158392 -0.82922115822925602 -0.5589206300942301 
1 -34.182667931111354 -75.832480031158397 -0.98018092471993323 -0.19810440382580249 
1 -34.182667931111354 -75.832480031158397 -0.98018092471993323 -0.19810440382580249 
1 -34.468823931111345 -75.890315031158394 -0.98026975415741491 0.19766438496644115 
1 -34.468823931111345 -75.890315031158394 -0.98026975415741491 0.19766438496644115 
1 -34.755642931111353 -75.832480031158397 -0.82933180371881032 0.55875644008861758 
1 -34.755642931111353 -75.832480031158397 -0.82933180371881032 0.55875644008861758 
1 -34.989758931111353 -75.674746031158392 -0.55910898436643663 0.82909417052632317 
1 -34.989758931111353 -75.674746031158392 -0.55910898436643663 0.82909417052632317 
1 -35.147541931111348 -75.440772031158403 -0.1978795026184067 0.98022635265712577 
1 -35.147541931111348 -75.440772031158403 -0.1978795026184067 0.98022635265712577 
1 -35.205387931111346 -75.154223031158395 0.19813794250581171 0.98017414561880978 
1 -35.205387931111346 -75.154223031158395 0.19813794250581171 0.98017414561880978 
1 -35.147541931111348 -74.8680630311584 0.55904000098462003 0.82914068607149904 
1 -35.147541931111348 -74.8680630311584 0.55904000098462003 0.82914068607149904 
1 -34.989758931111353 -74.634047031158403 0.82896901025849312 0.55929453781621563 
1 -34.989758931111353 -74.634047031158403 0.82896901025849312 0.55929453781621563 
1 -34.755642931111353 -74.476092031158402 0.98018357829891911 0.19809127399541557 
1 -34.755642931111353 -74.476092031158402 0.98018357829891911 0.19809127399541557 
1 -34.468823931111345 -74.418127031158406 0.98009437265853327 -0.19853216536137472 
1 -34.468823931111345 -74.418127031158406 0.98009437265853327 -0.19853216536137472 
1 -34.182667931111354 -74.476092031158402 0.82885820009523281 -0.55945874212035618 
1 -34.182667931111354 -74.476092031158402 0.82885820009523281 -0.55945874212035618 
1 -33.948651931111343 -74.634047031158403 0.55946847519359466 -0.8288516304288448 
1 -33.948651931111343 -74.634047031158403 0.55946847519359466 -0.8288516304288448 
1 -33.790692931111352 -74.8680630311584 0.19851633957857637 -0.98009757826469679 
1 -33.790692931111352 -74.8680630311584 0.19851633957857637 -0.98009757826469679 
1 -33.732731931111346 -75.154223031158395 -0.19825744650455365 -0.98014998082206495 
1 -33.732731931111346 -75.154223031158395 -0.19825744650455365 -0.98014998082206495 
1 -33.790692931111352 -75.440772031158403 -0.55953746331202547 -0.82880505980015828 
1 -33.790692931111352 -75.440772031158403 -0.55953746331202547 -0.82880505980015828 
1 -33.790699931111348 -65.277914031158403 -0.55991724697875433 -0.8285485360168906 
1 -33.790699931111348 -65.277914031158403 -0.55991724697875433 -0.8285485360168906 
1 -33.948704931111351 -65.511725031158406 -0.82964414452397728 -0.55829256976703368 
1 -33.948704931111351 -65.511725031158406 -0.82964414452397728 -0.55829256976703368 
1 -34.182865931111351 -65.669299031158403 -0.98026521096588104 -0.19768691451387704 
1 -34.182865931111351 -65.669299031158403 -0.98026521096588104 -0.19768691451387704 
1 -34.46928893111135 -65.727061031158399 -0.98028245343252596 0.1976013954715595 
1 -34.46928893111135 -65.727061031158399 -0.98028245343252596 0.1976013954715595 
1 -34.755840931111351 -65.669299031158403 -0.82943414490692269 0.55860451059987148 
1 -34.755840931111351 -65.669299031158403 -0.82943414490692269 0.55860451059987148 
1 -34.989811931111348 -65.511725031158406 -0.55926719920865831 0.82898745460308554 
1 -34.989811931111348 -65.511725031158406 -0.55926719920865831 0.82898745460308554 
1 -35.147549931111342 -65.277914031158403 -0.19789965906506168 0.98022228343469753 
1 -35.147549931111342 -65.277914031158403 -0.19789965906506168 0.98022228343469753 
1 -35.205387931111346 -64.991435031158403 0.19793417971354418 0.98021531333739453 
1 -35.205387931111346 -64.991435031158403 0.19793417971354418 0.98021531333739453 
1 -35.147549931111342 -64.7050080311584 0.55869724801309328 0.8293716808901761 
1 -35.147549931111342 -64.7050080311584 0.55869724801309328 0.8293716808901761 
1 -34.989811931111348 -64.470850031158392 0.82872780814504499 0.55965187394228355 
1 -34.989811931111348 -64.470850031158392 0.82872780814504499 0.55965187394228355 
1 -34.755840931111351 -64.312846031158401 0.98014307215880681 0.19829159865989335 
1 -34.755840931111351 -64.312846031158401 0.98014307215880681 0.19829159865989335 
1 -34.46928893111135 -64.254874031158394 0.9801257115011297 -0.19837739199415944 
1 -34.46928893111135 -64.254874031158394 0.9801257115011297 -0.19837739199415944 
1 -34.182865931111351 -64.312846031158401 0.82893841677948676 -0.55933987984687639 
1 -34.182865931111351 -64.312846031158401 0.82893841677948676 -0.55933987984687639 
1 -33.948704931111351 -64.470850031158392 0.55934723647328621 -0.82893345272687469 
1 -33.948704931111351 -64.470850031158392 0.55934723647328621 -0.82893345272687469 
1 -33.790699931111348 -64.7050080311584 0.19836158160868989 -0.9801289113895677 
1 -33.790699931111348 -64.7050080311584 0.19836158160868989 -0.9801289113895677 
1 -33.732731931111346 -64.991435031158403 -0.19832699251629743 -0.98013591100389774 
1 -33.732731931111346 -64.991435031158403 -0.19832699251629743 -0.98013591100389774 
1 -42.045033931111348 -78.557543031158403 0 1 
1 -42.045033931111348 -78.557543031158403 0 1 
1 -42.045033931111348 -76.992831031158403 1 0 
1 -42.045033931111348 -76.992831031158403 1 0 
1 -40.344303931111341 -76.992831031158403 0 -1 
1 -40.344303931111341 -76.992831031158403 0 -1 
1 -40.344303931111341 -78.557543031158403 -1 0 
1 -40.344303931111341 -78.557543031158403 -1 0 
1 -47.421024931111347 -76.992831031158403 0 -1 
1 -47.421024931111347 -76.992831031158403 0 -1 
1 -47.421024931111347 -78.557543031158403 -1 0 
1 -47.421024931111347 -78.557543031158403 -1 0 
1 -49.12175493111134 -78.557543031158403 0 1 
1 -49.12175493111134 -78.557543031158403 0 1 
1 -49.12175493111134 -76.992831031158403 1 0 
1 -49.12175493111134 -76.992831031158403 1 0 
1 -47.421024931111347 -56.517920031158397 -1 0 
1 -47.421024931111347 -56.517920031158397 -1 0 
1 -49.12175493111134 -56.517920031158397 0 1 
1 -49.12175493111134 -56.517920031158397 0 1 
1 -49.12175493111134 -54.953207031158399 1 0 
1 -49.12175493111134 -54.953207031158399 1 0 
1 -47.421024931111347 -54.953207031158399 0 -1 
1 -47.421024931111347 -54.953207031158399 0 -1 
1 -42.045033931111348 -56.517920031158397 0 1 
1 -42.045033931111348 -56.517920031158397 0 1 
1 -42.045033931111348 -54.953207031158399 1 0 
1 -42.045033931111348 -54.953207031158399 1 0 
1 -40.344303931111341 -54.953207031158399 0 -1 
1 -40.344303931111341 -54.953207031158399 0 -1 
1 -40.344303931111341 -56.517920031158397 -1 0 
1 -40.344303931111341 -56.517920031158397 -1 0 
1 -49.12175493111134 -61.702147031158404 1 0 
1 -49.12175493111134 -61.702147031158404 1 0 
1 -47.421024931111347 -61.702147031158404 0 -1 
1 -47.421024931111347 -61.702147031158404 0 -1 
1 -47.421024931111347 -63.266863031158394 -1 0 
1 -47.421024931111347 -63.266863031158394 -1 0 
1 -49.12175493111134 -63.266863031158394 0 1 
1 -49.12175493111134 -63.266863031158394 0 1 
1 -42.045033931111348 -61.702147031158404 1 0 
1 -42.045033931111348 -61.702147031158404 1 0 
1 -40.344303931111341 -61.702147031158404 0 -1 
1 -40.344303931111341 -61.702147031158404 0 -1 
1 -40.344303931111341 -63.266863031158394 -1 0 
1 -40.344303931111341 -63.266863031158394 -1 0 
1 -42.045033931111348 -63.266863031158394 0 1 
1 -42.045033931111348 -63.266863031158394 0 1 
1 23.30891306888865 -30.669121031158397 1 0 
1 23.30891306888865 -30.669121031158397 1 0 
1 25.06094206888865 -30.669121031158397 0 -1 
1 25.06094206888865 -30.669121031158397 0 -1 
1 25.06094206888865 -37.802975031158397 -1 0 
1 25.06094206888865 -37.802975031158397 -1 0 
1 23.30891306888865 -37.802975031158397 0 1 
1 23.30891306888865 -37.802975031158397 0 1 
1 -29.842724931111348 18.628239968841601 -0.84230778894093683 0.53899683550966249 
1 -29.842724931111348 18.628239968841601 -0.84230778894093683 0.53899683550966249 
1 -37.881016931111347 23.771981968841605 0 1 
1 -37.881016931111347 23.771981968841605 0 1 
1 -37.881016931111347 24.628216968841603 0.84033399088378147 -0.54206898432333939 
1 -37.881016931111347 24.628216968841603 0.84033399088378147 -0.54206898432333939 
1 -29.199925931111352 19.028359968841603 -0.84896406722941242 -0.52845057720972699 
1 -29.199925931111352 19.028359968841603 -0.84896406722941242 -0.52845057720972699 
1 -23.368511931111343 32.004406968841607 0.99999998234674625 0.00018790025922358142 
1 -23.368511931111343 32.004406968841607 0.99999998234674625 0.00018790025922358142 
1 -20.867184931111353 32.0048769688416 0 1 
1 -20.867184931111353 32.0048769688416 0 1 
1 -20.867184931111353 34.510869968841604 1 0 
1 -20.867184931111353 34.510869968841604 1 0 
1 -19.315548931111351 34.510869968841604 0 -1 
1 -19.315548931111351 34.510869968841604 0 -1 
1 -19.315548931111351 32.004406968841607 0.99999998215382069 0.00018892421389930203 
1 -19.315548931111351 32.004406968841607 0.99999998215382069 0.00018892421389930203 
1 -16.827778931111354 32.0048769688416 0 -1 
1 -16.827778931111354 32.0048769688416 0 -1 
1 -16.827778931111354 30.266289968841601 -0.9999999993490597 -3.6081582881825586e-05 
1 -16.827778931111354 30.266289968841601 -0.9999999993490597 -3.6081582881825586e-05 
1 -23.368511931111343 30.2660539688416 0 1 
1 -23.368511931111343 30.2660539688416 0 1 
1 -59.599529931111348 18.664917968841603 -0.84896740751607425 0.52844521094947583 
1 -59.599529931111348 18.664917968841603 -0.84896740751607425 0.52844521094947583 
1 -60.24296293111135 19.065426968841603 0.84210865753678055 0.53930789805231039 
1 -60.24296293111135 19.065426968841603 0.84210865753678055 0.53930789805231039 
1 -51.502316931111352 24.663159968841601 0 -1 
1 -51.502316931111352 24.663159968841601 0 -1 
1 -51.502316931111352 23.8078549688416 -0.84412556295389185 -0.53614553431673317 
1 -51.502316931111352 23.8078549688416 -0.84412556295389185 -0.53614553431673317 
1 -22.288243931111353 7.2860259688416029 0.84896673524963828 0.52844629096964102 
1 -22.288243931111353 7.2860259688416029 0.84896673524963828 0.52844629096964102 
1 -21.720539931111347 7.6393979688415996 0.23256319974122058 -0.97258128612786143 
1 -21.720539931111347 7.6393979688415996 0.23256319974122058 -0.97258128612786143 
1 -18.625805931111344 -5.3028060311583989 -1 0 
1 -18.625805931111344 -5.3028060311583989 -1 0 
1 -19.260578931111354 -5.3028060311583989 -0.23383630482553269 0.97227598064826259 
1 -19.260578931111354 -5.3028060311583989 -0.23383630482553269 0.97227598064826259 
1 -67.740116931111345 7.6875259688416016 0.84896741322332281 -0.52844520178056309 
1 -67.740116931111345 7.6875259688416016 0.84896741322332281 -0.52844520178056309 
1 -67.172367931111353 7.334126968841602 -0.23444468275189106 -0.97212946191819805 
1 -67.172367931111353 7.334126968841602 -0.23444468275189106 -0.97212946191819805 
1 -70.219967931111356 -5.3028060311583989 -1 0 
1 -70.219967931111356 -5.3028060311583989 -1 0 
1 -70.85473393111134 -5.3028060311583989 0.23315616506750714 0.97243930540214873 
1 -70.85473393111134 -5.3028060311583989 0.23315616506750714 0.97243930540214873 
1 -42.981358931111345 30.266289968841601 0 1 
1 -42.981358931111345 30.266289968841601 0 1 
1 -42.981358931111345 31.052857968841604 1 0 
1 -42.981358931111345 31.052857968841604 1 0 
1 -32.802937931111344 31.052857968841604 0 1 
1 -32.802937931111344 31.052857968841604 0 1 
1 -32.802937931111344 34.466469968841608 1 0 
1 -32.802937931111344 34.466469968841608 1 0 
1 -31.130459931111346 34.466469968841608 0 -1 
1 -31.130459931111346 34.466469968841608 0 -1 
1 -31.130459931111346 32.004406968841607 0.99999998216049024 0.00018888890784648566 
1 -31.130459931111346 32.004406968841607 0.99999998216049024 0.00018888890784648566 
1 -28.642224931111343 32.0048769688416 0 -1 
1 -28.642224931111343 32.0048769688416 0 -1 
1 -28.642224931111343 30.266404968841602 -0.99999999996783984 -8.020010134313342e-06 
1 -28.642224931111343 30.266404968841602 -0.99999999996783984 -8.020010134313342e-06 
1 -20.08797193111134 -18.9241070311584 1 0 
1 -20.08797193111134 -18.9241070311584 1 0 
1 -19.42554193111134 -18.9241070311584 -0.39018686185909357 -0.92073569108216535 
1 -19.42554193111134 -18.9241070311584 -0.39018686185909357 -0.92073569108216535 
1 -25.645237931111353 -33.600911031158397 -0.66805653131614362 -0.74411052335378403 
1 -25.645237931111353 -33.600911031158397 -0.66805653131614362 -0.74411052335378403 
1 -30.485226931111342 -38.991902031158403 -0.83792319872388221 -0.54578815765857125 
1 -30.485226931111342 -38.991902031158403 -0.83792319872388221 -0.54578815765857125 
1 -36.20413693111135 -42.716961031158398 -0.24177091346680921 0.97033335787317165 
1 -36.20413693111135 -42.716961031158398 -0.24177091346680921 0.97033335787317165 
1 -36.409474931111347 -41.892849031158399 0.75823955830415413 0.6519760518782276 
1 -36.409474931111347 -41.892849031158399 0.75823955830415413 0.6519760518782276 
1 -26.170010931111349 -33.088395031158399 0.3945565899343727 0.91887164356038287 
1 -26.170010931111349 -33.088395031158399 0.3945565899343727 0.91887164356038287 
1 -63.807911931111349 -33.640377031158401 -0.3907575750998214 0.92049362708391824 
1 -63.807911931111349 -33.640377031158401 -0.3907575750998214 0.92049362708391824 
1 -70.055096931111351 -18.9241070311584 1 0 
1 -70.055096931111351 -18.9241070311584 1 0 
1 -69.39266693111135 -18.9241070311584 0.39512727800260927 -0.91862638443398137 
1 -69.39266693111135 -18.9241070311584 0.39512727800260927 -0.91862638443398137 
1 -63.283695931111353 -33.1267760311584 0.67156846006471571 -0.74094251021675528 
1 -63.283695931111353 -33.1267760311584 0.67156846006471571 -0.74094251021675528 
1 -58.562855931111343 -38.335286031158404 0.84024511881568198 -0.54220673207405001 
1 -58.562855931111343 -38.335286031158404 0.84024511881568198 -0.54220673207405001 
1 -52.99535893111134 -41.927969031158398 -0.23945844383703913 -0.97090661429158243 
1 -52.99535893111134 -41.927969031158398 -0.23945844383703913 -0.97090661429158243 
1 -53.198826931111341 -42.752949031158394 -0.83965543592620817 0.54311946100242947 
1 -53.198826931111341 -42.752949031158394 -0.83965543592620817 0.54311946100242947 
1 -58.94469193111135 -39.0363160311584 -0.66948745127993681 0.7428233656655493 
1 -58.94469193111135 -39.0363160311584 -0.66948745127993681 0.7428233656655493 
1 -3.4320865789546673 -7.1896375157595926 0.99999649617090669 0.0026471958578568825 
1 -8.258228931111347 39.823140968841599 -0.99999649617090669 0.0026471958578568825 
1 -8.258228931111347 39.823140968841599 -0.99999649617090669 0.0026471958578568825 
1 -2.6380415789546703 -7.1875355157595919 0.00019084739123535426 0.99999998178863647 
1 -9.052273931111344 39.825242968841607 -0.00019084739123535426 0.99999998178863647 
1 -9.052273931111344 39.825242968841607 -0.00019084739123535426 0.99999998178863647 
1 -2.6375685789546708 -4.7091155157595921 1 0 
1 -9.0527469311113435 42.303662968841607 -1 0 
1 -9.0527469311113435 42.303662968841607 -1 0 
1 7.625233421045337 -4.7091155157595921 0 -1 
1 -19.315548931111351 42.303662968841607 0 -1 
1 -19.315548931111351 42.303662968841607 0 -1 
1 7.625233421045337 -7.1922085157595959 1 0 
1 -19.315548931111351 39.820569968841596 -1 0 
1 -19.315548931111351 39.820569968841596 -1 0 
1 9.176869421045339 -7.1922085157595959 0.00019048823037152339 0.99999998185711692 
1 -20.867184931111353 39.820569968841596 -0.00019048823037152339 0.99999998185711692 
1 -20.867184931111353 39.820569968841596 -0.00019048823037152339 0.99999998185711692 
1 9.1773424210453385 -4.7091155157595921 1 0 
1 -20.867657931111353 42.303662968841607 -1 0 
1 -20.867657931111353 42.303662968841607 -1 0 
1 11.678196421045328 -4.7091155157595921 0 1 
1 -23.368511931111343 42.303662968841607 0 1 
1 -23.368511931111343 42.303662968841607 0 1 
1 11.678196421045328 -2.9546375157595932 -0.99999998264594847 0.00018630110813535079 
1 -23.368511931111343 44.058140968841599 0.99999998264594847 0.00018630110813535079 
1 -23.368511931111343 44.058140968841599 0.99999998264594847 0.00018630110813535079 
1 9.176869421045339 -2.9541715157595974 -0.99999995487439752 -0.00030041838029830635 
1 -20.867184931111353 44.058606968841602 0.99999995487439752 -0.00030041838029830635 
1 -20.867184931111353 44.058606968841602 0.99999995487439752 -0.00030041838029830635 
1 7.6256994210453257 -2.9546375157595932 -0.99999998246286326 0.00018728126746158944 
1 -19.31601493111134 44.058140968841599 0.99999998246286326 0.00018728126746158944 
1 -19.31601493111134 44.058140968841599 0.99999998246286326 0.00018728126746158944 
1 5.1374634210453394 -2.9541715157595974 -0.99999999609670731 -8.835488292066433e-05 
1 -16.827778931111354 44.058606968841602 0.99999999609670731 -8.835488292066433e-05 
1 -16.827778931111354 44.058606968841602 0.99999999609670731 -8.835488292066433e-05 
1 -0.13672157895466341 -2.9546375157595932 -0.99999998264585133 0.00018630162950315196 
1 -11.553593931111351 44.058140968841599 0.99999998264585133 0.00018630162950315196 
1 -11.553593931111351 44.058140968841599 0.99999998264585133 0.00018630162950315196 
1 -2.6380415789546703 -2.9541715157595974 0 1 
1 -9.052273931111344 44.058606968841602 0 1 
1 -9.052273931111344 44.058606968841602 0 1 
1 -2.6380415789546703 3.5809534842404105 0.00012567537128414756 0.99999999210285051 
1 -9.052273931111344 50.59373196884161 -0.00012567537128414756 0.99999999210285051 
1 -9.052273931111344 50.59373196884161 -0.00012567537128414756 0.99999999210285051 
1 -2.6375685789546708 7.3446184842403994 1 0 
1 -9.0527469311113435 54.357396968841599 -1 0 
1 -9.0527469311113435 54.357396968841599 -1 0 
1 -0.13905657895466561 7.3446184842403994 0.0026490469150866128 0.99999649126906531 
1 -11.551258931111349 54.357396968841599 -0.0026490469150866128 0.99999649126906531 
1 -11.551258931111349 54.357396968841599 -0.0026490469150866128 0.99999649126906531 
1 -0.13672157895466341 8.2260644842404105 0 1 
1 -11.553593931111351 55.23884296884161 0 1 
1 -11.553593931111351 55.23884296884161 0 1 
1 -0.13672157895466341 9.1075194842403988 -0.99999999998201905 5.9968336736169106e-06 
1 -11.553593931111351 56.120297968841598 0.99999999998201905 5.9968336736169106e-06 
1 -11.553593931111351 56.120297968841598 0.99999999998201905 5.9968336736169106e-06 
1 -2.6380415789546703 9.1075344842404036 0.99999938371322095 0.0011102131229033143 
1 -9.052273931111344 56.120312968841603 -0.99999938371322095 0.0011102131229033143 
1 -9.052273931111344 56.120312968841603 -0.99999938371322095 0.0011102131229033143 
1 -0.13672157895466341 9.1103114842404125 -1 0 
1 -11.553593931111351 56.123089968841612 1 0 
1 -11.553593931111351 56.123089968841612 1 0 
1 -2.6380415789546703 9.1103114842404125 -0.99999994474815013 -0.00033242096346271384 
1 -9.052273931111344 56.123089968841612 0.99999994474815013 -0.00033242096346271384 
1 -9.052273931111344 56.123089968841612 0.99999994474815013 -0.00033242096346271384 
1 -6.7442805789546654 9.1089464842404055 0 -1 
1 -4.946034931111349 56.121724968841605 0 -1 
1 -4.946034931111349 56.121724968841605 0 -1 
1 -6.7442805789546654 7.3446184842403994 1 0 
1 -4.946034931111349 54.357396968841599 -1 0 
1 -4.946034931111349 54.357396968841599 -1 0 
1 -4.2429605789546656 7.3446184842403994 0 -1 
1 -7.4473549311113487 54.357396968841599 0 -1 
1 -7.4473549311113487 54.357396968841599 0 -1 
1 -4.2429605789546656 -2.9546375157595932 -0.99999998246286326 0.00018728126746158836 
1 -7.4473549311113487 44.058140968841599 0.99999998246286326 0.00018728126746158836 
1 -7.4473549311113487 44.058140968841599 0.99999998246286326 0.00018728126746158836 
1 -6.7311965789546662 -2.9541715157595974 0 -1 
1 -4.9591189311113482 44.058606968841602 0 -1 
1 -4.9591189311113482 44.058606968841602 0 -1 
1 -6.7311965789546662 -3.9080555157595924 0.0017526750100450288 -0.99999846406397508 
1 -4.9591189311113482 43.1047229688416 -0.0017526750100450288 -0.99999846406397508 
1 -4.9591189311113482 43.1047229688416 -0.0017526750100450288 -0.99999846406397508 
1 -6.7297925789546653 -4.7091155157595921 1 0 
1 -4.960522931111349 42.303662968841607 -1 0 
1 -4.960522931111349 42.303662968841607 -1 0 
1 -4.2560455789546694 -4.7091155157595921 0 -1 
1 -7.4342699311113449 42.303662968841607 0 -1 
1 -7.4342699311113449 42.303662968841607 0 -1 
1 -4.2560455789546694 -7.1922085157595959 0.99999513189672973 0.0031202856988147409 
1 -7.4342699311113449 39.820569968841596 -0.99999513189672973 0.0031202856988147409 
1 -7.4342699311113449 39.820569968841596 -0.99999513189672973 0.0031202856988147409 
1 4.6522620688886533 -17.382670031158398 1 0 
1 4.6522620688886533 -17.382670031158398 1 0 
1 6.325804068888651 -17.382670031158398 0 -1 
1 6.325804068888651 -17.382670031158398 0 -1 
1 6.325804068888651 -22.446601031158398 1 0 
1 6.325804068888651 -22.446601031158398 1 0 
1 7.4049330688886528 -22.446601031158398 0 -1 
1 7.4049330688886528 -22.446601031158398 0 -1 
1 7.4049330688886528 -24.131916031158397 -1 0 
1 7.4049330688886528 -24.131916031158397 -1 0 
1 6.325804068888651 -24.131916031158397 0 -1 
1 6.325804068888651 -24.131916031158397 0 -1 
1 6.325804068888651 -61.643721031158393 1 0 
1 6.325804068888651 -61.643721031158393 1 0 
1 7.4049330688886528 -61.643721031158393 0 -1 
1 7.4049330688886528 -61.643721031158393 0 -1 
1 7.4049330688886528 -63.325289031158405 -1 0 
1 7.4049330688886528 -63.325289031158405 -1 0 
1 1.3446610688886551 -63.325289031158405 0 1 
1 1.3446610688886551 -63.325289031158405 0 1 
1 1.3446610688886551 -61.643721031158393 1 0 
1 1.3446610688886551 -61.643721031158393 1 0 
1 4.6554520688886498 -61.643721031158393 -0.00017013310630161982 0.99999998552736302 
1 4.6554520688886498 -61.643721031158393 -0.00017013310630161982 0.99999998552736302 
1 4.6490700688886548 -24.131916031158397 -1 0 
1 4.6490700688886548 -24.131916031158397 -1 0 
1 3.569941068888653 -24.131916031158397 0 1 
1 3.569941068888653 -24.131916031158397 0 1 
1 3.569941068888653 -22.446601031158398 1 0 
1 3.569941068888653 -22.446601031158398 1 0 
1 4.6490700688886548 -22.446601031158398 0.00063034021708860541 0.99999980133558564 
1 4.6490700688886548 -22.446601031158398 0.00063034021708860541 0.99999980133558564 
1 -11.553593931111351 32.004406968841607 0.99999998234664733 0.00018790078506664216 
1 -11.553593931111351 32.004406968841607 0.99999998234664733 0.00018790078506664216 
1 -9.052273931111344 32.0048769688416 0 1 
1 -9.052273931111344 32.0048769688416 0 1 
1 -9.052273931111344 34.466469968841608 0.99999999995238009 9.7590966902413128e-06 
1 -9.052273931111344 34.466469968841608 0.99999999995238009 9.7590966902413128e-06 
1 -8.2325259311113541 34.466477968841602 0.9999998332417368 0.00057750887325095247 
1 -8.2325259311113541 34.466477968841602 0.9999998332417368 0.00057750887325095247 
1 -7.4342699311113449 34.466938968841603 0 -1 
1 -7.4342699311113449 34.466938968841603 0 -1 
1 -7.4342699311113449 32.004406968841607 0.99999999420475683 0.00010765912127621554 
1 -7.4342699311113449 32.004406968841607 0.99999999420475683 0.00010765912127621554 
1 -3.0686389311113444 32.0048769688416 0 -1 
1 -3.0686389311113444 32.0048769688416 0 -1 
1 -3.0686389311113444 30.266289968841601 -1 0 
1 -3.0686389311113444 30.266289968841601 -1 0 
1 -7.2968649311113438 30.266289968841601 0 -1 
1 -7.2968649311113438 30.266289968841601 0 -1 
1 -7.2968649311113438 -5.4111200311583989 1 0 
1 -7.2968649311113438 -5.4111200311583989 1 0 
1 -6.2177329311113425 -5.4111200311583989 0 -1 
1 -6.2177329311113425 -5.4111200311583989 0 -1 
1 -6.2177329311113425 -7.0964350311583981 -1 0 
1 -6.2177329311113425 -7.0964350311583981 -1 0 
1 -7.2968649311113438 -7.0964350311583981 0 -1 
1 -7.2968649311113438 -7.0964350311583981 0 -1 
1 -7.2968649311113438 -12.1641050311584 -0.99999755928286471 -0.0022093954633472398 
1 -7.2968649311113438 -12.1641050311584 -0.99999755928286471 -0.0022093954633472398 
1 -8.9891789311113399 -12.167844031158399 0 1 
1 -8.9891789311113399 -12.167844031158399 0 1 
1 -8.9891789311113399 30.266289968841601 -1 0 
1 -8.9891789311113399 30.266289968841601 -1 0 
1 -11.553593931111351 30.266289968841601 0 1 
1 -11.553593931111351 30.266289968841601 0 1 
1 31.856154068888653 32.3766069688416 1 0 
1 31.856154068888653 32.3766069688416 1 0 
1 33.477216068888652 32.3766069688416 0 -1 
1 33.477216068888652 32.3766069688416 0 -1 
1 33.477216068888652 23.3636989688416 0.99999994676163251 -0.00032630772649652875 
1 33.477216068888652 23.3636989688416 0.99999994676163251 -0.00032630772649652875 
1 36.869719068888656 23.362591968841603 0 -1 
1 36.869719068888656 23.362591968841603 0 -1 
1 36.869719068888656 21.819409968841601 -1 0 
1 36.869719068888656 21.819409968841601 -1 0 
1 33.469762068888656 21.819409968841601 0 -1 
1 33.469762068888656 21.819409968841601 0 -1 
1 33.469762068888656 8.1151329688415998 1 0 
1 33.469762068888656 8.1151329688415998 1 0 
1 36.869719068888656 8.1151329688415998 0 -1 
1 36.869719068888656 8.1151329688415998 0 -1 
1 36.869719068888656 6.4630869688416013 -1 0 
1 36.869719068888656 6.4630869688416013 -1 0 
1 33.469762068888656 6.4630869688416013 0 -1 
1 33.469762068888656 6.4630869688416013 0 -1 
1 33.469762068888656 -12.167377031158399 -1 0 
1 33.469762068888656 -12.167377031158399 -1 0 
1 31.856154068888653 -12.167377031158399 0 1 
1 31.856154068888653 -12.167377031158399 0 1 
1 31.856154068888653 -7.1451050311583995 -1 0 
1 31.856154068888653 -7.1451050311583995 -1 0 
1 26.565148068888654 -7.1451050311583995 0.00056453387939322001 0.99999984065073688 
1 26.565148068888654 -7.1451050311583995 0.00056453387939322001 0.99999984065073688 
1 26.565615068888654 -6.3178740311583983 -0.00053292061499893458 0.999999857997799 
1 26.565615068888654 -6.3178740311583983 -0.00053292061499893458 0.999999857997799 
1 26.565148068888654 -5.4415710311583982 1 0 
1 26.565148068888654 -5.4415710311583982 1 0 
1 31.856154068888653 -5.4415710311583982 0 1 
1 31.856154068888653 -5.4415710311583982 0 1 
1 31.856154068888653 6.4845729688416007 -0.99999999609033086 8.842702302844639e-05 
1 31.856154068888653 6.4845729688416007 -0.99999999609033086 8.842702302844639e-05 
1 26.574963068888653 6.4850399688416012 0 1 
1 26.574963068888653 6.4850399688416012 0 1 
1 26.574963068888653 8.1289059688416003 1 0 
1 26.574963068888653 8.1289059688416003 1 0 
1 31.856154068888653 8.1289059688416003 0 1 
1 31.856154068888653 8.1289059688416003 0 1 
1 23.30891306888865 -56.364867031158397 0 1 
1 23.30891306888865 -56.364867031158397 0 1 
1 23.30891306888865 -49.650061031158401 -1 0 
1 23.30891306888865 -49.650061031158401 -1 0 
1 16.559394068888651 -49.650061031158401 0 -1 
1 16.559394068888651 -49.650061031158401 0 -1 
1 16.559394068888651 -56.364867031158397 -1 0 
1 16.559394068888651 -56.364867031158397 -1 0 
1 14.897925068888654 -56.364867031158397 0 1 
1 14.897925068888654 -56.364867031158397 0 1 
1 14.897925068888654 -24.131916031158397 -1 0 
1 14.897925068888654 -24.131916031158397 -1 0 
1 13.818793068888652 -24.131916031158397 0 1 
1 13.818793068888652 -24.131916031158397 0 1 
1 13.818793068888652 -22.446601031158398 1 0 
1 13.818793068888652 -22.446601031158398 1 0 
1 14.897925068888654 -22.446601031158398 0 1 
1 14.897925068888654 -22.446601031158398 0 1 
1 14.897925068888654 -17.385006031158397 1 0 
1 14.897925068888654 -17.385006031158397 1 0 
1 16.559394068888651 -17.385006031158397 0 -1 
1 16.559394068888651 -17.385006031158397 0 -1 
1 16.559394068888651 -22.4671010311584 1 0 
1 16.559394068888651 -22.4671010311584 1 0 
1 21.778895068888652 -22.4671010311584 0 -1 
1 21.778895068888652 -22.4671010311584 0 -1 
1 21.778895068888652 -24.131916031158397 -1 0 
1 21.778895068888652 -24.131916031158397 -1 0 
1 16.559394068888651 -24.131916031158397 0 -1 
1 16.559394068888651 -24.131916031158397 0 -1 
1 16.559394068888651 -48.072718031158402 1 0 
1 16.559394068888651 -48.072718031158402 1 0 
1 23.30891306888865 -48.072718031158402 0 1 
1 23.30891306888865 -48.072718031158402 0 1 
1 23.30891306888865 -44.745617031158403 1 0 
1 23.30891306888865 -44.745617031158403 1 0 
1 25.06094206888865 -44.745617031158403 0 -1 
1 25.06094206888865 -44.745617031158403 0 -1 
1 25.06094206888865 -56.364867031158397 -1 0 
1 25.06094206888865 -56.364867031158397 -1 0 
1 -80.478741931111344 -17.382670031158398 0 -1 
1 -80.478741931111344 -17.382670031158398 0 -1 
1 -80.478741931111344 -61.649329031158402 0.99999994685457316 0.00032602277658612942 
1 -80.478741931111344 -61.649329031158402 0.99999994685457316 0.00032602277658612942 
1 -61.838940931111352 -61.643252031158397 -7.0155506255853585e-05 0.99999999753910251 
1 -61.838940931111352 -61.643252031158397 -7.0155506255853585e-05 0.99999999753910251 
1 -61.839413931111352 -54.901087031158397 1 0 
1 -61.839413931111352 -54.901087031158397 1 0 
1 -53.244625931111344 -54.901087031158397 0 -1 
1 -53.244625931111344 -54.901087031158397 0 -1 
1 -53.244625931111344 -56.5826590311584 -0.99999994199222486 0.00034061055018257781 
1 -53.244625931111344 -56.5826590311584 -0.99999994199222486 0.00034061055018257781 
1 -60.108769931111354 -56.580321031158405 0 -1 
1 -60.108769931111354 -56.580321031158405 0 -1 
1 -60.108769931111354 -61.643721031158393 1 0 
1 -60.108769931111354 -61.643721031158393 1 0 
1 -53.248829931111345 -61.643721031158393 0 -1 
1 -53.248829931111345 -61.643721031158393 0 -1 
1 -53.248829931111345 -63.320147031158399 -1 0 
1 -53.248829931111345 -63.320147031158399 -1 0 
1 -54.952366931111342 -63.320147031158399 0 -1 
1 -54.952366931111342 -63.320147031158399 0 -1 
1 -54.952366931111342 -68.420001031158392 -1 0 
1 -54.952366931111342 -68.420001031158392 -1 0 
1 -55.819325931111351 -68.420001031158392 -0.9999962307528395 -0.0027456292746507343 
1 -55.819325931111351 -68.420001031158392 -0.9999962307528395 -0.0027456292746507343 
1 -56.670857931111343 -68.422339031158401 0 1 
1 -56.670857931111343 -68.422339031158401 0 1 
1 -56.670857931111343 -63.321082031158397 -1 0 
1 -56.670857931111343 -63.321082031158397 -1 0 
1 -75.363003931111351 -63.321082031158397 0 -1 
1 -75.363003931111351 -63.321082031158397 0 -1 
1 -75.363003931111351 -68.422339031158401 -0.99992494563392675 0.012251656989515421 
1 -75.363003931111351 -68.422339031158401 -0.99992494563392675 0.012251656989515421 
1 -76.164059931111339 -68.412524031158398 -1 0 
1 -76.164059931111339 -68.412524031158398 -1 0 
1 -77.039425931111353 -68.412524031158398 0 1 
1 -77.039425931111353 -68.412524031158398 0 1 
1 -77.039425931111353 -63.504290031158405 -1 0 
1 -77.039425931111353 -63.504290031158405 -1 0 
1 -82.169186931111355 -63.504290031158405 0 1 
1 -82.169186931111355 -63.504290031158405 0 1 
1 -82.169186931111355 -59.921957031158399 -1 0 
1 -82.169186931111355 -59.921957031158399 -1 0 
1 -85.600567931111343 -59.921957031158399 0 1 
1 -85.600567931111343 -59.921957031158399 0 1 
1 -85.600567931111343 -58.689993031158394 1 0 
1 -85.600567931111343 -58.689993031158394 1 0 
1 -82.169186931111355 -58.689993031158394 0 1 
1 -82.169186931111355 -58.689993031158394 0 1 
1 -82.169186931111355 -24.131916031158397 -1 0 
1 -82.169186931111355 -24.131916031158397 -1 0 
1 -83.248318931111342 -24.131916031158397 0 1 
1 -83.248318931111342 -24.131916031158397 0 1 
1 -83.248318931111342 -22.446601031158398 1 0 
1 -83.248318931111342 -22.446601031158398 1 0 
1 -82.169186931111355 -22.446601031158398 0 1 
1 -82.169186931111355 -22.446601031158398 0 1 
1 -82.169186931111355 -17.382670031158398 1 0 
1 -82.169186931111355 -17.382670031158398 1 0 
1 -86.397412931111333 42.303662968841607 0 1 
1 -86.397412931111333 42.303662968841607 0 1 
1 -86.397412931111333 43.692845968841596 1 0 
1 -86.397412931111333 43.692845968841596 1 0 
1 -82.174374931111359 43.692845968841596 0 1 
1 -82.174374931111359 43.692845968841596 0 1 
1 -82.174374931111359 47.099698968841608 1 0 
1 -82.174374931111359 47.099698968841608 1 0 
1 -80.618756931111349 47.099698968841608 0 -1 
1 -80.618756931111349 47.099698968841608 0 -1 
1 -80.618756931111349 43.663678968841594 1 0 
1 -80.618756931111349 43.663678968841594 1 0 
1 -58.262745931111354 43.663678968841594 0 1 
1 -58.262745931111354 43.663678968841594 0 1 
1 -58.262745931111354 47.099698968841608 1 0 
1 -58.262745931111354 47.099698968841608 1 0 
1 -56.577381931111347 47.099698968841608 0 -1 
1 -56.577381931111347 47.099698968841608 0 -1 
1 -56.577381931111347 31.052857968841604 1 0 
1 -56.577381931111347 31.052857968841604 1 0 
1 -46.40197493111134 31.052857968841604 0 -1 
1 -46.40197493111134 31.052857968841604 0 -1 
1 -46.40197493111134 30.266289968841601 -1 0 
1 -46.40197493111134 30.266289968841601 -1 0 
1 -80.478741931111344 30.266289968841601 0 -1 
1 -80.478741931111344 30.266289968841601 0 -1 
1 -80.478741931111344 -12.1603660311584 -1 0 
1 -80.478741931111344 -12.1603660311584 -1 0 
1 -82.169186931111355 -12.1603660311584 0 1 
1 -82.169186931111355 -12.1603660311584 0 1 
1 -82.169186931111355 -7.0964350311583981 -1 0 
1 -82.169186931111355 -7.0964350311583981 -1 0 
1 -83.248318931111342 -7.0964350311583981 0 1 
1 -83.248318931111342 -7.0964350311583981 0 1 
1 -83.248318931111342 -5.4111200311583989 1 0 
1 -83.248318931111342 -5.4111200311583989 1 0 
1 -82.169186931111355 -5.4111200311583989 0 1 
1 -82.169186931111355 -5.4111200311583989 0 1 
1 -82.169186931111355 30.266289968841601 -1 0 
1 -82.169186931111355 30.266289968841601 -1 0 
1 -86.397412931111333 30.266289968841601 0 1 
1 -86.397412931111333 30.266289968841601 0 1 
1 -86.397412931111333 31.811852968841603 1 0 
1 -86.397412931111333 31.811852968841603 1 0 
1 -82.182751931111355 31.811852968841603 4.5082783572979823e-05 0.99999999898377134 
1 -82.182751931111355 31.811852968841603 4.5082783572979823e-05 0.99999999898377134 
1 -82.182278931111355 42.303662968841607 -1 0 
1 -82.182278931111355 42.303662968841607 -1 0 
1 4.6490700688886548 -7.0964350311583981 -1 0 
1 4.6490700688886548 -7.0964350311583981 -1 0 
1 3.569941068888653 -7.0964350311583981 0 1 
1 3.569941068888653 -7.0964350311583981 0 1 
1 3.569941068888653 -5.4111200311583989 1 0 
1 3.569941068888653 -5.4111200311583989 1 0 
1 4.6554520688886498 -5.4111200311583989 0 1 
1 4.6554520688886498 -5.4111200311583989 0 1 
1 4.6554520688886498 30.266289968841601 -1 0 
1 4.6554520688886498 30.266289968841601 -1 0 
1 0.45900606888865525 30.266289968841601 0 1 
1 0.45900606888865525 30.266289968841601 0 1 
1 0.45900606888865525 32.004406968841607 0.99999999348067337 0.0001141869227634517 
1 0.45900606888865525 32.004406968841607 0.99999999348067337 0.0001141869227634517 
1 4.5750640688886506 32.0048769688416 1 0 
1 4.5750640688886506 32.0048769688416 1 0 
1 14.878997068888651 32.0048769688416 0 1 
1 14.878997068888651 32.0048769688416 0 1 
1 14.878997068888651 37.382340968841604 1 0 
1 14.878997068888651 37.382340968841604 1 0 
1 16.559630068888652 37.382340968841604 -8.0674286624231785e-06 -0.99999999996745836 
1 16.559630068888652 37.382340968841604 -8.0674286624231785e-06 -0.99999999996745836 
1 16.559394068888651 8.1289059688416003 1 0 
1 16.559394068888651 8.1289059688416003 1 0 
1 21.778895068888652 8.1289059688416003 0 -1 
1 21.778895068888652 8.1289059688416003 0 -1 
1 21.778895068888652 6.4845729688416007 -1 0 
1 21.778895068888652 6.4845729688416007 -1 0 
1 16.559394068888651 6.4845729688416007 0 -1 
1 16.559394068888651 6.4845729688416007 0 -1 
1 16.559394068888651 -5.4415710311583982 1 0 
1 16.559394068888651 -5.4415710311583982 1 0 
1 21.778895068888652 -5.4415710311583982 0 -1 
1 21.778895068888652 -5.4415710311583982 0 -1 
1 21.778895068888652 -7.1451050311583995 -1 0 
1 21.778895068888652 -7.1451050311583995 -1 0 
1 16.559394068888651 -7.1451050311583995 0 -1 
1 16.559394068888651 -7.1451050311583995 0 -1 
1 16.559394068888651 -12.167377031158399 -0.99999604305186707 0.002813162030241948 
1 16.559394068888651 -12.167377031158399 -0.99999604305186707 0.002813162030241948 
1 14.897925068888654 -12.162703031158399 0 1 
1 14.897925068888654 -12.162703031158399 0 1 
1 14.897925068888654 -7.0964350311583981 -1 0 
1 14.897925068888654 -7.0964350311583981 -1 0 
1 13.818793068888652 -7.0964350311583981 0 1 
1 13.818793068888652 -7.0964350311583981 0 1 
1 13.818793068888652 -5.4471950311583992 1 0 
1 13.818793068888652 -5.4471950311583992 1 0 
1 14.78277106888865 -5.4471950311583992 0 1 
1 14.78277106888865 -5.4471950311583992 0 1 
1 14.78277106888865 30.287541968841598 -1 0 
1 14.78277106888865 30.287541968841598 -1 0 
1 6.2588990688886526 30.287541968841598 0 -1 
1 6.2588990688886526 30.287541968841598 0 -1 
1 6.2588990688886526 -5.4471950311583992 1 0 
1 6.2588990688886526 -5.4471950311583992 1 0 
1 7.4049330688886528 -5.4471950311583992 0 -1 
1 7.4049330688886528 -5.4471950311583992 0 -1 
1 7.4049330688886528 -7.0964350311583981 -1 0 
1 7.4049330688886528 -7.0964350311583981 -1 0 
1 6.325804068888651 -7.0964350311583981 0 -1 
1 6.325804068888651 -7.0964350311583981 0 -1 
1 6.325804068888651 -12.1603660311584 -1 0 
1 6.325804068888651 -12.1603660311584 -1 0 
1 4.6522620688886533 -12.1603660311584 -0.0006303402170886053 0.99999980133558564 
1 4.6522620688886533 -12.1603660311584 -0.0006303402170886053 0.99999980133558564 
1 22.381456234227375 -25.062182560474611 0 1 
1 4.6554520688886498 -80.345210031158402 0 1 
1 4.6554520688886498 -80.345210031158402 0 1 
1 22.381456234227375 -21.646235560474608 -1 0 
1 4.6554520688886498 -76.929263031158399 1 0 
1 4.6554520688886498 -76.929263031158399 1 0 
1 12.138983234227371 -21.646235560474608 0 1 
1 14.897925068888654 -76.929263031158399 0 1 
1 14.897925068888654 -76.929263031158399 0 1 
1 12.138983234227371 -8.0422615604746142 1 0 
1 14.897925068888654 -63.325289031158405 -1 0 
1 14.897925068888654 -63.325289031158405 -1 0 
1 13.218115234227373 -8.0422615604746142 0 1 
1 13.818793068888652 -63.325289031158405 0 1 
1 13.818793068888652 -63.325289031158405 0 1 
1 13.218115234227373 -6.3606935604746084 -1 0 
1 13.818793068888652 -61.643721031158393 1 0 
1 13.818793068888652 -61.643721031158393 1 0 
1 -4.819245765772628 -6.3606935604746084 0 1 
1 31.856154068888653 -61.643721031158393 0 1 
1 31.856154068888653 -61.643721031158393 0 1 
1 -4.819245765772628 31.151111439525387 1 0 
1 31.856154068888653 -24.131916031158397 -1 0 
1 31.856154068888653 -24.131916031158397 -1 0 
1 0.47362923422737069 31.151111439525387 0 1 
1 26.563279068888654 -24.131916031158397 0 1 
1 26.563279068888654 -24.131916031158397 0 1 
1 0.47362923422737069 32.815926439525391 -1 0 
1 26.563279068888654 -22.4671010311584 1 0 
1 26.563279068888654 -22.4671010311584 1 0 
1 -4.819245765772628 32.815926439525391 0 1 
1 31.856154068888653 -22.4671010311584 0 1 
1 31.856154068888653 -22.4671010311584 0 1 
1 -4.819245765772628 37.898021439525387 -1 0 
1 31.856154068888653 -17.385006031158397 1 0 
1 31.856154068888653 -17.385006031158397 1 0 
1 -6.4328537657726272 37.898021439525387 0 -1 
1 33.469762068888656 -17.385006031158397 0 -1 
1 33.469762068888656 -17.385006031158397 0 -1 
1 -6.4328537657726272 32.845126439525387 -1 0 
1 33.469762068888656 -22.437901031158397 1 0 
1 33.469762068888656 -22.437901031158397 1 0 
1 -13.614673765772629 32.845126439525387 0 -1 
1 40.651582068888658 -22.437901031158397 0 -1 
1 40.651582068888658 -22.437901031158397 0 -1 
1 -13.614673765772629 24.613906439525387 1 0 
1 40.651582068888658 -30.669121031158397 -1 0 
1 40.651582068888658 -30.669121031158397 -1 0 
1 -6.4315587657726283 24.613906439525387 0 -1 
1 33.468467068888657 -30.669121031158397 0 -1 
1 33.468467068888657 -30.669121031158397 0 -1 
1 -6.4315587657726283 19.20291043952539 -1 0 
1 33.468467068888657 -36.080117031158395 1 0 
1 33.468467068888657 -36.080117031158395 1 0 
1 -9.8328107657726278 19.20291043952539 0 -1 
1 36.869719068888656 -36.080117031158395 0 -1 
1 36.869719068888656 -36.080117031158395 0 -1 
1 -9.8328107657726278 17.480052439525387 1 0 
1 36.869719068888656 -37.802975031158397 -1 0 
1 36.869719068888656 -37.802975031158397 -1 0 
1 -6.4315587657726283 17.480052439525387 0 -1 
1 33.468467068888657 -37.802975031158397 0 -1 
1 33.468467068888657 -37.802975031158397 0 -1 
1 -6.4315587657726283 0.38045243952539209 -1 0 
1 33.468467068888657 -54.902575031158392 1 0 
1 33.468467068888657 -54.902575031158392 1 0 
1 -9.8328107657726278 0.38045243952539209 0 -1 
1 36.869719068888656 -54.902575031158392 0 -1 
1 36.869719068888656 -54.902575031158392 0 -1 
1 -9.8328107657726278 -1.109549560474612 1 0 
1 36.869719068888656 -56.392577031158396 -1 0 
1 36.869719068888656 -56.392577031158396 -1 0 
1 -6.4315587657726283 -1.109549560474612 0 -1 
1 33.468467068888657 -56.392577031158396 0 -1 
1 33.468467068888657 -56.392577031158396 0 -1 
1 -6.4315587657726283 -6.3366225604746091 -1 0 
1 33.468467068888657 -61.6196500311584 1 0 
1 33.468467068888657 -61.6196500311584 1 0 
1 -9.8328107657726278 -6.3366225604746091 0 -1 
1 36.869719068888656 -61.6196500311584 0 -1 
1 36.869719068888656 -61.6196500311584 0 -1 
1 -9.8328107657726278 -8.0380925604746096 1 0 
1 36.869719068888656 -63.321120031158401 -1 0 
1 36.869719068888656 -63.321120031158401 -1 0 
1 10.531279234227373 -8.0380925604746096 0 -1 
1 16.505629068888652 -63.321120031158401 0 -1 
1 16.505629068888652 -63.321120031158401 0 -1 
1 10.531279234227373 -21.605768560474608 -1 0 
1 16.505629068888652 -76.888796031158392 1 0 
1 16.505629068888652 -76.888796031158392 1 0 
1 -9.8328107657726278 -21.605768560474608 0 -1 
1 36.869719068888656 -76.888796031158392 0 -1 
1 36.869719068888656 -76.888796031158392 0 -1 
1 -9.8328107657726278 -23.350702560474609 1 0 
1 36.869719068888656 -78.633730031158393 -1 0 
1 36.869719068888656 -78.633730031158393 -1 0 
1 10.531279234227373 -23.350702560474609 0 -1 
1 16.505629068888652 -78.633730031158393 0 -1 
1 16.505629068888652 -78.633730031158393 0 -1 
1 10.531279234227373 -25.062182560474611 1 0 
1 16.505629068888652 -80.345210031158402 -1 0 
1 16.505629068888652 -80.345210031158402 -1 0 
1 -36.204601931111341 -61.643721031158393 1 0 
1 -36.204601931111341 -61.643721031158393 1 0 
1 -29.470387931111347 -61.643721031158393 0 1 
1 -29.470387931111347 -61.643721031158393 0 1 
1 -29.470387931111347 -56.580321031158405 -0.99999999757483182 6.9644356247825171e-05 
1 -29.470387931111347 -56.580321031158405 -0.99999999757483182 6.9644356247825171e-05 
1 -36.204601931111341 -56.579852031158396 0 1 
1 -36.204601931111341 -56.579852031158396 0 1 
1 -36.204601931111341 -54.891276031158398 1 0 
1 -36.204601931111341 -54.891276031158398 1 0 
1 -27.728527931111344 -54.891276031158398 0.0031150047057957571 -0.99999514836107228 
1 -27.728527931111344 -54.891276031158398 0.0031150047057957571 -0.99999514836107228 
1 -27.707493931111344 -61.643721031158393 1 0 
1 -27.707493931111344 -61.643721031158393 1 0 
1 -8.9891789311113399 -61.643721031158393 0 1 
1 -8.9891789311113399 -61.643721031158393 0 1 
1 -8.9891789311113399 -17.389680031158399 1 0 
1 -8.9891789311113399 -17.389680031158399 1 0 
1 -7.2968649311113438 -17.389680031158399 0 -1 
1 -7.2968649311113438 -17.389680031158399 0 -1 
1 -7.2968649311113438 -22.446601031158398 1 0 
1 -7.2968649311113438 -22.446601031158398 1 0 
1 -6.2177329311113425 -22.446601031158398 0 -1 
1 -6.2177329311113425 -22.446601031158398 0 -1 
1 -6.2177329311113425 -24.131916031158397 -1 0 
1 -6.2177329311113425 -24.131916031158397 -1 0 
1 -7.2968649311113438 -24.131916031158397 0 -1 
1 -7.2968649311113438 -24.131916031158397 0 -1 
1 -7.2968649311113438 -61.643721031158393 1 0 
1 -7.2968649311113438 -61.643721031158393 1 0 
1 -3.896610931111347 -61.643721031158393 0 -1 
1 -3.896610931111347 -61.643721031158393 0 -1 
1 -3.896610931111347 -63.325289031158405 -1 0 
1 -3.896610931111347 -63.325289031158405 -1 0 
1 -7.2968649311113438 -63.325289031158405 0 -1 
1 -7.2968649311113438 -63.325289031158405 0 -1 
1 -7.2968649311113438 -80.345210031158402 -1 0 
1 -7.2968649311113438 -80.345210031158402 -1 0 
1 -9.0097479311113489 -80.345210031158402 0 1 
1 -9.0097479311113489 -80.345210031158402 0 1 
1 -9.0097479311113489 -78.633730031158393 -1 0 
1 -9.0097479311113489 -78.633730031158393 -1 0 
1 -32.88072693111134 -78.633730031158393 0 -1 
1 -32.88072693111134 -78.633730031158393 0 -1 
1 -32.88072693111134 -80.360167031158397 -1 0 
1 -32.88072693111134 -80.360167031158397 -1 0 
1 -34.503872931111346 -80.360167031158397 0 1 
1 -34.503872931111346 -80.360167031158397 0 1 
1 -34.503872931111346 -78.626254031158396 -1 0 
1 -34.503872931111346 -78.626254031158396 -1 0 
1 -36.204601931111341 -78.626254031158396 0 1 
1 -36.204601931111341 -78.626254031158396 0 1 
1 -36.204601931111341 -76.929263031158399 1 0 
1 -36.204601931111341 -76.929263031158399 1 0 
1 -8.9742249311113511 -76.929263031158399 0 1 
1 -8.9742249311113511 -76.929263031158399 0 1 
1 -8.9742249311113511 -63.325289031158405 -1 0 
1 -8.9742249311113511 -63.325289031158405 -1 0 
1 -36.204601931111341 -63.325289031158405 0 1 
1 -36.204601931111341 -63.325289031158405 0 1 
1 -49.445934931111353 -18.582181031158399 0.7494783714724883 -0.66202882920228412 
1 -49.445934931111353 -18.582181031158399 0.7494783714724883 -0.66202882920228412 
1 -49.400288931111348 -18.6225010311584 0.78073319257792428 -0.62486453092416905 
1 -49.400288931111348 -18.6225010311584 0.78073319257792428 -0.62486453092416905 
1 -49.218289931111343 -18.7681650311584 0.84508594453809194 -0.53463047644533046 
1 -49.218289931111343 -18.7681650311584 0.84508594453809194 -0.53463047644533046 
1 -48.494808931111351 -19.225864031158398 0.96020926122338834 -0.27928153297494412 
1 -48.494808931111351 -19.225864031158398 0.96020926122338834 -0.27928153297494412 
1 -45.637180931111345 -20.057019031158397 0 -1 
1 -45.637180931111345 -20.057019031158397 0 -1 
1 -45.637180931111345 -20.7993730311584 -0.96000125335621 0.27999570274292768 
1 -45.637180931111345 -20.7993730311584 -0.96000125335621 0.27999570274292768 
1 -48.450932931111353 -19.978709031158399 -0.84493368477161301 0.53487107637099296 
1 -48.450932931111353 -19.978709031158399 -0.84493368477161301 0.53487107637099296 
1 -49.163288931111353 -19.527764031158398 -0.78067242038610374 0.62494045480229765 
1 -49.163288931111353 -19.527764031158398 -0.78067242038610374 0.62494045480229765 
1 -49.342495931111344 -19.384306031158399 -0.74938508251758273 0.66213442600435435 
1 -49.342495931111344 -19.384306031158399 -0.74938508251758273 0.66213442600435435 
1 -49.387432931111348 -19.344601031158398 -0.73201643661404026 0.6812869707596666 
1 -49.387432931111348 -19.344601031158398 -0.73201643661404026 0.6812869707596666 
1 -49.402439931111346 -19.3306340311584 -0.60158266686185446 -0.79881055008767821 
1 -49.402439931111346 -19.3306340311584 -0.60158266686185446 -0.79881055008767821 
1 -56.737736931111343 -29.070796031158398 0.85698302348352762 -0.51534463949965714 
1 -56.737736931111343 -29.070796031158398 0.85698302348352762 -0.51534463949965714 
1 -51.833271931111341 -32.020084031158397 0.97379299069259928 -0.22743616967835886 
1 -51.833271931111341 -32.020084031158397 0.97379299069259928 -0.22743616967835886 
1 -46.100041931111349 -33.359120031158398 0 -1 
1 -46.100041931111349 -33.359120031158398 0 -1 
1 -46.100041931111349 -34.442385031158395 -0.96687743738610088 0.25524110380909759 
1 -46.100041931111349 -34.442385031158395 -0.96687743738610088 0.25524110380909759 
1 -53.345806931111341 -32.5296120311584 -0.80589088159958444 0.59206409024247086 
1 -53.345806931111341 -32.5296120311584 -0.80589088159958444 0.59206409024247086 
1 -59.217037931111349 -28.216193031158397 -0.53881042405840462 0.84242704546209946 
1 -59.217037931111349 -28.216193031158397 -0.53881042405840462 0.84242704546209946 
1 -63.151829931111351 -22.064168031158399 -0.18985353767901872 0.98181242313934969 
1 -63.151829931111351 -22.064168031158399 -0.18985353767901872 0.98181242313934969 
1 -64.588299931111351 -14.635578031158399 0.1979006775494869 0.9802220778096431 
1 -64.588299931111351 -14.635578031158399 0.1979006775494869 0.9802220778096431 
1 -63.028324931111342 -6.908864031158398 0.55903003728284728 0.82914740391292208 
1 -63.028324931111342 -6.908864031158398 0.55903003728284728 0.82914740391292208 
1 -58.774143931111354 -0.59910803115839784 0.82914764617089609 0.55902967796822978 
1 -58.774143931111354 -0.59910803115839784 0.82914764617089609 0.55902967796822978 
1 -52.464390931111353 3.6550669688416022 0.98022208277813005 0.19790065294006687 
1 -52.464390931111353 3.6550669688416022 0.98022208277813005 0.19790065294006687 
1 -44.73767593111134 5.2150419688416001 0.98022276841150546 -0.19789725689782603 
1 -44.73767593111134 5.2150419688416001 0.98022276841150546 -0.19789725689782603 
1 -37.010822931111349 3.6550669688416022 0.8291601708738201 -0.55901110099576501 
1 -37.010822931111349 3.6550669688416022 0.8291601708738201 -0.55901110099576501 
1 -30.700764931111351 -0.59910803115839784 0.55905695787904364 -0.82912925279900074 
1 -30.700764931111351 -0.59910803115839784 0.55905695787904364 -0.82912925279900074 
1 -26.446285931111348 -6.908864031158398 0.19791737679805096 -0.98021870618825591 
1 -26.446285931111348 -6.908864031158398 0.19791737679805096 -0.98021870618825591 
1 -24.886173931111344 -14.635578031158399 -0.18981305133047946 -0.98182025113796301 
1 -24.886173931111344 -14.635578031158399 -0.18981305133047946 -0.98182025113796301 
1 -26.321926931111349 -22.062103031158397 -0.53869899542463628 -0.84249830405080806 
1 -26.321926931111349 -22.062103031158397 -0.53869899542463628 -0.84249830405080806 
1 -30.254849931111352 -28.212998031158399 -0.80574106833451065 -0.59226795523577136 
1 -30.254849931111352 -28.212998031158399 -0.80574106833451065 -0.59226795523577136 
1 -36.123387931111353 -32.526725031158399 -0.96677584671684991 -0.25562562900640096 
1 -36.123387931111353 -32.526725031158399 -0.96677584671684991 -0.25562562900640096 
1 -43.366017931111344 -34.441752031158401 0 1 
1 -43.366017931111344 -34.441752031158401 0 1 
1 -43.366017931111344 -33.358454031158402 0.9751232598389451 0.22166332155110663 
1 -43.366017931111344 -33.358454031158402 0.9751232598389451 0.22166332155110663 
1 -37.855351931111343 -32.105779031158399 0.86634155371535226 0.49945201201523803 
1 -37.855351931111343 -32.105779031158399 0.86634155371535226 0.49945201201523803 
1 -33.095600931111349 -29.361749031158396 -0.60227787120927279 0.79828651864579725 
1 -33.095600931111349 -29.361749031158396 -0.60227787120927279 0.79828651864579725 
1 -40.663708931111344 -19.3306340311584 -0.91320320131734523 -0.40750449458104421 
1 -40.663708931111344 -19.3306340311584 -0.91320320131734523 -0.40750449458104421 
1 -43.828869931111342 -20.743044031158398 0 1 
1 -43.828869931111342 -20.743044031158398 0 1 
1 -43.828869931111342 -20.001729031158398 0.94096044245643329 0.338516536866655 
1 -43.828869931111342 -20.001729031158398 0.94096044245643329 0.338516536866655 
1 -41.493939931111342 -19.161723031158399 0.84431692101049427 0.5358441348893902 
1 -41.493939931111342 -19.161723031158399 0.84431692101049427 0.5358441348893902 
1 -40.838642931111352 -18.745840031158398 0.79970940073952079 0.60038727032544303 
1 -40.838642931111352 -18.745840031158398 0.79970940073952079 0.60038727032544303 
1 -40.665875931111344 -18.616134031158399 0.77919851473120672 0.62677721292392363 
1 -40.665875931111344 -18.616134031158399 0.77919851473120672 0.62677721292392363 
1 -40.621563931111353 -18.580490031158398 0.76789335555050431 0.64057770371859413 
1 -40.621563931111353 -18.580490031158398 0.76789335555050431 0.64057770371859413 
1 -40.606587931111349 -18.567997031158399 0.60197138872157618 -0.79851765613580328 
1 -40.606587931111349 -18.567997031158399 0.60197138872157618 -0.79851765613580328 
1 -32.707577931111345 -29.046068031158399 0.61359167032346618 0.7896234938941844 
1 -32.707577931111345 -29.046068031158399 0.61359167032346618 0.7896234938941844 
1 -27.792195931111351 -22.720524031158398 0.22024291490865688 0.97544505659341896 
1 -27.792195931111351 -22.720524031158398 0.22024291490865688 0.97544505659341896 
1 -25.966732931111352 -14.635638031158399 -0.19791723954388424 0.98021873390143321 
1 -25.966732931111352 -14.635638031158399 -0.19791723954388424 0.98021873390143321 
1 -27.441921931111352 -7.3295140311583982 -0.55905719086700467 0.8291290957021672 
1 -27.441921931111352 -7.3295140311583982 -0.55905719086700467 0.8291290957021672 
1 -31.464817931111341 -1.3632190311583976 -0.82915997981816814 0.55901138438133358 
1 -31.464817931111341 -1.3632190311583976 -0.82915997981816814 0.55901138438133358 
1 -37.431393931111344 2.6593869688416021 -0.98022280073680657 0.1978970967843918 
1 -37.431393931111344 2.6593869688416021 -0.98022280073680657 0.1978970967843918 
1 -44.737652931111342 4.1344469688416012 -0.98022208088866636 -0.19790066229877284 
1 -44.737652931111342 4.1344469688416012 -0.98022208088866636 -0.19790066229877284 
1 -52.043774931111344 2.6593869688416021 -0.82914768952792728 -0.55902961366147674 
1 -52.043774931111344 2.6593869688416021 -0.82914768952792728 -0.55902961366147674 
1 -58.010067931111351 -1.3632190311583976 -0.55903024915902078 -0.82914726106114778 
1 -58.010067931111351 -1.3632190311583976 -0.55903024915902078 -0.82914726106114778 
1 -62.032681931111341 -7.3295140311583982 -0.19790048133661409 -0.98022211742376864 
1 -62.032681931111341 -7.3295140311583982 -0.19790048133661409 -0.98022211742376864 
1 -63.507740931111343 -14.635638031158399 0.21403148330394794 -0.97682676261183177 
1 -63.507740931111343 -14.635638031158399 0.21403148330394794 -0.97682676261183177 
1 -61.78326193111134 -22.506056031158398 0.59866988102621899 -0.80099586362980224 
1 -61.78326193111134 -22.506056031158398 0.59866988102621899 -0.80099586362980224 
1 -57.123142931111346 -28.741105031158398 0.60161394138190427 0.79878699634816952 
1 -57.123142931111346 -28.741105031158398 0.60161394138190427 0.79878699634816952 
1 -49.46117093111134 -18.567997031158399 0.75861299843445862 -0.65154149415542217 
1 -49.46117093111134 -18.567997031158399 0.75861299843445862 -0.65154149415542217 
1 -49.460171931111347 -18.5688550311584 0.71856122399336531 -0.69546370672606395 
1 -49.460171931111347 -18.5688550311584 0.71856122399336531 -0.69546370672606395 
1 -49.457340931111347 -18.571595031158399 0.73296283670666962 -0.68026868221821879 
1 -49.457340931111347 -18.571595031158399 0.73296283670666962 -0.68026868221821879 
Curves 583
1 147.909592 62.124755999999998 0 0 -1 0 
1 147.909592 60.735573000000002 0 1 0 0 
1 162.31321700000001 60.735573000000002 0 0 -1 0 
1 162.31321700000001 50.263393000000001 0 -0.99999747113816995 -0.0022489369188655843 0 
1 153.79321300000001 50.244231999999997 0 -0.99999771091833634 -0.0021396630780142331 0 
1 147.89556899999999 50.231613000000003 0 0.0031173300611194274 -0.99999514111484067 0 
1 147.89790300000001 49.482899000000003 0 0 -1 0 
1 147.89790300000001 48.6982 0 1 0 0 
1 152.094345 48.6982 0 0 -1 0 
1 152.094345 13.02079 0 -1 0 0 
1 151.008835 13.02079 0 0 -1 0 
1 151.008835 11.335475000000001 0 1 0 0 
1 152.08796699999999 11.335475000000001 0 0 -1 0 
1 152.08796699999999 -4.014691 0 -1 0 0 
1 151.008835 -4.014691 0 0 -1 0 
1 151.008835 -5.7000060000000001 0 1 0 0 
1 152.08796699999999 -5.7000060000000001 0 0.0001845588772601136 -0.99999998296901027 0 
1 152.094345 -40.258082999999999 0 -1 0 0 
1 148.78355400000001 -40.258082999999999 0 0 -1 0 
1 148.78355400000001 -41.490046999999997 0 1 0 0 
1 152.094345 -41.490046999999997 0 0 -1 0 
1 152.094345 -44.888236999999997 0 1 0 0 
1 157.16709900000001 -44.888236999999997 0 0 -1 0 
1 157.16709900000001 -58.49221 0 -1 0 0 
1 152.094345 -58.49221 0 0.0043645198485353538 -0.99999047543788733 0 
1 152.10929899999999 -61.918441999999999 0 -1 0 0 
1 148.77186599999999 -61.918441999999999 0 0.004608274284195228 -0.99998938184768826 0 
1 148.77562 -62.733055 0 -1 0 0 
1 143.561722 -62.733055 0 -0.0045898612167462579 0.99998946653152854 0 
1 143.55798300000001 -61.918441999999999 0 -1 0 0 
1 140.15652499999999 -61.918441999999999 0 -0.0042308490083553252 0.99999104991828225 0 
1 140.14202900000001 -58.49221 0 -1 0 0 
1 135.01226800000001 -58.49221 0 0 1 0 
1 135.01226800000001 -53.429744999999997 0 -1 0 0 
1 134.13690199999999 -53.429744999999997 0 -0.99998622915174484 0.0052480002738239514 0 
1 133.335846 -53.425541000000003 0 0 -1 0 
1 133.335846 -58.488472000000002 0 -1 0 0 
1 114.6437 -58.488472000000002 0 -0.0033090670724595663 0.99999452502256736 0 
1 114.626869 -53.402172 0 -0.99969663330254765 -0.024630090611925382 0 
1 113.792168 -53.422736999999998 0 -1 0 0 
1 112.93501999999999 -53.422736999999998 0 0 -1 0 
1 112.93501999999999 -58.49268 0 -0.99999996237517119 0.00027431670759022798 0 
1 111.221672 -58.49221 0 0 -1 0 
1 111.221672 -60.194344000000001 0 1 0 0 
1 112.93501999999999 -60.194344000000001 0 0 -1 0 
1 112.93501999999999 -61.939940999999997 0 1 0 0 
1 113.792633 -61.939940999999997 0 0 -1 0 
1 113.792633 -65.359161 0 -1 0 0 
1 112.93501999999999 -65.359161 0 0 -1 0 
1 112.93501999999999 -67.019699000000003 0 -1 0 0 
1 92.476714999999999 -67.019699000000003 0 0 1 0 
1 92.476714999999999 -65.360564999999994 0 -1 0 0 
1 90.853568999999993 -65.360564999999994 0 0 -1 0 
1 90.853568999999993 -67.024367999999996 0 -1 0 0 
1 66.982590000000002 -67.024367999999996 0 0 1 0 
1 66.982590000000002 -65.340468999999999 0 -1 0 0 
1 65.269706999999997 -65.340468999999999 0 0 -1 0 
1 65.269706999999997 -67.024367999999996 0 -1 0 0 
1 53.317390000000003 -67.024367999999996 0 0 1 0 
1 53.317390000000003 -65.340468999999999 0 -1 0 0 
1 41.467213000000001 -65.340468999999999 0 0 -1 0 
1 41.467213000000001 -67.024367999999996 0 -1 0 0 
1 17.648357000000001 -67.024367999999996 0 1.995247905914608e-05 -0.99999999980094934 0 
1 17.648696999999999 -84.064857000000003 0 -0.99999999396646755 0.00010985019399947339 0 
1 -16.379463000000001 -84.061119000000005 0 0 1 0 
1 -16.379463000000001 -60.201588000000001 0 1 0 0 
1 12.598850000000001 -60.201588000000001 0 0.99999999758399594 -6.9512644895538183e-05 0 
1 17.648291 -60.201939000000003 0 3.495595833564239e-05 0.99999999938904049 0 
1 17.648351999999999 -58.456885999999997 0 -1 0 0 
1 14.215837000000001 -58.456885999999997 0 0 1 0 
1 14.215837000000001 -44.889209999999999 0 1 0 0 
1 17.648351999999999 -44.889209999999999 0 0 1 0 
1 17.648351999999999 -43.187739999999998 0 -1 0 0 
1 14.215837000000001 -43.187739999999998 0 0 1 0 
1 14.215837000000001 -37.960667000000001 0 1 0 0 
1 17.648351999999999 -37.960667000000001 0 0 1 0 
1 17.648351999999999 -36.470664999999997 0 -1 0 0 
1 14.215837000000001 -36.470664999999997 0 0 1 0 
1 14.215837000000001 -19.371065000000002 0 1 0 0 
1 17.648351999999999 -19.371065000000002 0 0 1 0 
1 17.648351999999999 -17.648206999999999 0 -1 0 0 
1 14.246301000000001 -17.648206999999999 0 0 1 0 
1 14.246301000000001 1.0469040000000001 0 -1 0 0 
1 12.581454000000001 1.0469040000000001 0 0 -1 0 
1 12.581454000000001 -17.676079000000001 0 -1 0 0 
1 5.6919639999999996 -17.676079000000001 0 0 1 0 
1 5.6919639999999996 1.0469040000000001 0 -1 0 0 
1 4.0562849999999999 1.0469040000000001 0 0 -1 0 
1 4.0562849999999999 -19.369769999999999 0 1 0 0 
1 12.581454000000001 -19.369769999999999 0 0 -1 0 
1 12.581454000000001 -36.478119 0 -1 0 0 
1 -16.378843 -36.478119 0 0 1 0 
1 -16.378843 -19.369769999999999 0 1 0 0 
1 -7.9120100000000004 -19.369769999999999 0 0 1 0 
1 -7.9120100000000004 26.524194999999999 0 -1 0 0 
1 -16.378843 26.524194999999999 0 0 1 0 
1 -16.378843 40.244838999999999 0 1 0 0 
1 12.581454000000001 40.244838999999999 0 0 -1 0 
1 12.581454000000001 26.524194999999999 0 -1 0 0 
1 4.0562849999999999 26.524194999999999 0 0 -1 0 
1 4.0562849999999999 6.2692069999999998 0 1 0 0 
1 5.6919639999999996 6.2692069999999998 0 0 1 0 
1 5.6919639999999996 24.888515000000002 0 1 0 0 
1 12.581454000000001 24.888515000000002 0 0 -1 0 
1 12.581454000000001 6.2692069999999998 0 1 0 0 
1 14.246301000000001 6.2692069999999998 0 0 1 0 
1 14.246301000000001 24.894997 0 1 0 0 
1 17.648351999999999 24.894997 0 0 1 0 
1 17.648351999999999 26.547042999999999 0 -1 0 0 
1 14.246301000000001 26.547042999999999 0 0 1 0 
1 14.246301000000001 40.25132 0 1 0 0 
1 17.648351999999999 40.25132 0 0 1 0 
1 17.648351999999999 41.794502000000001 0 -0.99999994701965578 0.00032551603007694346 0 
1 14.247598 41.795608999999999 0 0 1 0 
1 14.247598 60.685153999999997 0 1 0 0 
1 24.495626000000001 60.685153999999997 0 0 -1 0 
1 24.495626000000001 54.988242999999997 0 1 0 0 
1 26.116688 54.988242999999997 0 0 1 0 
1 26.116688 60.735573000000002 0 1 0 0 
1 57.661053000000003 60.735573000000002 0 -0.0035003405763731755 0.99999387378915949 0 
1 57.658248999999998 61.536633000000002 0 0 1 0 
1 57.658248999999998 62.490051000000001 0 -0.99999998264585122 0.00018630162950315248 0 
1 55.156928999999998 62.490516999999997 0 -0.00055228636990961729 0.99999984748987125 0 
1 55.156460000000003 63.339714000000001 0 9.8840235281188069e-05 0.99999999511530402 0 
1 55.157393999999996 72.789306999999994 0 1 0 0 
1 57.645164000000001 72.789306999999994 0 0 1 0 
1 57.645164000000001 74.553635 0 -0.99999999967626607 2.5445387953807488e-05 0 
1 4.0008650000000001 74.555000000000007 0 0 1 0 
1 4.0008650000000001 87.766861000000006 0 1 0 0 
1 77.288856999999993 87.766861000000006 0 0 -1 0 
1 77.288856999999993 74.555000000000007 0 -0.99999998246286326 0.00018728126745873384 0 
1 74.800621000000007 74.555465999999996 0 0 -1 0 
1 74.800621000000007 73.670753000000005 0 0.0005275421696693222 -0.99999986084961989 0 
1 74.801085999999998 72.789306999999994 0 1 0 0 
1 89.103301999999999 72.789306999999994 0 0 -1 0 
1 89.103301999999999 62.490051000000001 0 -0.99999998246284927 0.0001872813427282977 0 
1 86.615066999999996 62.490516999999997 0 0 -1 0 
1 86.615066999999996 60.735573000000002 0 1 0 0 
1 89.103301999999999 60.735573000000002 0 0 -1 0 
1 89.103301999999999 58.252479999999998 0 1 0 0 
1 90.775779999999997 58.252479999999998 0 0 1 0 
1 90.775779999999997 87.779670999999993 0 1 0 0 
1 99.501518000000004 87.779670999999993 0 -0.0017814631426928617 0.99999841319327654 0 
1 99.498367000000002 89.548439000000002 0 -0.99999978135993606 -0.00066127156299930674 0 
1 90.775779999999997 89.542670999999999 0 -0.0017663098023963245 0.99999844007362437 0 
1 90.756720999999999 100.332947 0 -1 0 0 
1 52.991504999999997 100.332947 0 0 1 0 
1 52.991504999999997 110.61431899999999 0 1 0 0 
1 114.605377 110.61431899999999 0 -0.0026170076678782698 -0.99999657562956989 0 
1 114.550224 89.539558 0 -0.99999459306344718 -0.0032884409482945268 0 
1 106.16574900000001 89.511985999999993 0 0.00027304501916082183 -0.99999996272320801 0 
1 106.166222 87.779670999999993 0 1 0 0 
1 114.550224 87.779670999999993 0 0 -1 0 
1 114.550224 69.070937999999998 0 1 0 0 
1 116.23558800000001 69.070937999999998 0 0 1 0 
1 116.23558800000001 72.477790999999996 0 1 0 0 
1 138.591599 72.477790999999996 0 0 -1 0 
1 138.591599 69.070937999999998 0 1 0 0 
1 140.14721700000001 69.070937999999998 0 0 1 0 
1 140.14721700000001 72.477790999999996 0 1 0 0 
1 152.081818 72.477790999999996 0 0 -1 0 
1 152.081818 62.124755999999998 0 -1 0 0 
1 91.921493999999996 -57.242835999999997 0 0.82922115822925602 -0.5589206300942301 0 
1 92.155510000000007 -57.400570000000002 0 0.98018092471993323 -0.19810440382580249 0 
1 92.441665999999998 -57.458404999999999 0 0.9802697541574148 0.19766438496644112 0 
1 92.728485000000006 -57.400570000000002 0 0.82933180371881032 0.55875644008861758 0 
1 92.962601000000006 -57.242835999999997 0 0.55910898436643663 0.82909417052632317 0 
1 93.120384000000001 -57.008862000000001 0 0.1978795026184067 0.98022635265712577 0 
1 93.178229999999999 -56.722313 0 -0.19813794250581174 0.98017414561880989 0 
1 93.120384000000001 -56.436152999999997 0 -0.55904000098462003 0.82914068607149904 0 
1 92.962601000000006 -56.202137 0 -0.82896901025849312 0.55929453781621563 0 
1 92.728485000000006 -56.044181999999999 0 -0.980183578298919 0.19809127399541554 0 
1 92.441665999999998 -55.986217000000003 0 -0.98009437265853316 -0.19853216536137469 0 
1 92.155510000000007 -56.044181999999999 0 -0.8288582000952327 -0.55945874212035607 0 
1 91.921493999999996 -56.202137 0 -0.55946847519359455 -0.82885163042884469 0 
1 91.763535000000005 -56.436152999999997 0 -0.1985163395785764 -0.9800975782646969 0 
1 91.705573999999999 -56.722313 0 0.19825744650455365 -0.98014998082206495 0 
1 91.763535000000005 -57.008862000000001 0 0.55953746331202536 -0.82880505980015817 0 
1 91.763542000000001 -46.846004000000001 0 0.55991724697875433 -0.8285485360168906 0 
1 91.921547000000004 -47.079815000000004 0 0.82964414452397728 -0.55829256976703368 0 
1 92.155708000000004 -47.237389 0 0.98026521096588104 -0.19768691451387704 0 
1 92.442131000000003 -47.295150999999997 0 0.98028245343252585 0.19760139547155947 0 
1 92.728683000000004 -47.237389 0 0.82943414490692269 0.55860451059987148 0 
1 92.962654000000001 -47.079815000000004 0 0.55926719920865831 0.82898745460308554 0 
1 93.120391999999995 -46.846004000000001 0 0.19789965906506166 0.98022228343469742 0 
1 93.178229999999999 -46.559525000000001 0 -0.19793417971354418 0.98021531333739453 0 
1 93.120391999999995 -46.273097999999997 0 -0.55869724801309328 0.8293716808901761 0 
1 92.962654000000001 -46.038939999999997 0 -0.82872780814504488 0.55965187394228344 0 
1 92.728683000000004 -45.880935999999998 0 -0.98014307215880658 0.19829159865989329 0 
1 92.442131000000003 -45.822963999999999 0 -0.98012571150112959 -0.19837739199415941 0 
1 92.155708000000004 -45.880935999999998 0 -0.82893841677948665 -0.55933987984687628 0 
1 91.921547000000004 -46.038939999999997 0 -0.55934723647328621 -0.82893345272687469 0 
1 91.763542000000001 -46.273097999999997 0 -0.19836158160868989 -0.9801289113895677 0 
1 91.705573999999999 -46.559525000000001 0 0.1983269925162974 -0.98013591100389763 0 
1 100.017876 -60.125633000000001 0 0 1 0 
1 100.017876 -58.560921 0 -1 0 0 
1 98.317145999999994 -58.560921 0 0 -1 0 
1 98.317145999999994 -60.125633000000001 0 1 0 0 
1 105.393867 -58.560921 0 0 -1 0 
1 105.393867 -60.125633000000001 0 1 0 0 
1 107.09459699999999 -60.125633000000001 0 0 1 0 
1 107.09459699999999 -58.560921 0 -1 0 0 
1 105.393867 -38.086010000000002 0 1 0 0 
1 107.09459699999999 -38.086010000000002 0 0 1 0 
1 107.09459699999999 -36.521296999999997 0 -1 0 0 
1 105.393867 -36.521296999999997 0 0 -1 0 
1 100.017876 -38.086010000000002 0 0 1 0 
1 100.017876 -36.521296999999997 0 -1 0 0 
1 98.317145999999994 -36.521296999999997 0 0 -1 0 
1 98.317145999999994 -38.086010000000002 0 1 0 0 
1 107.09459699999999 -43.270237000000002 0 -1 0 0 
1 105.393867 -43.270237000000002 0 0 -1 0 
1 105.393867 -44.834952999999999 0 1 0 0 
1 107.09459699999999 -44.834952999999999 0 0 1 0 
1 100.017876 -43.270237000000002 0 -1 0 0 
1 98.317145999999994 -43.270237000000002 0 0 -1 0 
1 98.317145999999994 -44.834952999999999 0 1 0 0 
1 100.017876 -44.834952999999999 0 0 1 0 
1 34.663929000000003 -12.237211 0 -1 0 0 
1 32.911900000000003 -12.237211 0 0 -1 0 
1 32.911900000000003 -19.371065000000002 0 1 0 0 
1 34.663929000000003 -19.371065000000002 0 0 1 0 
1 87.815567000000001 37.06015 0 0.84230778894093683 0.53899683550966249 0 
1 95.853859 42.203892000000003 0 0 1 0 
1 95.853859 43.060127000000001 0 -0.84033399088378147 -0.54206898432333939 0 
1 87.172768000000005 37.460270000000001 0 0.84896406722941242 -0.52845057720972699 0 
1 81.341353999999995 50.436317000000003 0 -0.99999998234674625 0.00018790025922358142 0 
1 78.840027000000006 50.436787000000002 0 0 1 0 
1 78.840027000000006 52.942779999999999 0 -1 0 0 
1 77.288391000000004 52.942779999999999 0 0 -1 0 
1 77.288391000000004 50.436317000000003 0 -0.99999998215382069 0.00018892421389930203 0 
1 74.800621000000007 50.436787000000002 0 0 -1 0 
1 74.800621000000007 48.6982 0 0.99999999934905959 -3.6081582881825579e-05 0 
1 81.341353999999995 48.697963999999999 0 0 1 0 
1 117.572372 37.096828000000002 0 0.84896740751607425 0.52844521094947583 0 
1 118.215805 37.497337000000002 0 -0.84210865753678055 0.53930789805231039 0 
1 109.475159 43.09507 0 0 -1 0 
1 109.475159 42.239764999999998 0 0.84412556295389185 -0.53614553431673317 0 
1 80.261086000000006 25.717936000000002 0 -0.84896673524963828 0.52844629096964102 0 
1 79.693382 26.071307999999998 0 -0.23256319974122058 -0.97258128612786143 0 
1 76.598647999999997 13.129104 0 1 0 0 
1 77.233421000000007 13.129104 0 0.23383630482553269 0.97227598064826259 0 
1 125.712959 26.119436 0 -0.8489674132233227 -0.52844520178056298 0 
1 125.14521000000001 25.766037000000001 0 0.23444468275189104 -0.97212946191819793 0 
1 128.19281000000001 13.129104 0 1 0 0 
1 128.82757599999999 13.129104 0 -0.23315616506750711 0.97243930540214862 0 
1 100.954201 48.6982 0 0 1 0 
1 100.954201 49.484768000000003 0 -1 0 0 
1 90.775779999999997 49.484768000000003 0 0 1 0 
1 90.775779999999997 52.898380000000003 0 -1 0 0 
1 89.103301999999999 52.898380000000003 0 0 -1 0 
1 89.103301999999999 50.436317000000003 0 -0.99999998216049024 0.00018888890784648566 0 
1 86.615066999999996 50.436787000000002 0 0 -1 0 
1 86.615066999999996 48.698315000000001 0 0.99999999996783984 -8.020010134313342e-06 0 
1 78.060813999999993 -0.492197 0 -1 0 0 
1 77.398383999999993 -0.492197 0 0.39018686185909357 -0.92073569108216535 0 
1 83.618080000000006 -15.169001 0 0.66805653131614362 -0.74411052335378403 0 
1 88.458068999999995 -20.559992000000001 0 0.83792319872388221 -0.54578815765857125 0 
1 94.176979000000003 -24.285050999999999 0 0.24177091346680921 0.97033335787317165 0 
1 94.382317 -23.460939 0 -0.75823955830415413 0.6519760518782276 0 
1 84.142853000000002 -14.656485 0 -0.39455658993437265 0.91887164356038276 0 
1 121.780754 -15.208467000000001 0 0.3907575750998214 0.92049362708391824 0 
1 128.027939 -0.492197 0 -1 0 0 
1 127.365509 -0.492197 0 -0.39512727800260922 -0.91862638443398126 0 
1 121.25653800000001 -14.694865999999999 0 -0.6715684600647156 -0.74094251021675517 0 
1 116.535698 -19.903376000000002 0 -0.84024511881568187 -0.5422067320740499 0 
1 110.96820099999999 -23.496058999999999 0 0.2394584438370391 -0.97090661429158231 0 
1 111.17166899999999 -24.321038999999999 0 0.83965543592620806 0.54311946100242936 0 
1 116.917534 -20.604406000000001 0 0.66948745127993681 0.7428233656655493 0 
1 66.231071 58.255051000000002 0 0.99999649617090669 0.0026471958578568825 0 
1 67.025115999999997 58.257153000000002 0 0.00019084739123535426 0.99999998178863647 0 
1 67.025588999999997 60.735573000000002 0 1 0 0 
1 77.288391000000004 60.735573000000002 0 0 -1 0 
1 77.288391000000004 58.252479999999998 0 1 0 0 
1 78.840027000000006 58.252479999999998 0 0.00019048823037152339 0.99999998185711692 0 
1 78.840500000000006 60.735573000000002 0 1 0 0 
1 81.341353999999995 60.735573000000002 0 0 1 0 
1 81.341353999999995 62.490051000000001 0 -0.99999998264594847 0.00018630110813535079 0 
1 78.840027000000006 62.490516999999997 0 -0.99999995487439752 -0.00030041838029830635 0 
1 77.288856999999993 62.490051000000001 0 -0.99999998246286326 0.00018728126746158944 0 
1 74.800621000000007 62.490516999999997 0 -0.99999999609670731 -8.835488292066433e-05 0 
1 69.526436000000004 62.490051000000001 0 -0.99999998264585122 0.00018630162950315193 0 
1 67.025115999999997 62.490516999999997 0 0 1 0 
1 67.025115999999997 69.025642000000005 0 0.00012567537128414756 0.99999999210285051 0 
1 67.025588999999997 72.789306999999994 0 1 0 0 
1 69.524101000000002 72.789306999999994 0 0.0026490469150866128 0.99999649126906531 0 
1 69.526436000000004 73.670753000000005 0 0 1 0 
1 69.526436000000004 74.552207999999993 0 -0.99999999998201905 5.9968336736169106e-06 0 
1 67.025115999999997 74.552222999999998 0 0.99999938371322095 0.0011102131229033143 0 
1 69.526436000000004 74.555000000000007 0 -1 0 0 
1 67.025115999999997 74.555000000000007 0 -0.99999994474815013 -0.00033242096346271384 0 
1 62.918877000000002 74.553635 0 0 -1 0 
1 62.918877000000002 72.789306999999994 0 1 0 0 
1 65.420197000000002 72.789306999999994 0 0 -1 0 
1 65.420197000000002 62.490051000000001 0 -0.99999998246286326 0.00018728126746158836 0 
1 62.931961000000001 62.490516999999997 0 0 -1 0 
1 62.931961000000001 61.536633000000002 0 0.0017526750100450286 -0.99999846406397497 0 
1 62.933365000000002 60.735573000000002 0 1 0 0 
1 65.407111999999998 60.735573000000002 0 0 -1 0 
1 65.407111999999998 58.252479999999998 0 0.99999513189672962 0.0031202856988147404 0 
1 53.32058 1.04924 0 -1 0 0 
1 51.647038000000002 1.04924 0 0 -1 0 
1 51.647038000000002 -4.014691 0 -1 0 0 
1 50.567909 -4.014691 0 0 -1 0 
1 50.567909 -5.7000060000000001 0 1 0 0 
1 51.647038000000002 -5.7000060000000001 0 0 -1 0 
1 51.647038000000002 -43.211810999999997 0 -1 0 0 
1 50.567909 -43.211810999999997 0 0 -1 0 
1 50.567909 -44.893379000000003 0 1 0 0 
1 56.628180999999998 -44.893379000000003 0 0 1 0 
1 56.628180999999998 -43.211810999999997 0 -1 0 0 
1 53.317390000000003 -43.211810999999997 0 0.00017013310630161982 0.99999998552736302 0 
1 53.323771999999998 -5.7000060000000001 0 1 0 0 
1 54.402901 -5.7000060000000001 0 0 1 0 
1 54.402901 -4.014691 0 -1 0 0 
1 53.323771999999998 -4.014691 0 -0.00063034021708860541 0.99999980133558564 0 
1 69.526436000000004 50.436317000000003 0 -0.99999998234664733 0.00018790078506664216 0 
1 67.025115999999997 50.436787000000002 0 0 1 0 
1 67.025115999999997 52.898380000000003 0 -0.99999999995238009 9.7590966902413128e-06 0 
1 66.205368000000007 52.898387999999997 0 -0.9999998332417368 0.00057750887325095247 0 
1 65.407111999999998 52.898848999999998 0 0 -1 0 
1 65.407111999999998 50.436317000000003 0 -0.99999999420475671 0.00010765912127621553 0 
1 61.041480999999997 50.436787000000002 0 0 -1 0 
1 61.041480999999997 48.6982 0 1 0 0 
1 65.269706999999997 48.6982 0 0 -1 0 
1 65.269706999999997 13.02079 0 -1 0 0 
1 64.190574999999995 13.02079 0 0 -1 0 
1 64.190574999999995 11.335475000000001 0 1 0 0 
1 65.269706999999997 11.335475000000001 0 0 -1 0 
1 65.269706999999997 6.2678050000000001 0 0.99999755928286471 -0.0022093954633472398 0 
1 66.962020999999993 6.2640659999999997 0 0 1 0 
1 66.962020999999993 48.6982 0 1 0 0 
1 69.526436000000004 48.6982 0 0 1 0 
1 26.116688 50.808517000000002 0 -1 0 0 
1 24.495626000000001 50.808517000000002 0 0 -1 0 
1 24.495626000000001 41.795608999999999 0 -0.99999994676163251 -0.00032630772649652875 0 
1 21.103123 41.794502000000001 0 0 -1 0 
1 21.103123 40.25132 0 1 0 0 
1 24.503080000000001 40.25132 0 0 -1 0 
1 24.503080000000001 26.547042999999999 0 -1 0 0 
1 21.103123 26.547042999999999 0 0 -1 0 
1 21.103123 24.894997 0 1 0 0 
1 24.503080000000001 24.894997 0 0 -1 0 
1 24.503080000000001 6.2645330000000001 0 1 0 0 
1 26.116688 6.2645330000000001 0 0 1 0 
1 26.116688 11.286804999999999 0 1 0 0 
1 31.407693999999999 11.286804999999999 0 -0.00056453387939322001 0.99999984065073688 0 
1 31.407226999999999 12.114036 0 0.00053292061499893458 0.999999857997799 0 
1 31.407693999999999 12.990339000000001 0 -1 0 0 
1 26.116688 12.990339000000001 0 0 1 0 
1 26.116688 24.916482999999999 0 0.99999999609033074 8.8427023028446377e-05 0 
1 31.397879 24.91695 0 0 1 0 
1 31.397879 26.560815999999999 0 -1 0 0 
1 26.116688 26.560815999999999 0 0 1 0 
1 34.663929000000003 -37.932957000000002 0 0 1 0 
1 34.663929000000003 -31.218150999999999 0 1 0 0 
1 41.413448000000002 -31.218150999999999 0 0 -1 0 
1 41.413448000000002 -37.932957000000002 0 1 0 0 
1 43.074916999999999 -37.932957000000002 0 0 1 0 
1 43.074916999999999 -5.7000060000000001 0 1 0 0 
1 44.154049000000001 -5.7000060000000001 0 0 1 0 
1 44.154049000000001 -4.014691 0 -1 0 0 
1 43.074916999999999 -4.014691 0 0 1 0 
1 43.074916999999999 1.0469040000000001 0 -1 0 0 
1 41.413448000000002 1.0469040000000001 0 0 -1 0 
1 41.413448000000002 -4.0351910000000002 0 -1 0 0 
1 36.193947000000001 -4.0351910000000002 0 0 -1 0 
1 36.193947000000001 -5.7000060000000001 0 1 0 0 
1 41.413448000000002 -5.7000060000000001 0 0 -1 0 
1 41.413448000000002 -29.640808 0 -1 0 0 
1 34.663929000000003 -29.640808 0 0 1 0 
1 34.663929000000003 -26.313707000000001 0 -1 0 0 
1 32.911900000000003 -26.313707000000001 0 0 -1 0 
1 32.911900000000003 -37.932957000000002 0 1 0 0 
1 138.451584 1.04924 0 0 -1 0 
1 138.451584 -43.217419 0 -0.99999994685457316 0.00032602277658612942 0 
1 119.81178300000001 -43.211342000000002 0 7.0155506255853572e-05 0.9999999975391024 0 
1 119.812256 -36.469177000000002 0 -1 0 0 
1 111.217468 -36.469177000000002 0 0 -1 0 
1 111.217468 -38.150748999999998 0 0.99999994199222486 0.00034061055018257781 0 
1 118.08161200000001 -38.148411000000003 0 0 -1 0 
1 118.08161200000001 -43.211810999999997 0 -1 0 0 
1 111.221672 -43.211810999999997 0 0 -1 0 
1 111.221672 -44.888236999999997 0 1 0 0 
1 112.925209 -44.888236999999997 0 0 -1 0 
1 112.925209 -49.988090999999997 0 1 0 0 
1 113.792168 -49.988090999999997 0 0.9999962307528395 -0.0027456292746507343 0 
1 114.6437 -49.990428999999999 0 0 1 0 
1 114.6437 -44.889172000000002 0 1 0 0 
1 133.335846 -44.889172000000002 0 0 -1 0 
1 133.335846 -49.990428999999999 0 0.99992494563392675 0.012251656989515421 0 
1 134.13690199999999 -49.980614000000003 0 1 0 0 
1 135.01226800000001 -49.980614000000003 0 0 1 0 
1 135.01226800000001 -45.072380000000003 0 1 0 0 
1 140.14202900000001 -45.072380000000003 0 0 1 0 
1 140.14202900000001 -41.490046999999997 0 1 0 0 
1 143.57341 -41.490046999999997 0 0 1 0 
1 143.57341 -40.258082999999999 0 -1 0 0 
1 140.14202900000001 -40.258082999999999 0 0 1 0 
1 140.14202900000001 -5.7000060000000001 0 1 0 0 
1 141.221161 -5.7000060000000001 0 0 1 0 
1 141.221161 -4.014691 0 -1 0 0 
1 140.14202900000001 -4.014691 0 0 1 0 
1 140.14202900000001 1.04924 0 -1 0 0 
1 144.37025499999999 60.735573000000002 0 0 1 0 
1 144.37025499999999 62.124755999999998 0 -1 0 0 
1 140.14721700000001 62.124755999999998 0 0 1 0 
1 140.14721700000001 65.531609000000003 0 -1 0 0 
1 138.591599 65.531609000000003 0 0 -1 0 
1 138.591599 62.095588999999997 0 -1 0 0 
1 116.23558800000001 62.095588999999997 0 0 1 0 
1 116.23558800000001 65.531609000000003 0 -1 0 0 
1 114.550224 65.531609000000003 0 0 -1 0 
1 114.550224 49.484768000000003 0 -1 0 0 
1 104.37481699999999 49.484768000000003 0 0 -1 0 
1 104.37481699999999 48.6982 0 1 0 0 
1 138.451584 48.6982 0 0 -1 0 
1 138.451584 6.2715439999999996 0 1 0 0 
1 140.14202900000001 6.2715439999999996 0 0 1 0 
1 140.14202900000001 11.335475000000001 0 1 0 0 
1 141.221161 11.335475000000001 0 0 1 0 
1 141.221161 13.02079 0 -1 0 0 
1 140.14202900000001 13.02079 0 0 1 0 
1 140.14202900000001 48.6982 0 1 0 0 
1 144.37025499999999 48.6982 0 0 1 0 
1 144.37025499999999 50.243763000000001 0 -1 0 0 
1 140.15559400000001 50.243763000000001 0 -4.5082783572979823e-05 0.99999999898377134 0 
1 140.15512100000001 60.735573000000002 0 1 0 0 
1 53.323771999999998 11.335475000000001 0 1 0 0 
1 54.402901 11.335475000000001 0 0 1 0 
1 54.402901 13.02079 0 -1 0 0 
1 53.317390000000003 13.02079 0 0 1 0 
1 53.317390000000003 48.6982 0 1 0 0 
1 57.513835999999998 48.6982 0 0 1 0 
1 57.513835999999998 50.436317000000003 0 -0.99999999348067325 0.00011418692276345169 0 
1 53.397778000000002 50.436787000000002 0 -1 0 0 
1 43.093845000000002 50.436787000000002 0 0 1 0 
1 43.093845000000002 55.814250999999999 0 -1 0 0 
1 41.413212000000001 55.814250999999999 0 8.0674286624231769e-06 -0.99999999996745825 0 
1 41.413448000000002 26.560815999999999 0 -1 0 0 
1 36.193947000000001 26.560815999999999 0 0 -1 0 
1 36.193947000000001 24.916482999999999 0 1 0 0 
1 41.413448000000002 24.916482999999999 0 0 -1 0 
1 41.413448000000002 12.990339000000001 0 -1 0 0 
1 36.193947000000001 12.990339000000001 0 0 -1 0 
1 36.193947000000001 11.286804999999999 0 1 0 0 
1 41.413448000000002 11.286804999999999 0 0 -1 0 
1 41.413448000000002 6.2645330000000001 0 0.99999604305186696 0.0028131620302419475 0 
1 43.074916999999999 6.2692069999999998 0 0 1 0 
1 43.074916999999999 11.335475000000001 0 1 0 0 
1 44.154049000000001 11.335475000000001 0 0 1 0 
1 44.154049000000001 12.984715 0 -1 0 0 
1 43.190071000000003 12.984715 0 0 1 0 
1 43.190071000000003 48.719451999999997 0 1 0 0 
1 51.713943 48.719451999999997 0 0 -1 0 
1 51.713943 12.984715 0 -1 0 0 
1 50.567909 12.984715 0 0 -1 0 
1 50.567909 11.335475000000001 0 1 0 0 
1 51.647038000000002 11.335475000000001 0 0 -1 0 
1 51.647038000000002 6.2715439999999996 0 1 0 0 
1 53.32058 6.2715439999999996 0 0.0006303402170886053 0.99999980133558564 0 
1 53.317390000000003 -61.9133 0 0 1 0 
1 53.317390000000003 -58.497352999999997 0 -1 0 0 
1 43.074916999999999 -58.497352999999997 0 0 1 0 
1 43.074916999999999 -44.893379000000003 0 1 0 0 
1 44.154049000000001 -44.893379000000003 0 0 1 0 
1 44.154049000000001 -43.211810999999997 0 -1 0 0 
1 26.116688 -43.211810999999997 0 0 1 0 
1 26.116688 -5.7000060000000001 0 1 0 0 
1 31.409562999999999 -5.7000060000000001 0 0 1 0 
1 31.409562999999999 -4.0351910000000002 0 -1 0 0 
1 26.116688 -4.0351910000000002 0 0 1 0 
1 26.116688 1.0469040000000001 0 -1 0 0 
1 24.503080000000001 1.0469040000000001 0 0 -1 0 
1 24.503080000000001 -4.0059909999999999 0 -1 0 0 
1 17.321259999999999 -4.0059909999999999 0 0 -1 0 
1 17.321259999999999 -12.237211 0 1 0 0 
1 24.504375 -12.237211 0 0 -1 0 
1 24.504375 -17.648206999999999 0 -1 0 0 
1 21.103123 -17.648206999999999 0 0 -1 0 
1 21.103123 -19.371065000000002 0 1 0 0 
1 24.504375 -19.371065000000002 0 0 -1 0 
1 24.504375 -36.470664999999997 0 -1 0 0 
1 21.103123 -36.470664999999997 0 0 -1 0 
1 21.103123 -37.960667000000001 0 1 0 0 
1 24.504375 -37.960667000000001 0 0 -1 0 
1 24.504375 -43.187739999999998 0 -1 0 0 
1 21.103123 -43.187739999999998 0 0 -1 0 
1 21.103123 -44.889209999999999 0 1 0 0 
1 41.467213000000001 -44.889209999999999 0 0 -1 0 
1 41.467213000000001 -58.456885999999997 0 -1 0 0 
1 21.103123 -58.456885999999997 0 0 -1 0 
1 21.103123 -60.201819999999998 0 1 0 0 
1 41.467213000000001 -60.201819999999998 0 0 -1 0 
1 41.467213000000001 -61.9133 0 1 0 0 
1 94.177443999999994 -43.211810999999997 0 -1 0 0 
1 87.44323 -43.211810999999997 0 0 1 0 
1 87.44323 -38.148411000000003 0 0.99999999757483182 6.9644356247825171e-05 0 
1 94.177443999999994 -38.147942 0 0 1 0 
1 94.177443999999994 -36.459366000000003 0 -1 0 0 
1 85.701369999999997 -36.459366000000003 0 -0.0031150047057957571 -0.99999514836107228 0 
1 85.680335999999997 -43.211810999999997 0 -1 0 0 
1 66.962020999999993 -43.211810999999997 0 0 1 0 
1 66.962020999999993 1.04223 0 -1 0 0 
1 65.269706999999997 1.04223 0 0 -1 0 
1 65.269706999999997 -4.014691 0 -1 0 0 
1 64.190574999999995 -4.014691 0 0 -1 0 
1 64.190574999999995 -5.7000060000000001 0 1 0 0 
1 65.269706999999997 -5.7000060000000001 0 0 -1 0 
1 65.269706999999997 -43.211810999999997 0 -1 0 0 
1 61.869453 -43.211810999999997 0 0 -1 0 
1 61.869453 -44.893379000000003 0 1 0 0 
1 65.269706999999997 -44.893379000000003 0 0 -1 0 
1 65.269706999999997 -61.9133 0 1 0 0 
1 66.982590000000002 -61.9133 0 0 1 0 
1 66.982590000000002 -60.201819999999998 0 1 0 0 
1 90.853568999999993 -60.201819999999998 0 0 -1 0 
1 90.853568999999993 -61.928257000000002 0 1 0 0 
1 92.476714999999999 -61.928257000000002 0 0 1 0 
1 92.476714999999999 -60.194344000000001 0 1 0 0 
1 94.177443999999994 -60.194344000000001 0 0 1 0 
1 94.177443999999994 -58.497352999999997 0 -1 0 0 
1 66.947067000000004 -58.497352999999997 0 0 1 0 
1 66.947067000000004 -44.893379000000003 0 1 0 0 
1 94.177443999999994 -44.893379000000003 0 0 1 0 
1 107.41877700000001 -0.15027099999999999 0 -0.74947837147248819 -0.66202882920228401 0 
1 107.373131 -0.19059100000000001 0 -0.78073319257792428 -0.62486453092416905 0 
1 107.191132 -0.33625500000000003 0 -0.84508594453809194 -0.53463047644533046 0 
1 106.467651 -0.79395400000000005 0 -0.96020926122338834 -0.27928153297494412 0 
1 103.610023 -1.6251089999999999 0 0 -1 0 
1 103.610023 -2.3674629999999999 0 0.96000125335621 0.27999570274292768 0 
1 106.42377500000001 -1.546799 0 0.84493368477161301 0.53487107637099296 0 
1 107.13613100000001 -1.0958540000000001 0 0.78067242038610374 0.62494045480229765 0 
1 107.315338 -0.95239600000000002 0 0.74938508251758273 0.66213442600435435 0 
1 107.360275 -0.91269100000000003 0 0.73201643661404026 0.6812869707596666 0 
1 107.375282 -0.89872399999999997 0 0.60158266686185446 -0.79881055008767821 0 
1 114.710579 -10.638885999999999 0 -0.85698302348352762 -0.51534463949965714 0 
1 109.80611399999999 -13.588174 0 -0.97379299069259928 -0.22743616967835886 0 
1 104.072884 -14.927210000000001 0 0 -1 0 
1 104.072884 -16.010475 0 0.96687743738610088 0.25524110380909759 0 
1 111.31864899999999 -14.097702 0 0.80589088159958444 0.59206409024247086 0 
1 117.18988 -9.7842830000000003 0 0.53881042405840462 0.84242704546209946 0 
1 121.124672 -3.6322580000000002 0 0.18985353767901872 0.98181242313934969 0 
1 122.561142 3.796332 0 -0.1979006775494869 0.9802220778096431 0 
1 121.001167 11.523046000000001 0 -0.55903003728284728 0.82914740391292208 0 
1 116.74698600000001 17.832802000000001 0 -0.82914764617089609 0.55902967796822978 0 
1 110.43723300000001 22.086977000000001 0 -0.98022208277813005 0.19790065294006687 0 
1 102.71051799999999 23.646951999999999 0 -0.98022276841150546 -0.19789725689782603 0 
1 94.983665000000002 22.086977000000001 0 -0.8291601708738201 -0.55901110099576501 0 
1 88.673607000000004 17.832802000000001 0 -0.55905695787904364 -0.82912925279900074 0 
1 84.419128000000001 11.523046000000001 0 -0.19791737679805096 -0.98021870618825591 0 
1 82.859015999999997 3.796332 0 0.18981305133047946 -0.98182025113796301 0 
1 84.294769000000002 -3.6301929999999998 0 0.53869899542463628 -0.84249830405080806 0 
1 88.227692000000005 -9.7810880000000004 0 0.80574106833451054 -0.59226795523577125 0 
1 94.096230000000006 -14.094815000000001 0 0.96677584671684991 -0.25562562900640096 0 
1 101.33886 -16.009841999999999 0 0 1 0 
1 101.33886 -14.926544 0 -0.97512325983894499 0.2216633215511066 0 
1 95.828193999999996 -13.673869 0 -0.86634155371535226 0.49945201201523803 0 
1 91.068443000000002 -10.929838999999999 0 0.60227787120927279 0.79828651864579725 0 
1 98.636550999999997 -0.89872399999999997 0 0.91320320131734523 -0.40750449458104421 0 
1 101.80171199999999 -2.311134 0 0 1 0 
1 101.80171199999999 -1.5698190000000001 0 -0.94096044245643318 0.33851653686665495 0 
1 99.466781999999995 -0.72981300000000005 0 -0.84431692101049416 0.53584413488939009 0 
1 98.811485000000005 -0.31392999999999999 0 -0.79970940073952079 0.60038727032544303 0 
1 98.638717999999997 -0.184224 0 -0.77919851473120672 0.62677721292392363 0 
1 98.594406000000006 -0.14857999999999999 0 -0.7678933555505042 0.64057770371859402 0 
1 98.579430000000002 -0.13608700000000001 0 -0.60197138872157618 -0.79851765613580328 0 
1 90.680419999999998 -10.614158 0 -0.61359167032346607 0.78962349389418429 0 
1 85.765038000000004 -4.2886139999999999 0 -0.22024291490865688 0.97544505659341896 0 
1 83.939575000000005 3.7962720000000001 0 0.19791723954388424 0.98021873390143321 0 
1 85.414764000000005 11.102396000000001 0 0.55905719086700467 0.8291290957021672 0 
1 89.437659999999994 17.068691000000001 0 0.82915997981816814 0.55901138438133358 0 
1 95.404235999999997 21.091297000000001 0 0.98022280073680645 0.19789709678439177 0 
1 102.71049499999999 22.566357 0 0.98022208088866636 -0.19790066229877284 0 
1 110.016617 21.091297000000001 0 0.82914768952792728 -0.55902961366147674 0 
1 115.98291 17.068691000000001 0 0.55903024915902078 -0.82914726106114778 0 
1 120.00552399999999 11.102396000000001 0 0.19790048133661409 -0.98022211742376864 0 
1 121.480583 3.7962720000000001 0 -0.21403148330394792 -0.97682676261183166 0 
1 119.75610399999999 -4.0741459999999998 0 -0.59866988102621899 -0.80099586362980224 0 
1 115.095985 -10.309195000000001 0 -0.60161394138190427 0.79878699634816952 0 
1 107.43401299999999 -0.13608700000000001 0 -0.75861299843445862 -0.65154149415542217 0 
1 107.433014 -0.13694500000000001 0 -0.71856122399336531 -0.69546370672606395 0 
1 107.430183 -0.139685 0 -0.73296283670666962 -0.68026868221821879 0 
Polygon3D 0
PolygonOnTriangulations 0
Surfaces 59
1 57.972842068888653 18.431910031158399 0 -0 -0 -1 -1 0 0 0 1 -0 
1 57.972842068888653 18.431910031158399 0 -0 -0 -1 -1 0 0 0 1 -0 
1 57.972842068888653 18.431910031158399 0 -0 -0 -1 -1 0 0 0 1 -0 
1 57.972842068888653 18.431910031158399 0 -0 -0 -1 -1 0 0 0 1 -0 
1 57.972842068888653 18.431910031158399 0 -0 -0 -1 -1 0 0 0 1 -0 
1 57.972842068888653 18.431910031158399 0 -0 -0 -1 -1 0 0 0 1 -0 
1 57.972842068888653 18.431910031158399 0 -0 -0 -1 -1 0 0 0 1 -0 
1 57.972842068888653 18.431910031158399 0 -0 -0 -1 -1 0 0 0 1 -0 
1 57.972842068888653 18.431910031158399 0 -0 -0 -1 -1 0 0 0 1 -0 
1 57.972842068888653 18.431910031158399 0 -0 -0 -1 -1 0 0 0 1 -0 
1 57.972842068888653 18.431910031158399 0 -0 -0 -1 -1 0 0 0 1 -0 
1 57.972842068888653 18.431910031158399 0 -0 -0 -1 -1 0 0 0 1 -0 
1 57.972842068888653 18.431910031158399 0 -0 -0 -1 -1 0 0 0 1 -0 
1 57.972842068888653 18.431910031158399 0 -0 -0 -1 -1 0 0 0 1 -0 
1 57.972842068888653 18.431910031158399 0 -0 -0 -1 -1 0 0 0 1 -0 
1 57.972842068888653 18.431910031158399 0 -0 -0 -1 -1 0 0 0 1 -0 
1 57.972842068888653 18.431910031158399 0 -0 -0 -1 -1 0 0 0 1 -0 
1 57.972842068888653 18.431910031158399 0 -0 -0 -1 -1 0 0 0 1 -0 
1 57.972842068888653 18.431910031158399 0 -0 -0 -1 -1 0 0 0 1 -0 
1 57.972842068888653 18.431910031158399 0 -0 -0 -1 -1 0 0 0 1 -0 
1 57.972842068888653 18.431910031158399 0 -0 -0 -1 -1 0 0 0 1 -0 
1 57.972842068888653 18.431910031158399 0 -0 -0 -1 -1 0 0 0 1 -0 
1 57.972842068888653 18.431910031158399 0 -0 -0 -1 -1 0 0 0 1 -0 
1 57.972842068888653 18.431910031158399 0 -0 -0 -1 -1 0 0 0 1 -0 
1 57.972842068888653 18.431910031158399 0 -0 -0 -1 -1 0 0 0 1 -0 
1 57.972842068888653 18.431910031158399 0 -0 -0 -1 -1 0 0 0 1 -0 
1 57.972842068888653 18.431910031158399 0 -0 -0 -1 -1 0 0 0 1 -0 
1 57.972842068888653 18.431910031158399 0 -0 -0 -1 -1 0 0 0 1 -0 
1 57.972842068888653 18.431910031158399 0 -0 -0 -1 -1 0 0 0 1 -0 
1 57.972842068888653 18.431910031158399 0 -0 -0 -1 -1 0 0 0 1 -0 
1 57.972842068888653 18.431910031158399 0 -0 -0 -1 -1 0 0 0 1 -0 
1 57.972842068888653 18.431910031158399 0 -0 -0 -1 -1 0 0 0 1 -0 
1 57.972842068888653 18.431910031158399 0 -0 -0 -1 -1 0 0 0 1 -0 
1 57.972842068888653 18.431910031158399 0 -0 -0 -1 -1 0 0 0 1 -0 
1 57.972842068888653 18.431910031158399 0 -0 -0 -1 -1 0 0 0 1 -0 
1 69.663157578954667 65.444688515759594 0 0 0 1 1 0 -0 -0 1 0 
1 57.972842068888653 18.431910031158399 0 -0 -0 -1 -1 0 0 0 1 -0 
1 57.972842068888653 18.431910031158399 0 -0 -0 -1 -1 0 0 0 1 -0 
1 57.972842068888653 18.431910031158399 0 -0 -0 -1 -1 0 0 0 1 -0 
1 57.972842068888653 18.431910031158399 0 -0 -0 -1 -1 0 0 0 1 -0 
1 57.972842068888653 18.431910031158399 0 -0 -0 -1 -1 0 0 0 1 -0 
1 57.972842068888653 18.431910031158399 0 -0 -0 -1 -1 0 0 0 1 -0 
1 57.972842068888653 18.431910031158399 0 -0 -0 -1 -1 0 0 0 1 -0 
1 57.972842068888653 18.431910031158399 0 -0 -0 -1 -1 0 0 0 1 -0 
1 57.972842068888653 18.431910031158399 0 -0 -0 -1 -1 0 0 0 1 -0 
1 57.972842068888653 18.431910031158399 0 -0 -0 -1 -1 0 0 0 1 -0 
1 57.972842068888653 18.431910031158399 0 -0 -0 -1 -1 0 0 0 1 -0 
1 57.972842068888653 18.431910031158399 0 -0 -0 -1 -1 0 0 0 1 -0 
1 57.972842068888653 18.431910031158399 0 -0 -0 -1 -1 0 0 0 1 -0 
1 57.972842068888653 18.431910031158399 0 -0 -0 -1 -1 0 0 0 1 -0 
1 57.972842068888653 18.431910031158399 0 -0 -0 -1 -1 0 0 0 1 -0 
1 57.972842068888653 18.431910031158399 0 -0 -0 -1 -1 0 0 0 1 -0 
1 30.935933765772628 -36.851117439525389 0 0 0 1 1 0 -0 -0 1 0 
1 57.972842068888653 18.431910031158399 0 -0 -0 -1 -1 0 0 0 1 -0 
1 57.972842068888653 18.431910031158399 0 -0 -0 -1 -1 0 0 0 1 -0 
1 57.972842068888653 18.431910031158399 0 -0 -0 -1 -1 0 0 0 1 -0 
1 57.972842068888653 18.431910031158399 0 -0 -0 -1 -1 0 0 0 1 -0 
1 57.972842068888653 18.431910031158399 0 -0 -0 -1 -1 0 0 0 1 -0 
1 57.972842068888653 18.431910031158399 0 -0 -0 -1 -1 0 0 0 1 -0 
Triangulations 0

TShapes 1196
Ve
1e-07
147.909592 62.124756 0
0 0

0101101
*
Ve
1e-07
147.909592 60.735573 0
0 0

0101101
*
Ed
 1e-07 1 1 0
1  1 0 0 1.389183
0

0101000
+1196 0 -1195 0 *
Ve
1e-07
162.313217 60.735573 0
0 0

0101101
*
Ed
 1e-07 1 1 0
1  2 0 0 14.403625
0

0101000
+1195 0 -1193 0 *
Ve
1e-07
162.313217 50.263393 0
0 0

0101101
*
Ed
 1e-07 1 1 0
1  3 0 0 10.47218
0

0101000
+1193 0 -1191 0 *
Ve
1e-07
153.793213 50.244232 0
0 0

0101101
*
Ed
 1e-07 1 1 0
1  4 0 0 8.52002554596739
0

0101000
+1191 0 -1189 0 *
Ve
1e-07
147.895569 50.231613 0
0 0

0101101
*
Ed
 1e-07 1 1 0
1  5 0 0 5.89765750021966
0

0101000
+1189 0 -1187 0 *
Ve
1e-07
147.897903 49.482899 0
0 0

0101101
*
Ed
 1e-07 1 1 0
1  6 0 0 0.748717637933019
0

0101000
+1187 0 -1185 0 *
Ve
1e-07
147.897903 48.6982 0
0 0

0101101
*
Ed
 1e-07 1 1 0
1  7 0 0 0.784699000000003
0

0101000
+1185 0 -1183 0 *
Ve
1e-07
152.094345 48.6982 0
0 0

0101101
*
Ed
 1e-07 1 1 0
1  8 0 0 4.19644199999999
0

0101000
+1183 0 -1181 0 *
Ve
1e-07
152.094345 13.02079 0
0 0

0101101
*
Ed
 1e-07 1 1 0
1  9 0 0 35.67741
0

0101000
+1181 0 -1179 0 *
Ve
1e-07
151.008835 13.02079 0
0 0

0101101
*
Ed
 1e-07 1 1 0
1  10 0 0 1.08551
0

0101000
+1179 0 -1177 0 *
Ve
1e-07
151.008835 11.335475 0
0 0

0101101
*
Ed
 1e-07 1 1 0
1  11 0 0 1.685315
0

0101000
+1177 0 -1175 0 *
Ve
1e-07
152.087967 11.335475 0
0 0

0101101
*
Ed
 1e-07 1 1 0
1  12 0 0 1.07913199999999
0

0101000
+1175 0 -1173 0 *
Ve
1e-07
152.087967 -4.014691 0
0 0

0101101
*
Ed
 1e-07 1 1 0
1  13 0 0 15.350166
0

0101000
+1173 0 -1171 0 *
Ve
1e-07
151.008835 -4.014691 0
0 0

0101101
*
Ed
 1e-07 1 1 0
1  14 0 0 1.07913199999999
0

0101000
+1171 0 -1169 0 *
Ve
1e-07
151.008835 -5.700006 0
0 0

0101101
*
Ed
 1e-07 1 1 0
1  15 0 0 1.685315
0

0101000
+1169 0 -1167 0 *
Ve
1e-07
152.087967 -5.700006 0
0 0

0101101
*
Ed
 1e-07 1 1 0
1  16 0 0 1.07913199999999
0

0101000
+1167 0 -1165 0 *
Ve
1e-07
152.094345 -40.258083 0
0 0

0101101
*
Ed
 1e-07 1 1 0
1  17 0 0 34.5580775885583
0

0101000
+1165 0 -1163 0 *
Ve
1e-07
148.783554 -40.258083 0
0 0

0101101
*
Ed
 1e-07 1 1 0
1  18 0 0 3.31079099999999
0

0101000
+1163 0 -1161 0 *
Ve
1e-07
148.783554 -41.490047 0
0 0

0101101
*
Ed
 1e-07 1 1 0
1  19 0 0 1.231964
0

0101000
+1161 0 -1159 0 *
Ve
1e-07
152.094345 -41.490047 0
0 0

0101101
*
Ed
 1e-07 1 1 0
1  20 0 0 3.31079099999999
0

0101000
+1159 0 -1157 0 *
Ve
1e-07
152.094345 -44.888237 0
0 0

0101101
*
Ed
 1e-07 1 1 0
1  21 0 0 3.39819
0

0101000
+1157 0 -1155 0 *
Ve
1e-07
157.167099 -44.888237 0
0 0

0101101
*
Ed
 1e-07 1 1 0
1  22 0 0 5.072754
0

0101000
+1155 0 -1153 0 *
Ve
1e-07
157.167099 -58.49221 0
0 0

0101101
*
Ed
 1e-07 1 1 0
1  23 0 0 13.603973
0

0101000
+1153 0 -1151 0 *
Ve
1e-07
152.094345 -58.49221 0
0 0

0101101
*
Ed
 1e-07 1 1 0
1  24 0 0 5.072754
0

0101000
+1151 0 -1149 0 *
Ve
1e-07
152.109299 -61.918442 0
0 0

0101101
*
Ed
 1e-07 1 1 0
1  25 0 0 3.42626463367032
0

0101000
+1149 0 -1147 0 *
Ve
1e-07
148.771866 -61.918442 0
0 0

0101101
*
Ed
 1e-07 1 1 0
1  26 0 0 3.337433
0

0101000
+1147 0 -1145 0 *
Ve
1e-07
148.77562 -62.733055 0
0 0

0101101
*
Ed
 1e-07 1 1 0
1  27 0 0 0.814621649776755
0

0101000
+1145 0 -1143 0 *
Ve
1e-07
143.561722 -62.733055 0
0 0

0101101
*
Ed
 1e-07 1 1 0
1  28 0 0 5.213898
0

0101000
+1143 0 -1141 0 *
Ve
1e-07
143.557983 -61.918442 0
0 0

0101101
*
Ed
 1e-07 1 1 0
1  29 0 0 0.814621580790739
0

0101000
+1141 0 -1139 0 *
Ve
1e-07
140.156525 -61.918442 0
0 0

0101101
*
Ed
 1e-07 1 1 0
1  30 0 0 3.40145800000002
0

0101000
+1139 0 -1137 0 *
Ve
1e-07
140.142029 -58.49221 0
0 0

0101101
*
Ed
 1e-07 1 1 0
1  31 0 0 3.42626266533084
0

0101000
+1137 0 -1135 0 *
Ve
1e-07
135.012268 -58.49221 0
0 0

0101101
*
Ed
 1e-07 1 1 0
1  32 0 0 5.129761
0

0101000
+1135 0 -1133 0 *
Ve
1e-07
135.012268 -53.429745 0
0 0

0101101
*
Ed
 1e-07 1 1 0
1  33 0 0 5.062465
0

0101000
+1133 0 -1131 0 *
Ve
1e-07
134.136902 -53.429745 0
0 0

0101101
*
Ed
 1e-07 1 1 0
1  34 0 0 0.875366000000014
0

0101000
+1131 0 -1129 0 *
Ve
1e-07
133.335846 -53.425541 0
0 0

0101101
*
Ed
 1e-07 1 1 0
1  35 0 0 0.80106703137252
0

0101000
+1129 0 -1127 0 *
Ve
1e-07
133.335846 -58.488472 0
0 0

0101101
*
Ed
 1e-07 1 1 0
1  36 0 0 5.062931
0

0101000
+1127 0 -1125 0 *
Ve
1e-07
114.6437 -58.488472 0
0 0

0101101
*
Ed
 1e-07 1 1 0
1  37 0 0 18.692146
0

0101000
+1125 0 -1123 0 *
Ve
1e-07
114.626869 -53.402172 0
0 0

0101101
*
Ed
 1e-07 1 1 0
1  38 0 0 5.08632784753018
0

0101000
+1123 0 -1121 0 *
Ve
1e-07
113.792168 -53.422737 0
0 0

0101101
*
Ed
 1e-07 1 1 0
1  39 0 0 0.834954297327699
0

0101000
+1121 0 -1119 0 *
Ve
1e-07
112.93502 -53.422737 0
0 0

0101101
*
Ed
 1e-07 1 1 0
1  40 0 0 0.857148000000009
0

0101000
+1119 0 -1117 0 *
Ve
1e-07
112.93502 -58.49268 0
0 0

0101101
*
Ed
 1e-07 1 1 0
1  41 0 0 5.069943
0

0101000
+1117 0 -1115 0 *
Ve
1e-07
111.221672 -58.49221 0
0 0

0101101
*
Ed
 1e-07 1 1 0
1  42 0 0 1.71334806446442
0

0101000
+1115 0 -1113 0 *
Ve
1e-07
111.221672 -60.194344 0
0 0

0101101
*
Ed
 1e-07 1 1 0
1  43 0 0 1.702134
0

0101000
+1113 0 -1111 0 *
Ve
1e-07
112.93502 -60.194344 0
0 0

0101101
*
Ed
 1e-07 1 1 0
1  44 0 0 1.713348
0

0101000
+1111 0 -1109 0 *
Ve
1e-07
112.93502 -61.939941 0
0 0

0101101
*
Ed
 1e-07 1 1 0
1  45 0 0 1.745597
0

0101000
+1109 0 -1107 0 *
Ve
1e-07
113.792633 -61.939941 0
0 0

0101101
*
Ed
 1e-07 1 1 0
1  46 0 0 0.857613000000001
0

0101000
+1107 0 -1105 0 *
Ve
1e-07
113.792633 -65.359161 0
0 0

0101101
*
Ed
 1e-07 1 1 0
1  47 0 0 3.41922
0

0101000
+1105 0 -1103 0 *
Ve
1e-07
112.93502 -65.359161 0
0 0

0101101
*
Ed
 1e-07 1 1 0
1  48 0 0 0.857613000000001
0

0101000
+1103 0 -1101 0 *
Ve
1e-07
112.93502 -67.019699 0
0 0

0101101
*
Ed
 1e-07 1 1 0
1  49 0 0 1.660538
0

0101000
+1101 0 -1099 0 *
Ve
1e-07
92.476715 -67.019699 0
0 0

0101101
*
Ed
 1e-07 1 1 0
1  50 0 0 20.458305
0

0101000
+1099 0 -1097 0 *
Ve
1e-07
92.476715 -65.360565 0
0 0

0101101
*
Ed
 1e-07 1 1 0
1  51 0 0 1.65913400000001
0

0101000
+1097 0 -1095 0 *
Ve
1e-07
90.853569 -65.360565 0
0 0

0101101
*
Ed
 1e-07 1 1 0
1  52 0 0 1.62314600000001
0

0101000
+1095 0 -1093 0 *
Ve
1e-07
90.853569 -67.024368 0
0 0

0101101
*
Ed
 1e-07 1 1 0
1  53 0 0 1.663803
0

0101000
+1093 0 -1091 0 *
Ve
1e-07
66.98259 -67.024368 0
0 0

0101101
*
Ed
 1e-07 1 1 0
1  54 0 0 23.870979
0

0101000
+1091 0 -1089 0 *
Ve
1e-07
66.98259 -65.340469 0
0 0

0101101
*
Ed
 1e-07 1 1 0
1  55 0 0 1.683899
0

0101000
+1089 0 -1087 0 *
Ve
1e-07
65.269707 -65.340469 0
0 0

0101101
*
Ed
 1e-07 1 1 0
1  56 0 0 1.71288300000001
0

0101000
+1087 0 -1085 0 *
Ve
1e-07
65.269707 -67.024368 0
0 0

0101101
*
Ed
 1e-07 1 1 0
1  57 0 0 1.683899
0

0101000
+1085 0 -1083 0 *
Ve
1e-07
53.31739 -67.024368 0
0 0

0101101
*
Ed
 1e-07 1 1 0
1  58 0 0 11.952317
0

0101000
+1083 0 -1081 0 *
Ve
1e-07
53.31739 -65.340469 0
0 0

0101101
*
Ed
 1e-07 1 1 0
1  59 0 0 1.683899
0

0101000
+1081 0 -1079 0 *
Ve
1e-07
41.467213 -65.340469 0
0 0

0101101
*
Ed
 1e-07 1 1 0
1  60 0 0 11.850177
0

0101000
+1079 0 -1077 0 *
Ve
1e-07
41.467213 -67.024368 0
0 0

0101101
*
Ed
 1e-07 1 1 0
1  61 0 0 1.683899
0

0101000
+1077 0 -1075 0 *
Ve
1e-07
17.648357 -67.024368 0
0 0

0101101
*
Ed
 1e-07 1 1 0
1  62 0 0 23.818856
0

0101000
+1075 0 -1073 0 *
Ve
1e-07
17.648697 -84.064857 0
0 0

0101101
*
Ed
 1e-07 1 1 0
1  63 0 0 17.0404890033919
0

0101000
+1073 0 -1071 0 *
Ve
1e-07
-16.379463 -84.061119 0
0 0

0101101
*
Ed
 1e-07 1 1 0
1  64 0 0 34.02816020531
0

0101000
+1071 0 -1069 0 *
Ve
1e-07
-16.379463 -60.201588 0
0 0

0101101
*
Ed
 1e-07 1 1 0
1  65 0 0 23.859531
0

0101000
+1069 0 -1067 0 *
Ve
1e-07
12.59885 -60.201588 0
0 0

0101101
*
Ed
 1e-07 1 1 0
1  66 0 0 28.978313
0

0101000
+1067 0 -1065 0 *
Ve
1e-07
17.648291 -60.201939 0
0 0

0101101
*
Ed
 1e-07 1 1 0
1  67 0 0 5.04944101219947
0

0101000
+1065 0 -1063 0 *
Ve
1e-07
17.648352 -58.456886 0
0 0

0101101
*
Ed
 1e-07 1 1 0
1  68 0 0 1.74505300106616
0

0101000
+1063 0 -1061 0 *
Ve
1e-07
14.215837 -58.456886 0
0 0

0101101
*
Ed
 1e-07 1 1 0
1  69 0 0 3.432515
0

0101000
+1061 0 -1059 0 *
Ve
1e-07
14.215837 -44.88921 0
0 0

0101101
*
Ed
 1e-07 1 1 0
1  70 0 0 13.567676
0

0101000
+1059 0 -1057 0 *
Ve
1e-07
17.648352 -44.88921 0
0 0

0101101
*
Ed
 1e-07 1 1 0
1  71 0 0 3.432515
0

0101000
+1057 0 -1055 0 *
Ve
1e-07
17.648352 -43.18774 0
0 0

0101101
*
Ed
 1e-07 1 1 0
1  72 0 0 1.70147
0

0101000
+1055 0 -1053 0 *
Ve
1e-07
14.215837 -43.18774 0
0 0

0101101
*
Ed
 1e-07 1 1 0
1  73 0 0 3.432515
0

0101000
+1053 0 -1051 0 *
Ve
1e-07
14.215837 -37.960667 0
0 0

0101101
*
Ed
 1e-07 1 1 0
1  74 0 0 5.227073
0

0101000
+1051 0 -1049 0 *
Ve
1e-07
17.648352 -37.960667 0
0 0

0101101
*
Ed
 1e-07 1 1 0
1  75 0 0 3.432515
0

0101000
+1049 0 -1047 0 *
Ve
1e-07
17.648352 -36.470665 0
0 0

0101101
*
Ed
 1e-07 1 1 0
1  76 0 0 1.490002
0

0101000
+1047 0 -1045 0 *
Ve
1e-07
14.215837 -36.470665 0
0 0

0101101
*
Ed
 1e-07 1 1 0
1  77 0 0 3.432515
0

0101000
+1045 0 -1043 0 *
Ve
1e-07
14.215837 -19.371065 0
0 0

0101101
*
Ed
 1e-07 1 1 0
1  78 0 0 17.0996
0

0101000
+1043 0 -1041 0 *
Ve
1e-07
17.648352 -19.371065 0
0 0

0101101
*
Ed
 1e-07 1 1 0
1  79 0 0 3.432515
0

0101000
+1041 0 -1039 0 *
Ve
1e-07
17.648352 -17.648207 0
0 0

0101101
*
Ed
 1e-07 1 1 0
1  80 0 0 1.722858
0

0101000
+1039 0 -1037 0 *
Ve
1e-07
14.246301 -17.648207 0
0 0

0101101
*
Ed
 1e-07 1 1 0
1  81 0 0 3.402051
0

0101000
+1037 0 -1035 0 *
Ve
1e-07
14.246301 1.046904 0
0 0

0101101
*
Ed
 1e-07 1 1 0
1  82 0 0 18.695111
0

0101000
+1035 0 -1033 0 *
Ve
1e-07
12.581454 1.046904 0
0 0

0101101
*
Ed
 1e-07 1 1 0
1  83 0 0 1.664847
0

0101000
+1033 0 -1031 0 *
Ve
1e-07
12.581454 -17.676079 0
0 0

0101101
*
Ed
 1e-07 1 1 0
1  84 0 0 18.722983
0

0101000
+1031 0 -1029 0 *
Ve
1e-07
5.691964 -17.676079 0
0 0

0101101
*
Ed
 1e-07 1 1 0
1  85 0 0 6.88949
0

0101000
+1029 0 -1027 0 *
Ve
1e-07
5.691964 1.046904 0
0 0

0101101
*
Ed
 1e-07 1 1 0
1  86 0 0 18.722983
0

0101000
+1027 0 -1025 0 *
Ve
1e-07
4.056285 1.046904 0
0 0

0101101
*
Ed
 1e-07 1 1 0
1  87 0 0 1.635679
0

0101000
+1025 0 -1023 0 *
Ve
1e-07
4.056285 -19.36977 0
0 0

0101101
*
Ed
 1e-07 1 1 0
1  88 0 0 20.416674
0

0101000
+1023 0 -1021 0 *
Ve
1e-07
12.581454 -19.36977 0
0 0

0101101
*
Ed
 1e-07 1 1 0
1  89 0 0 8.525169
0

0101000
+1021 0 -1019 0 *
Ve
1e-07
12.581454 -36.478119 0
0 0

0101101
*
Ed
 1e-07 1 1 0
1  90 0 0 17.108349
0

0101000
+1019 0 -1017 0 *
Ve
1e-07
-16.378843 -36.478119 0
0 0

0101101
*
Ed
 1e-07 1 1 0
1  91 0 0 28.960297
0

0101000
+1017 0 -1015 0 *
Ve
1e-07
-16.378843 -19.36977 0
0 0

0101101
*
Ed
 1e-07 1 1 0
1  92 0 0 17.108349
0

0101000
+1015 0 -1013 0 *
Ve
1e-07
-7.91201 -19.36977 0
0 0

0101101
*
Ed
 1e-07 1 1 0
1  93 0 0 8.466833
0

0101000
+1013 0 -1011 0 *
Ve
1e-07
-7.91201 26.524195 0
0 0

0101101
*
Ed
 1e-07 1 1 0
1  94 0 0 45.893965
0

0101000
+1011 0 -1009 0 *
Ve
1e-07
-16.378843 26.524195 0
0 0

0101101
*
Ed
 1e-07 1 1 0
1  95 0 0 8.466833
0

0101000
+1009 0 -1007 0 *
Ve
1e-07
-16.378843 40.244839 0
0 0

0101101
*
Ed
 1e-07 1 1 0
1  96 0 0 13.720644
0

0101000
+1007 0 -1005 0 *
Ve
1e-07
12.581454 40.244839 0
0 0

0101101
*
Ed
 1e-07 1 1 0
1  97 0 0 28.960297
0

0101000
+1005 0 -1003 0 *
Ve
1e-07
12.581454 26.524195 0
0 0

0101101
*
Ed
 1e-07 1 1 0
1  98 0 0 13.720644
0

0101000
+1003 0 -1001 0 *
Ve
1e-07
4.056285 26.524195 0
0 0

0101101
*
Ed
 1e-07 1 1 0
1  99 0 0 8.525169
0

0101000
+1001 0 -999 0 *
Ve
1e-07
4.056285 6.269207 0
0 0

0101101
*
Ed
 1e-07 1 1 0
1  100 0 0 20.254988
0

0101000
+999 0 -997 0 *
Ve
1e-07
5.691964 6.269207 0
0 0

0101101
*
Ed
 1e-07 1 1 0
1  101 0 0 1.635679
0

0101000
+997 0 -995 0 *
Ve
1e-07
5.691964 24.888515 0
0 0

0101101
*
Ed
 1e-07 1 1 0
1  102 0 0 18.619308
0

0101000
+995 0 -993 0 *
Ve
1e-07
12.581454 24.888515 0
0 0

0101101
*
Ed
 1e-07 1 1 0
1  103 0 0 6.88949
0

0101000
+993 0 -991 0 *
Ve
1e-07
12.581454 6.269207 0
0 0

0101101
*
Ed
 1e-07 1 1 0
1  104 0 0 18.619308
0

0101000
+991 0 -989 0 *
Ve
1e-07
14.246301 6.269207 0
0 0

0101101
*
Ed
 1e-07 1 1 0
1  105 0 0 1.664847
0

0101000
+989 0 -987 0 *
Ve
1e-07
14.246301 24.894997 0
0 0

0101101
*
Ed
 1e-07 1 1 0
1  106 0 0 18.62579
0

0101000
+987 0 -985 0 *
Ve
1e-07
17.648352 24.894997 0
0 0

0101101
*
Ed
 1e-07 1 1 0
1  107 0 0 3.402051
0

0101000
+985 0 -983 0 *
Ve
1e-07
17.648352 26.547043 0
0 0

0101101
*
Ed
 1e-07 1 1 0
1  108 0 0 1.652046
0

0101000
+983 0 -981 0 *
Ve
1e-07
14.246301 26.547043 0
0 0

0101101
*
Ed
 1e-07 1 1 0
1  109 0 0 3.402051
0

0101000
+981 0 -979 0 *
Ve
1e-07
14.246301 40.25132 0
0 0

0101101
*
Ed
 1e-07 1 1 0
1  110 0 0 13.704277
0

0101000
+979 0 -977 0 *
Ve
1e-07
17.648352 40.25132 0
0 0

0101101
*
Ed
 1e-07 1 1 0
1  111 0 0 3.402051
0

0101000
+977 0 -975 0 *
Ve
1e-07
17.648352 41.794502 0
0 0

0101101
*
Ed
 1e-07 1 1 0
1  112 0 0 1.543182
0

0101000
+975 0 -973 0 *
Ve
1e-07
14.247598 41.795609 0
0 0

0101101
*
Ed
 1e-07 1 1 0
1  113 0 0 3.40075418017313
0

0101000
+973 0 -971 0 *
Ve
1e-07
14.247598 60.685154 0
0 0

0101101
*
Ed
 1e-07 1 1 0
1  114 0 0 18.889545
0

0101000
+971 0 -969 0 *
Ve
1e-07
24.495626 60.685154 0
0 0

0101101
*
Ed
 1e-07 1 1 0
1  115 0 0 10.248028
0

0101000
+969 0 -967 0 *
Ve
1e-07
24.495626 54.988243 0
0 0

0101101
*
Ed
 1e-07 1 1 0
1  116 0 0 5.696911
0

0101000
+967 0 -965 0 *
Ve
1e-07
26.116688 54.988243 0
0 0

0101101
*
Ed
 1e-07 1 1 0
1  117 0 0 1.621062
0

0101000
+965 0 -963 0 *
Ve
1e-07
26.116688 60.735573 0
0 0

0101101
*
Ed
 1e-07 1 1 0
1  118 0 0 5.74733000000001
0

0101000
+963 0 -961 0 *
Ve
1e-07
57.661053 60.735573 0
0 0

0101101
*
Ed
 1e-07 1 1 0
1  119 0 0 31.544365
0

0101000
+961 0 -959 0 *
Ve
1e-07
57.658249 61.536633 0
0 0

0101101
*
Ed
 1e-07 1 1 0
1  120 0 0 0.80106490749252
0

0101000
+959 0 -957 0 *
Ve
1e-07
57.658249 62.490051 0
0 0

0101101
*
Ed
 1e-07 1 1 0
1  121 0 0 0.953417999999999
0

0101000
+957 0 -955 0 *
Ve
1e-07
55.156929 62.490517 0
0 0

0101101
*
Ed
 1e-07 1 1 0
1  122 0 0 2.50132004340828
0

0101000
+955 0 -953 0 *
Ve
1e-07
55.15646 63.339714 0
0 0

0101101
*
Ed
 1e-07 1 1 0
1  123 0 0 0.849197129511167
0

0101000
+953 0 -951 0 *
Ve
1e-07
55.157394 72.789307 0
0 0

0101101
*
Ed
 1e-07 1 1 0
1  124 0 0 9.44959304615838
0

0101000
+951 0 -949 0 *
Ve
1e-07
57.645164 72.789307 0
0 0

0101101
*
Ed
 1e-07 1 1 0
1  125 0 0 2.48777
0

0101000
+949 0 -947 0 *
Ve
1e-07
57.645164 74.553635 0
0 0

0101101
*
Ed
 1e-07 1 1 0
1  126 0 0 1.76432800000001
0

0101000
+947 0 -945 0 *
Ve
1e-07
4.000865 74.555 0
0 0

0101101
*
Ed
 1e-07 1 1 0
1  127 0 0 53.6442990173665
0

0101000
+945 0 -943 0 *
Ve
1e-07
4.000865 87.766861 0
0 0

0101101
*
Ed
 1e-07 1 1 0
1  128 0 0 13.211861
0

0101000
+943 0 -941 0 *
Ve
1e-07
77.288857 87.766861 0
0 0

0101101
*
Ed
 1e-07 1 1 0
1  129 0 0 73.287992
0

0101000
+941 0 -939 0 *
Ve
1e-07
77.288857 74.555 0
0 0

0101101
*
Ed
 1e-07 1 1 0
1  130 0 0 13.211861
0

0101000
+939 0 -937 0 *
Ve
1e-07
74.800621 74.555466 0
0 0

0101101
*
Ed
 1e-07 1 1 0
1  131 0 0 2.48823604363652
0

0101000
+937 0 -935 0 *
Ve
1e-07
74.800621 73.670753 0
0 0

0101101
*
Ed
 1e-07 1 1 0
1  132 0 0 0.884712999999991
0

0101000
+935 0 -933 0 *
Ve
1e-07
74.801086 72.789307 0
0 0

0101101
*
Ed
 1e-07 1 1 0
1  133 0 0 0.881446122653574
0

0101000
+933 0 -931 0 *
Ve
1e-07
89.103302 72.789307 0
0 0

0101101
*
Ed
 1e-07 1 1 0
1  134 0 0 14.302216
0

0101000
+931 0 -929 0 *
Ve
1e-07
89.103302 62.490051 0
0 0

0101101
*
Ed
 1e-07 1 1 0
1  135 0 0 10.299256
0

0101000
+929 0 -927 0 *
Ve
1e-07
86.615067 62.490517 0
0 0

0101101
*
Ed
 1e-07 1 1 0
1  136 0 0 2.48823504363656
0

0101000
+927 0 -925 0 *
Ve
1e-07
86.615067 60.735573 0
0 0

0101101
*
Ed
 1e-07 1 1 0
1  137 0 0 1.75494399999999
0

0101000
+925 0 -923 0 *
Ve
1e-07
89.103302 60.735573 0
0 0

0101101
*
Ed
 1e-07 1 1 0
1  138 0 0 2.488235
0

0101000
+923 0 -921 0 *
Ve
1e-07
89.103302 58.25248 0
0 0

0101101
*
Ed
 1e-07 1 1 0
1  139 0 0 2.483093
0

0101000
+921 0 -919 0 *
Ve
1e-07
90.77578 58.25248 0
0 0

0101101
*
Ed
 1e-07 1 1 0
1  140 0 0 1.672478
0

0101000
+919 0 -917 0 *
Ve
1e-07
90.77578 87.779671 0
0 0

0101101
*
Ed
 1e-07 1 1 0
1  141 0 0 29.527191
0

0101000
+917 0 -915 0 *
Ve
1e-07
99.501518 87.779671 0
0 0

0101101
*
Ed
 1e-07 1 1 0
1  142 0 0 8.72573800000001
0

0101000
+915 0 -913 0 *
Ve
1e-07
99.498367 89.548439 0
0 0

0101101
*
Ed
 1e-07 1 1 0
1  143 0 0 1.76877080669742
0

0101000
+913 0 -911 0 *
Ve
1e-07
90.77578 89.542671 0
0 0

0101101
*
Ed
 1e-07 1 1 0
1  144 0 0 8.7225889071074
0

0101000
+911 0 -909 0 *
Ve
1e-07
90.756721 100.332947 0
0 0

0101101
*
Ed
 1e-07 1 1 0
1  145 0 0 10.7902928320624
0

0101000
+909 0 -907 0 *
Ve
1e-07
52.991505 100.332947 0
0 0

0101101
*
Ed
 1e-07 1 1 0
1  146 0 0 37.765216
0

0101000
+907 0 -905 0 *
Ve
1e-07
52.991505 110.614319 0
0 0

0101101
*
Ed
 1e-07 1 1 0
1  147 0 0 10.281372
0

0101000
+905 0 -903 0 *
Ve
1e-07
114.605377 110.614319 0
0 0

0101101
*
Ed
 1e-07 1 1 0
1  148 0 0 61.613872
0

0101000
+903 0 -901 0 *
Ve
1e-07
114.550224 89.539558 0
0 0

0101101
*
Ed
 1e-07 1 1 0
1  149 0 0 21.0748331680355
0

0101000
+901 0 -899 0 *
Ve
1e-07
106.165749 89.511986 0
0 0

0101101
*
Ed
 1e-07 1 1 0
1  150 0 0 8.38452033456947
0

0101000
+899 0 -897 0 *
Ve
1e-07
106.166222 87.779671 0
0 0

0101101
*
Ed
 1e-07 1 1 0
1  151 0 0 1.73231506457515
0

0101000
+897 0 -895 0 *
Ve
1e-07
114.550224 87.779671 0
0 0

0101101
*
Ed
 1e-07 1 1 0
1  152 0 0 8.384002
0

0101000
+895 0 -893 0 *
Ve
1e-07
114.550224 69.070938 0
0 0

0101101
*
Ed
 1e-07 1 1 0
1  153 0 0 18.708733
0

0101000
+893 0 -891 0 *
Ve
1e-07
116.235588 69.070938 0
0 0

0101101
*
Ed
 1e-07 1 1 0
1  154 0 0 1.68536400000001
0

0101000
+891 0 -889 0 *
Ve
1e-07
116.235588 72.477791 0
0 0

0101101
*
Ed
 1e-07 1 1 0
1  155 0 0 3.406853
0

0101000
+889 0 -887 0 *
Ve
1e-07
138.591599 72.477791 0
0 0

0101101
*
Ed
 1e-07 1 1 0
1  156 0 0 22.356011
0

0101000
+887 0 -885 0 *
Ve
1e-07
138.591599 69.070938 0
0 0

0101101
*
Ed
 1e-07 1 1 0
1  157 0 0 3.406853
0

0101000
+885 0 -883 0 *
Ve
1e-07
140.147217 69.070938 0
0 0

0101101
*
Ed
 1e-07 1 1 0
1  158 0 0 1.55561800000001
0

0101000
+883 0 -881 0 *
Ve
1e-07
140.147217 72.477791 0
0 0

0101101
*
Ed
 1e-07 1 1 0
1  159 0 0 3.406853
0

0101000
+881 0 -879 0 *
Ve
1e-07
152.081818 72.477791 0
0 0

0101101
*
Ed
 1e-07 1 1 0
1  160 0 0 11.934601
0

0101000
+879 0 -877 0 *
Ve
1e-07
152.081818 62.124756 0
0 0

0101101
*
Ed
 1e-07 1 1 0
1  161 0 0 10.353035
0

0101000
+877 0 -875 0 *
Ed
 1e-07 1 1 0
1  162 0 0 4.17222599999999
0

0101000
+875 0 -1196 0 *
Wi

0101100
+1194 0 +1192 0 +1190 0 +1188 0 +1186 0 +1184 0 +1182 0 +1180 0 +1178 0 +1176 0 
+1174 0 +1172 0 +1170 0 +1168 0 +1166 0 +1164 0 +1162 0 +1160 0 +1158 0 +1156 0 
+1154 0 +1152 0 +1150 0 +1148 0 +1146 0 +1144 0 +1142 0 +1140 0 +1138 0 +1136 0 
+1134 0 +1132 0 +1130 0 +1128 0 +1126 0 +1124 0 +1122 0 +1120 0 +1118 0 +1116 0 
+1114 0 +1112 0 +1110 0 +1108 0 +1106 0 +1104 0 +1102 0 +1100 0 +1098 0 +1096 0 
+1094 0 +1092 0 +1090 0 +1088 0 +1086 0 +1084 0 +1082 0 +1080 0 +1078 0 +1076 0 
+1074 0 +1072 0 +1070 0 +1068 0 +1066 0 +1064 0 +1062 0 +1060 0 +1058 0 +1056 0 
+1054 0 +1052 0 +1050 0 +1048 0 +1046 0 +1044 0 +1042 0 +1040 0 +1038 0 +1036 0 
+1034 0 +1032 0 +1030 0 +1028 0 +1026 0 +1024 0 +1022 0 +1020 0 +1018 0 +1016 0 
+1014 0 +1012 0 +1010 0 +1008 0 +1006 0 +1004 0 +1002 0 +1000 0 +998 0 +996 0 
+994 0 +992 0 +990 0 +988 0 +986 0 +984 0 +982 0 +980 0 +978 0 +976 0 
+974 0 +972 0 +970 0 +968 0 +966 0 +964 0 +962 0 +960 0 +958 0 +956 0 
+954 0 +952 0 +950 0 +948 0 +946 0 +944 0 +942 0 +940 0 +938 0 +936 0 
+934 0 +932 0 +930 0 +928 0 +926 0 +924 0 +922 0 +920 0 +918 0 +916 0 
+914 0 +912 0 +910 0 +908 0 +906 0 +904 0 +902 0 +900 0 +898 0 +896 0 
+894 0 +892 0 +890 0 +888 0 +886 0 +884 0 +882 0 +880 0 +878 0 +876 0 
+874 0 +873 0 *
Ve
1e-07
91.921494 -57.242836 0
0 0

0101101
*
Ve
1e-07
92.15551 -57.40057 0
0 0

0101101
*
Ed
 1e-07 1 1 0
1  163 0 0 0.282211805231473
2  1 2 0 0 0.282211805231473
2  2 3 0 0 0.282211805231473
0

0101000
+871 0 -870 0 *
Ve
1e-07
92.441666 -57.458405 0
0 0

0101101
*
Ed
 1e-07 1 1 0
1  164 0 0 0.291942020889413
2  3 2 0 0 0.291942020889413
2  4 3 0 0 0.291942020889413
0

0101000
+870 0 -868 0 *
Ve
1e-07
92.728485 -57.40057 0
0 0

0101101
*
Ed
 1e-07 1 1 0
1  165 0 0 0.292591910322217
2  5 2 0 0 0.292591910322217
2  6 3 0 0 0.292591910322217
0

0101000
+868 0 -866 0 *
Ve
1e-07
92.962601 -57.242836 0
0 0

0101101
*
Ed
 1e-07 1 1 0
1  166 0 0 0.282294732880374
2  7 2 0 0 0.282294732880374
2  8 3 0 0 0.282294732880374
0

0101000
+866 0 -864 0 *
Ve
1e-07
93.120384 -57.008862 0
0 0

0101101
*
Ed
 1e-07 1 1 0
1  167 0 0 0.28220437233501
2  9 2 0 0 0.28220437233501
2  10 3 0 0 0.28220437233501
0

0101000
+864 0 -862 0 *
Ve
1e-07
93.17823 -56.722313 0
0 0

0101101
*
Ed
 1e-07 1 1 0
1  168 0 0 0.292329418836011
2  11 2 0 0 0.292329418836011
2  12 3 0 0 0.292329418836011
0

0101000
+862 0 -860 0 *
Ve
1e-07
93.120384 -56.436153 0
0 0

0101101
*
Ed
 1e-07 1 1 0
1  169 0 0 0.291948120932472
2  13 2 0 0 0.291948120932472
2  14 3 0 0 0.291948120932472
0

0101000
+860 0 -858 0 *
Ve
1e-07
92.962601 -56.202137 0
0 0

0101101
*
Ed
 1e-07 1 1 0
1  170 0 0 0.282239195267059
2  15 2 0 0 0.282239195267059
2  16 3 0 0 0.282239195267059
0

0101000
+858 0 -856 0 *
Ve
1e-07
92.728485 -56.044182 0
0 0

0101101
*
Ed
 1e-07 1 1 0
1  171 0 0 0.282418277526439
2  17 2 0 0 0.282418277526439
2  18 3 0 0 0.282418277526439
0

0101000
+856 0 -854 0 *
Ve
1e-07
92.441666 -55.986217 0
0 0

0101101
*
Ed
 1e-07 1 1 0
1  172 0 0 0.292617634441269
2  19 2 0 0 0.292617634441269
2  20 3 0 0 0.292617634441269
0

0101000
+854 0 -852 0 *
Ve
1e-07
92.15551 -56.044182 0
0 0

0101101
*
Ed
 1e-07 1 1 0
1  173 0 0 0.291967802267638
2  21 2 0 0 0.291967802267638
2  22 3 0 0 0.291967802267638
0

0101000
+852 0 -850 0 *
Ve
1e-07
91.921494 -56.202137 0
0 0

0101101
*
Ed
 1e-07 1 1 0
1  174 0 0 0.282335386165117
2  23 2 0 0 0.282335386165117
2  24 3 0 0 0.282335386165117
0

0101000
+850 0 -848 0 *
Ve
1e-07
91.763535 -56.436153 0
0 0

0101101
*
Ed
 1e-07 1 1 0
1  175 0 0 0.282337624019534
2  25 2 0 0 0.282337624019534
2  26 3 0 0 0.282337624019534
0

0101000
+848 0 -846 0 *
Ve
1e-07
91.705574 -56.722313 0
0 0

0101101
*
Ed
 1e-07 1 1 0
1  176 0 0 0.291970928554543
2  27 2 0 0 0.291970928554543
2  28 3 0 0 0.291970928554543
0

0101000
+846 0 -844 0 *
Ve
1e-07
91.763535 -57.008862 0
0 0

0101101
*
Ed
 1e-07 1 1 0
1  177 0 0 0.292352196711434
2  29 2 0 0 0.292352196711434
2  30 3 0 0 0.292352196711434
0

0101000
+844 0 -842 0 *
Ed
 1e-07 1 1 0
1  178 0 0 0.282302813228978
2  31 2 0 0 0.282302813228978
2  32 3 0 0 0.282302813228978
0

0101000
+842 0 -871 0 *
Wi

0101100
+869 0 +867 0 +865 0 +863 0 +861 0 +859 0 +857 0 +855 0 +853 0 +851 0 
+849 0 +847 0 +845 0 +843 0 +841 0 +840 0 *
Ve
1e-07
91.763542 -46.846004 0
0 0

0101101
*
Ve
1e-07
91.921547 -47.079815 0
0 0

0101101
*
Ed
 1e-07 1 1 0
1  179 0 0 0.282193486363527
2  33 4 0 0 0.282193486363527
2  34 5 0 0 0.282193486363527
0

0101000
+838 0 -837 0 *
Ve
1e-07
92.155708 -47.237389 0
0 0

0101101
*
Ed
 1e-07 1 1 0
1  180 0 0 0.282242695914348
2  35 4 0 0 0.282242695914348
2  36 5 0 0 0.282242695914348
0

0101000
+837 0 -835 0 *
Ve
1e-07
92.442131 -47.295151 0
0 0

0101101
*
Ed
 1e-07 1 1 0
1  181 0 0 0.29218929407663
2  37 4 0 0 0.29218929407663
2  38 5 0 0 0.29218929407663
0

0101000
+835 0 -833 0 *
Ve
1e-07
92.728683 -47.237389 0
0 0

0101101
*
Ed
 1e-07 1 1 0
1  182 0 0 0.292315749401225
2  39 4 0 0 0.292315749401225
2  40 5 0 0 0.292315749401225
0

0101000
+833 0 -831 0 *
Ve
1e-07
92.962654 -47.079815 0
0 0

0101101
*
Ed
 1e-07 1 1 0
1  183 0 0 0.282085083471277
2  41 4 0 0 0.282085083471277
2  42 5 0 0 0.282085083471277
0

0101000
+831 0 -829 0 *
Ve
1e-07
93.120392 -46.846004 0
0 0

0101101
*
Ed
 1e-07 1 1 0
1  184 0 0 0.282044075216977
2  43 4 0 0 0.282044075216977
2  44 5 0 0 0.282044075216977
0

0101000
+829 0 -827 0 *
Ve
1e-07
93.17823 -46.559525 0
0 0

0101101
*
Ed
 1e-07 1 1 0
1  185 0 0 0.292259220017094
2  45 4 0 0 0.292259220017094
2  46 5 0 0 0.292259220017094
0

0101000
+827 0 -825 0 *
Ve
1e-07
93.120392 -46.273098 0
0 0

0101101
*
Ed
 1e-07 1 1 0
1  186 0 0 0.292208248639566
2  47 4 0 0 0.292208248639566
2  48 5 0 0 0.292208248639566
0

0101000
+825 0 -823 0 *
Ve
1e-07
92.962654 -46.03894 0
0 0

0101101
*
Ed
 1e-07 1 1 0
1  187 0 0 0.282331800560969
2  49 4 0 0 0.282331800560969
2  50 5 0 0 0.282331800560969
0

0101000
+823 0 -821 0 *
Ve
1e-07
92.728683 -45.880936 0
0 0

0101101
*
Ed
 1e-07 1 1 0
1  188 0 0 0.282325508689877
2  51 4 0 0 0.282325508689877
2  52 5 0 0 0.282325508689877
0

0101000
+821 0 -819 0 *
Ve
1e-07
92.442131 -45.822964 0
0 0

0101101
*
Ed
 1e-07 1 1 0
1  189 0 0 0.292357318170762
2  53 4 0 0 0.292357318170762
2  54 5 0 0 0.292357318170762
0

0101000
+819 0 -817 0 *
Ve
1e-07
92.155708 -45.880936 0
0 0

0101101
*
Ed
 1e-07 1 1 0
1  190 0 0 0.292230880833973
2  55 4 0 0 0.292230880833973
2  56 5 0 0 0.292230880833973
0

0101000
+817 0 -815 0 *
Ve
1e-07
91.921547 -46.03894 0
0 0

0101101
*
Ed
 1e-07 1 1 0
1  191 0 0 0.282482986986827
2  57 4 0 0 0.282482986986827
2  58 5 0 0 0.282482986986827
0

0101000
+815 0 -813 0 *
Ve
1e-07
91.763542 -46.273098 0
0 0

0101101
*
Ed
 1e-07 1 1 0
1  192 0 0 0.282481059522583
2  59 4 0 0 0.282481059522583
2  60 5 0 0 0.282481059522583
0

0101000
+813 0 -811 0 *
Ve
1e-07
91.705574 -46.559525 0
0 0

0101101
*
Ed
 1e-07 1 1 0
1  193 0 0 0.292234007865276
2  61 4 0 0 0.292234007865276
2  62 5 0 0 0.292234007865276
0

0101000
+811 0 -809 0 *
Ed
 1e-07 1 1 0
1  194 0 0 0.292284974750671
2  63 4 0 0 0.292284974750671
2  64 5 0 0 0.292284974750671
0

0101000
+809 0 -838 0 *
Wi

0101100
+836 0 +834 0 +832 0 +830 0 +828 0 +826 0 +824 0 +822 0 +820 0 +818 0 
+816 0 +814 0 +812 0 +810 0 +808 0 +807 0 *
Ve
1e-07
100.017876 -60.125633 0
0 0

0101101
*
Ve
1e-07
100.017876 -58.560921 0
0 0

0101101
*
Ed
 1e-07 1 1 0
1  195 0 0 1.564712
2  65 6 0 0 1.564712
2  66 7 0 0 1.564712
0

0101000
+805 0 -804 0 *
Ve
1e-07
98.317146 -58.560921 0
0 0

0101101
*
Ed
 1e-07 1 1 0
1  196 0 0 1.70073000000001
2  67 6 0 0 1.70073000000001
2  68 7 0 0 1.70073000000001
0

0101000
+804 0 -802 0 *
Ve
1e-07
98.317146 -60.125633 0
0 0

0101101
*
Ed
 1e-07 1 1 0
1  197 0 0 1.564712
2  69 6 0 0 1.564712
2  70 7 0 0 1.564712
0

0101000
+802 0 -800 0 *
Ed
 1e-07 1 1 0
1  198 0 0 1.70073000000001
2  71 6 0 0 1.70073000000001
2  72 7 0 0 1.70073000000001
0

0101000
+800 0 -805 0 *
Wi

0101100
+803 0 +801 0 +799 0 +798 0 *
Ve
1e-07
105.393867 -58.560921 0
0 0

0101101
*
Ve
1e-07
105.393867 -60.125633 0
0 0

0101101
*
Ed
 1e-07 1 1 0
1  199 0 0 1.564712
2  73 8 0 0 1.564712
2  74 9 0 0 1.564712
0

0101000
+796 0 -795 0 *
Ve
1e-07
107.094597 -60.125633 0
0 0

0101101
*
Ed
 1e-07 1 1 0
1  200 0 0 1.70072999999999
2  75 8 0 0 1.70072999999999
2  76 9 0 0 1.70072999999999
0

0101000
+795 0 -793 0 *
Ve
1e-07
107.094597 -58.560921 0
0 0

0101101
*
Ed
 1e-07 1 1 0
1  201 0 0 1.564712
2  77 8 0 0 1.564712
2  78 9 0 0 1.564712
0

0101000
+793 0 -791 0 *
Ed
 1e-07 1 1 0
1  202 0 0 1.70072999999999
2  79 8 0 0 1.70072999999999
2  80 9 0 0 1.70072999999999
0

0101000
+791 0 -796 0 *
Wi

0101100
+794 0 +792 0 +790 0 +789 0 *
Ve
1e-07
105.393867 -38.08601 0
0 0

0101101
*
Ve
1e-07
107.094597 -38.08601 0
0 0

0101101
*
Ed
 1e-07 1 1 0
1  203 0 0 1.70072999999999
2  81 10 0 0 1.70072999999999
2  82 11 0 0 1.70072999999999
0

0101000
+787 0 -786 0 *
Ve
1e-07
107.094597 -36.521297 0
0 0

0101101
*
Ed
 1e-07 1 1 0
1  204 0 0 1.564713
2  83 10 0 0 1.564713
2  84 11 0 0 1.564713
0

0101000
+786 0 -784 0 *
Ve
1e-07
105.393867 -36.521297 0
0 0

0101101
*
Ed
 1e-07 1 1 0
1  205 0 0 1.70072999999999
2  85 10 0 0 1.70072999999999
2  86 11 0 0 1.70072999999999
0

0101000
+784 0 -782 0 *
Ed
 1e-07 1 1 0
1  206 0 0 1.564713
2  87 10 0 0 1.564713
2  88 11 0 0 1.564713
0

0101000
+782 0 -787 0 *
Wi

0101100
+785 0 +783 0 +781 0 +780 0 *
Ve
1e-07
100.017876 -38.08601 0
0 0

0101101
*
Ve
1e-07
100.017876 -36.521297 0
0 0

0101101
*
Ed
 1e-07 1 1 0
1  207 0 0 1.564713
2  89 12 0 0 1.564713
2  90 13 0 0 1.564713
0

0101000
+778 0 -777 0 *
Ve
1e-07
98.317146 -36.521297 0
0 0

0101101
*
Ed
 1e-07 1 1 0
1  208 0 0 1.70073000000001
2  91 12 0 0 1.70073000000001
2  92 13 0 0 1.70073000000001
0

0101000
+777 0 -775 0 *
Ve
1e-07
98.317146 -38.08601 0
0 0

0101101
*
Ed
 1e-07 1 1 0
1  209 0 0 1.564713
2  93 12 0 0 1.564713
2  94 13 0 0 1.564713
0

0101000
+775 0 -773 0 *
Ed
 1e-07 1 1 0
1  210 0 0 1.70073000000001
2  95 12 0 0 1.70073000000001
2  96 13 0 0 1.70073000000001
0

0101000
+773 0 -778 0 *
Wi

0101100
+776 0 +774 0 +772 0 +771 0 *
Ve
1e-07
107.094597 -43.270237 0
0 0

0101101
*
Ve
1e-07
105.393867 -43.270237 0
0 0

0101101
*
Ed
 1e-07 1 1 0
1  211 0 0 1.70072999999999
2  97 14 0 0 1.70072999999999
2  98 15 0 0 1.70072999999999
0

0101000
+769 0 -768 0 *
Ve
1e-07
105.393867 -44.834953 0
0 0

0101101
*
Ed
 1e-07 1 1 0
1  212 0 0 1.564716
2  99 14 0 0 1.564716
2  100 15 0 0 1.564716
0

0101000
+768 0 -766 0 *
Ve
1e-07
107.094597 -44.834953 0
0 0

0101101
*
Ed
 1e-07 1 1 0
1  213 0 0 1.70072999999999
2  101 14 0 0 1.70072999999999
2  102 15 0 0 1.70072999999999
0

0101000
+766 0 -764 0 *
Ed
 1e-07 1 1 0
1  214 0 0 1.564716
2  103 14 0 0 1.564716
2  104 15 0 0 1.564716
0

0101000
+764 0 -769 0 *
Wi

0101100
+767 0 +765 0 +763 0 +762 0 *
Ve
1e-07
100.017876 -43.270237 0
0 0

0101101
*
Ve
1e-07
98.317146 -43.270237 0
0 0

0101101
*
Ed
 1e-07 1 1 0
1  215 0 0 1.70073000000001
2  105 16 0 0 1.70073000000001
2  106 17 0 0 1.70073000000001
0

0101000
+760 0 -759 0 *
Ve
1e-07
98.317146 -44.834953 0
0 0

0101101
*
Ed
 1e-07 1 1 0
1  216 0 0 1.564716
2  107 16 0 0 1.564716
2  108 17 0 0 1.564716
0

0101000
+759 0 -757 0 *
Ve
1e-07
100.017876 -44.834953 0
0 0

0101101
*
Ed
 1e-07 1 1 0
1  217 0 0 1.70073000000001
2  109 16 0 0 1.70073000000001
2  110 17 0 0 1.70073000000001
0

0101000
+757 0 -755 0 *
Ed
 1e-07 1 1 0
1  218 0 0 1.564716
2  111 16 0 0 1.564716
2  112 17 0 0 1.564716
0

0101000
+755 0 -760 0 *
Wi

0101100
+758 0 +756 0 +754 0 +753 0 *
Ve
1e-07
34.663929 -12.237211 0
0 0

0101101
*
Ve
1e-07
32.9119 -12.237211 0
0 0

0101101
*
Ed
 1e-07 1 1 0
1  219 0 0 1.752029
2  113 18 0 0 1.752029
2  114 19 0 0 1.752029
0

0101000
+751 0 -750 0 *
Ve
1e-07
32.9119 -19.371065 0
0 0

0101101
*
Ed
 1e-07 1 1 0
1  220 0 0 7.133854
2  115 18 0 0 7.133854
2  116 19 0 0 7.133854
0

0101000
+750 0 -748 0 *
Ve
1e-07
34.663929 -19.371065 0
0 0

0101101
*
Ed
 1e-07 1 1 0
1  221 0 0 1.752029
2  117 18 0 0 1.752029
2  118 19 0 0 1.752029
0

0101000
+748 0 -746 0 *
Ed
 1e-07 1 1 0
1  222 0 0 7.133854
2  119 18 0 0 7.133854
2  120 19 0 0 7.133854
0

0101000
+746 0 -751 0 *
Wi

0101100
+749 0 +747 0 +745 0 +744 0 *
Ve
1e-07
87.815567 37.06015 0
0 0

0101101
*
Ve
1e-07
95.853859 42.203892 0
0 0

0101101
*
Ed
 1e-07 1 1 0
1  223 0 0 9.54317662205976
2  121 20 0 0 9.54317662205976
2  122 21 0 0 9.54317662205976
0

0101000
+742 0 -741 0 *
Ve
1e-07
95.853859 43.060127 0
0 0

0101101
*
Ed
 1e-07 1 1 0
1  224 0 0 0.856234999999998
2  123 20 0 0 0.856234999999998
2  124 21 0 0 0.856234999999998
0

0101000
+741 0 -739 0 *
Ve
1e-07
87.172768 37.46027 0
0 0

0101101
*
Ed
 1e-07 1 1 0
1  225 0 0 10.3305246416012
2  125 20 0 0 10.3305246416012
2  126 21 0 0 10.3305246416012
0

0101000
+739 0 -737 0 *
Ed
 1e-07 1 1 0
1  226 0 0 0.757156898404153
2  127 20 0 0 0.757156898404153
2  128 21 0 0 0.757156898404153
0

0101000
+737 0 -742 0 *
Wi

0101100
+740 0 +738 0 +736 0 +735 0 *
Ve
1e-07
81.341354 50.436317 0
0 0

0101101
*
Ve
1e-07
78.840027 50.436787 0
0 0

0101101
*
Ed
 1e-07 1 1 0
1  227 0 0 2.50132704415655
2  129 22 0 0 2.50132704415655
2  130 23 0 0 2.50132704415655
0

0101000
+733 0 -732 0 *
Ve
1e-07
78.840027 52.94278 0
0 0

0101101
*
Ed
 1e-07 1 1 0
1  228 0 0 2.505993
2  131 22 0 0 2.505993
2  132 23 0 0 2.505993
0

0101000
+732 0 -730 0 *
Ve
1e-07
77.288391 52.94278 0
0 0

0101101
*
Ed
 1e-07 1 1 0
1  229 0 0 1.551636
2  133 22 0 0 1.551636
2  134 23 0 0 1.551636
0

0101000
+730 0 -728 0 *
Ve
1e-07
77.288391 50.436317 0
0 0

0101101
*
Ed
 1e-07 1 1 0
1  230 0 0 2.506463
2  135 22 0 0 2.506463
2  136 23 0 0 2.506463
0

0101000
+728 0 -726 0 *
Ve
1e-07
74.800621 50.436787 0
0 0

0101101
*
Ed
 1e-07 1 1 0
1  231 0 0 2.48777004439719
2  137 22 0 0 2.48777004439719
2  138 23 0 0 2.48777004439719
0

0101000
+726 0 -724 0 *
Ve
1e-07
74.800621 48.6982 0
0 0

0101101
*
Ed
 1e-07 1 1 0
1  232 0 0 1.738587
2  139 22 0 0 1.738587
2  140 23 0 0 1.738587
0

0101000
+724 0 -722 0 *
Ve
1e-07
81.341354 48.697964 0
0 0

0101101
*
Ed
 1e-07 1 1 0
1  233 0 0 6.54073300425762
2  141 22 0 0 6.54073300425762
2  142 23 0 0 6.54073300425762
0

0101000
+722 0 -720 0 *
Ed
 1e-07 1 1 0
1  234 0 0 1.738353
2  143 22 0 0 1.738353
2  144 23 0 0 1.738353
0

0101000
+720 0 -733 0 *
Wi

0101100
+731 0 +729 0 +727 0 +725 0 +723 0 +721 0 +719 0 +718 0 *
Ve
1e-07
117.572372 37.096828 0
0 0

0101101
*
Ve
1e-07
118.215805 37.497337 0
0 0

0101101
*
Ed
 1e-07 1 1 0
1  235 0 0 0.757900708912455
2  145 24 0 0 0.757900708912455
2  146 25 0 0 0.757900708912455
0

0101000
+716 0 -715 0 *
Ve
1e-07
109.475159 43.09507 0
0 0

0101101
*
Ed
 1e-07 1 1 0
1  236 0 0 10.3794752871523
2  147 24 0 0 10.3794752871523
2  148 25 0 0 10.3794752871523
0

0101000
+715 0 -713 0 *
Ve
1e-07
109.475159 42.239765 0
0 0

0101101
*
Ed
 1e-07 1 1 0
1  237 0 0 0.855305000000001
2  149 24 0 0 0.855305000000001
2  150 25 0 0 0.855305000000001
0

0101000
+713 0 -711 0 *
Ed
 1e-07 1 1 0
1  238 0 0 9.59242718780486
2  151 24 0 0 9.59242718780486
2  152 25 0 0 9.59242718780486
0

0101000
+711 0 -716 0 *
Wi

0101100
+714 0 +712 0 +710 0 +709 0 *
Ve
1e-07
80.261086 25.717936 0
0 0

0101101
*
Ve
1e-07
79.693382 26.071308 0
0 0

0101101
*
Ed
 1e-07 1 1 0
1  239 0 0 0.668699934200688
2  153 26 0 0 0.668699934200688
2  154 27 0 0 0.668699934200688
0

0101000
+707 0 -706 0 *
Ve
1e-07
76.598648 13.129104 0
0 0

0101101
*
Ed
 1e-07 1 1 0
1  240 0 0 13.3070666530371
2  155 26 0 0 13.3070666530371
2  156 27 0 0 13.3070666530371
0

0101000
+706 0 -704 0 *
Ve
1e-07
77.233421 13.129104 0
0 0

0101101
*
Ed
 1e-07 1 1 0
1  241 0 0 0.63477300000001
2  157 26 0 0 0.63477300000001
2  158 27 0 0 0.63477300000001
0

0101000
+704 0 -702 0 *
Ed
 1e-07 1 1 0
1  242 0 0 12.9477969738658
2  159 26 0 0 12.9477969738658
2  160 27 0 0 12.9477969738658
0

0101000
+702 0 -707 0 *
Wi

0101100
+705 0 +703 0 +701 0 +700 0 *
Ve
1e-07
125.712959 26.119436 0
0 0

0101101
*
Ve
1e-07
125.14521 25.766037 0
0 0

0101101
*
Ed
 1e-07 1 1 0
1  243 0 0 0.66875240575417
2  161 28 0 0 0.66875240575417
2  162 29 0 0 0.66875240575417
0

0101000
+698 0 -697 0 *
Ve
1e-07
128.19281 13.129104 0
0 0

0101101
*
Ed
 1e-07 1 1 0
1  244 0 0 12.999228492741
2  163 28 0 0 12.999228492741
2  164 29 0 0 12.999228492741
0

0101000
+697 0 -695 0 *
Ve
1e-07
128.827576 13.129104 0
0 0

0101101
*
Ed
 1e-07 1 1 0
1  245 0 0 0.634765999999985
2  165 28 0 0 0.634765999999985
2  166 29 0 0 0.634765999999985
0

0101000
+695 0 -693 0 *
Ed
 1e-07 1 1 0
1  246 0 0 13.3585015823974
2  167 28 0 0 13.3585015823974
2  168 29 0 0 13.3585015823974
0

0101000
+693 0 -698 0 *
Wi

0101100
+696 0 +694 0 +692 0 +691 0 *
Ve
1e-07
100.954201 48.6982 0
0 0

0101101
*
Ve
1e-07
100.954201 49.484768 0
0 0

0101101
*
Ed
 1e-07 1 1 0
1  247 0 0 0.786568000000003
2  169 30 0 0 0.786568000000003
2  170 31 0 0 0.786568000000003
0

0101000
+689 0 -688 0 *
Ve
1e-07
90.77578 49.484768 0
0 0

0101101
*
Ed
 1e-07 1 1 0
1  248 0 0 10.178421
2  171 30 0 0 10.178421
2  172 31 0 0 10.178421
0

0101000
+688 0 -686 0 *
Ve
1e-07
90.77578 52.89838 0
0 0

0101101
*
Ed
 1e-07 1 1 0
1  249 0 0 3.413612
2  173 30 0 0 3.413612
2  174 31 0 0 3.413612
0

0101000
+686 0 -684 0 *
Ve
1e-07
89.103302 52.89838 0
0 0

0101101
*
Ed
 1e-07 1 1 0
1  250 0 0 1.672478
2  175 30 0 0 1.672478
2  176 31 0 0 1.672478
0

0101000
+684 0 -682 0 *
Ve
1e-07
89.103302 50.436317 0
0 0

0101101
*
Ed
 1e-07 1 1 0
1  251 0 0 2.462063
2  177 30 0 0 2.462063
2  178 31 0 0 2.462063
0

0101000
+682 0 -680 0 *
Ve
1e-07
86.615067 50.436787 0
0 0

0101101
*
Ed
 1e-07 1 1 0
1  252 0 0 2.4882350443889
2  179 30 0 0 2.4882350443889
2  180 31 0 0 2.4882350443889
0

0101000
+680 0 -678 0 *
Ve
1e-07
86.615067 48.698315 0
0 0

0101101
*
Ed
 1e-07 1 1 0
1  253 0 0 1.738472
2  181 30 0 0 1.738472
2  182 31 0 0 1.738472
0

0101000
+678 0 -676 0 *
Ed
 1e-07 1 1 0
1  254 0 0 14.3391340004612
2  183 30 0 0 14.3391340004612
2  184 31 0 0 14.3391340004612
0

0101000
+676 0 -689 0 *
Wi

0101100
+687 0 +685 0 +683 0 +681 0 +679 0 +677 0 +675 0 +674 0 *
Ve
1e-07
78.060814 -0.492197 0
0 0

0101101
*
Ve
1e-07
77.398384 -0.492197 0
0 0

0101101
*
Ed
 1e-07 1 1 0
1  255 0 0 0.662430000000001
2  185 32 0 0 0.662430000000001
2  186 33 0 0 0.662430000000001
0

0101000
+672 0 -671 0 *
Ve
1e-07
83.61808 -15.169001 0
0 0

0101101
*
Ed
 1e-07 1 1 0
1  256 0 0 15.9403009377751
2  187 32 0 0 15.9403009377751
2  188 33 0 0 15.9403009377751
0

0101000
+671 0 -669 0 *
Ve
1e-07
88.458069 -20.559992 0
0 0

0101101
*
Ed
 1e-07 1 1 0
1  257 0 0 7.24487939735382
2  189 32 0 0 7.24487939735382
2  190 33 0 0 7.24487939735382
0

0101000
+669 0 -667 0 *
Ve
1e-07
94.176979 -24.285051 0
0 0

0101101
*
Ed
 1e-07 1 1 0
1  258 0 0 6.82510044919348
2  191 32 0 0 6.82510044919348
2  192 33 0 0 6.82510044919348
0

0101000
+667 0 -665 0 *
Ve
1e-07
94.382317 -23.460939 0
0 0

0101101
*
Ed
 1e-07 1 1 0
1  259 0 0 0.849308120053022
2  193 32 0 0 0.849308120053022
2  194 33 0 0 0.849308120053022
0

0101000
+665 0 -663 0 *
Ve
1e-07
84.142853 -14.656485 0
0 0

0101101
*
Ed
 1e-07 1 1 0
1  260 0 0 13.5042598184948
2  195 32 0 0 13.5042598184948
2  196 33 0 0 13.5042598184948
0

0101000
+663 0 -661 0 *
Ed
 1e-07 1 1 0
1  261 0 0 15.4148711621105
2  197 32 0 0 15.4148711621105
2  198 33 0 0 15.4148711621105
0

0101000
+661 0 -672 0 *
Wi

0101100
+670 0 +668 0 +666 0 +664 0 +662 0 +660 0 +659 0 *
Ve
1e-07
121.780754 -15.208467 0
0 0

0101101
*
Ve
1e-07
128.027939 -0.492197 0
0 0

0101101
*
Ed
 1e-07 1 1 0
1  262 0 0 15.9873676112462
2  199 34 0 0 15.9873676112462
2  200 35 0 0 15.9873676112462
0

0101000
+657 0 -656 0 *
Ve
1e-07
127.365509 -0.492197 0
0 0

0101101
*
Ed
 1e-07 1 1 0
1  263 0 0 0.662430000000001
2  201 34 0 0 0.662430000000001
2  202 35 0 0 0.662430000000001
0

0101000
+656 0 -654 0 *
Ve
1e-07
121.256538 -14.694866 0
0 0

0101101
*
Ed
 1e-07 1 1 0
1  264 0 0 15.4607675554095
2  203 34 0 0 15.4607675554095
2  204 35 0 0 15.4607675554095
0

0101000
+654 0 -652 0 *
Ve
1e-07
116.535698 -19.903376 0
0 0

0101101
*
Ed
 1e-07 1 1 0
1  265 0 0 7.02957372290099
2  205 34 0 0 7.02957372290099
2  206 35 0 0 7.02957372290099
0

0101000
+652 0 -650 0 *
Ve
1e-07
110.968201 -23.496059 0
0 0

0101101
*
Ed
 1e-07 1 1 0
1  266 0 0 6.62603908707895
2  207 34 0 0 6.62603908707895
2  208 35 0 0 6.62603908707895
0

0101000
+650 0 -648 0 *
Ve
1e-07
111.171669 -24.321039 0
0 0

0101101
*
Ed
 1e-07 1 1 0
1  267 0 0 0.849700669308905
2  209 34 0 0 0.849700669308905
2  210 35 0 0 0.849700669308905
0

0101000
+648 0 -646 0 *
Ve
1e-07
116.917534 -20.604406 0
0 0

0101101
*
Ed
 1e-07 1 1 0
1  268 0 0 6.84312249305199
2  211 34 0 0 6.84312249305199
2  212 35 0 0 6.84312249305199
0

0101000
+646 0 -644 0 *
Ed
 1e-07 1 1 0
1  269 0 0 7.26409433171961
2  213 34 0 0 7.26409433171961
2  214 35 0 0 7.26409433171961
0

0101000
+644 0 -657 0 *
Wi

0101100
+655 0 +653 0 +651 0 +649 0 +647 0 +645 0 +643 0 +642 0 *
Ve
1e-07
66.231071 58.255051 0
0 0

0101101
*
Ve
1e-07
67.025116 58.257153 0
0 0

0101101
*
Ed
 1e-07 1 1 0
1  270 0 0 0.794047782207718
2  215 36 0 0 0.794047782207718
2  216 37 0 0 0.794047782207718
2  217 38 0 0 0.794047782207718
0

0101000
+640 0 -639 0 *
Ve
1e-07
67.025589 60.735573 0
0 0

0101101
*
Ed
 1e-07 1 1 0
1  271 0 0 2.47842004513541
2  218 36 0 0 2.47842004513541
2  219 37 0 0 2.47842004513541
2  220 38 0 0 2.47842004513541
0

0101000
+639 0 -637 0 *
Ve
1e-07
77.288391 60.735573 0
0 0

0101101
*
Ed
 1e-07 1 1 0
1  272 0 0 10.262802
2  221 36 0 0 10.262802
2  222 37 0 0 10.262802
2  223 38 0 0 10.262802
0

0101000
+637 0 -635 0 *
Ve
1e-07
77.288391 58.25248 0
0 0

0101101
*
Ed
 1e-07 1 1 0
1  273 0 0 2.483093
2  224 36 0 0 2.483093
2  225 37 0 0 2.483093
2  226 38 0 0 2.483093
0

0101000
+635 0 -633 0 *
Ve
1e-07
78.840027 58.25248 0
0 0

0101101
*
Ed
 1e-07 1 1 0
1  274 0 0 1.551636
2  227 36 0 0 1.551636
2  228 37 0 0 1.551636
2  229 38 0 0 1.551636
0

0101000
+633 0 -631 0 *
Ve
1e-07
78.8405 60.735573 0
0 0

0101101
*
Ed
 1e-07 1 1 0
1  275 0 0 2.48309304505047
2  230 36 0 0 2.48309304505047
2  231 37 0 0 2.48309304505047
2  232 38 0 0 2.48309304505047
0

0101000
+631 0 -629 0 *
Ve
1e-07
81.341354 60.735573 0
0 0

0101101
*
Ed
 1e-07 1 1 0
1  276 0 0 2.50085399999999
2  233 36 0 0 2.50085399999999
2  234 37 0 0 2.50085399999999
2  235 38 0 0 2.50085399999999
0

0101000
+629 0 -627 0 *
Ve
1e-07
81.341354 62.490051 0
0 0

0101101
*
Ed
 1e-07 1 1 0
1  277 0 0 1.754478
2  236 36 0 0 1.754478
2  237 37 0 0 1.754478
2  238 38 0 0 1.754478
0

0101000
+627 0 -625 0 *
Ve
1e-07
78.840027 62.490517 0
0 0

0101101
*
Ed
 1e-07 1 1 0
1  278 0 0 2.50132704340815
2  239 36 0 0 2.50132704340815
2  240 37 0 0 2.50132704340815
2  241 38 0 0 2.50132704340815
0

0101000
+625 0 -623 0 *
Ve
1e-07
77.288857 62.490051 0
0 0

0101101
*
Ed
 1e-07 1 1 0
1  279 0 0 1.5511700699975
2  242 36 0 0 1.5511700699975
2  243 37 0 0 1.5511700699975
2  244 38 0 0 1.5511700699975
0

0101000
+623 0 -621 0 *
Ve
1e-07
74.800621 62.490517 0
0 0

0101101
*
Ed
 1e-07 1 1 0
1  280 0 0 2.48823604363652
2  245 36 0 0 2.48823604363652
2  246 37 0 0 2.48823604363652
2  247 38 0 0 2.48823604363652
0

0101000
+621 0 -619 0 *
Ve
1e-07
69.526436 62.490051 0
0 0

0101101
*
Ed
 1e-07 1 1 0
1  281 0 0 5.27418502058669
2  248 36 0 0 5.27418502058669
2  249 37 0 0 5.27418502058669
2  250 38 0 0 5.27418502058669
0

0101000
+619 0 -617 0 *
Ve
1e-07
67.025116 62.490517 0
0 0

0101101
*
Ed
 1e-07 1 1 0
1  282 0 0 2.50132004340829
2  251 36 0 0 2.50132004340829
2  252 37 0 0 2.50132004340829
2  253 38 0 0 2.50132004340829
0

0101000
+617 0 -615 0 *
Ve
1e-07
67.025116 69.025642 0
0 0

0101101
*
Ed
 1e-07 1 1 0
1  283 0 0 6.53512500000001
2  254 36 0 0 6.53512500000001
2  255 37 0 0 6.53512500000001
2  256 38 0 0 6.53512500000001
0

0101000
+615 0 -613 0 *
Ve
1e-07
67.025589 72.789307 0
0 0

0101101
*
Ed
 1e-07 1 1 0
1  284 0 0 3.76366502972221
2  257 36 0 0 3.76366502972221
2  258 37 0 0 3.76366502972221
2  259 38 0 0 3.76366502972221
0

0101000
+613 0 -611 0 *
Ve
1e-07
69.524101 72.789307 0
0 0

0101101
*
Ed
 1e-07 1 1 0
1  285 0 0 2.49851200000001
2  260 36 0 0 2.49851200000001
2  261 37 0 0 2.49851200000001
2  262 38 0 0 2.49851200000001
0

0101000
+611 0 -609 0 *
Ve
1e-07
69.526436 73.670753 0
0 0

0101101
*
Ed
 1e-07 1 1 0
1  286 0 0 0.88144909276771
2  263 36 0 0 0.88144909276771
2  264 37 0 0 0.88144909276771
2  265 38 0 0 0.88144909276771
0

0101000
+609 0 -607 0 *
Ve
1e-07
69.526436 74.552208 0
0 0

0101101
*
Ed
 1e-07 1 1 0
1  287 0 0 0.881454999999988
2  266 36 0 0 0.881454999999988
2  267 37 0 0 0.881454999999988
2  268 38 0 0 0.881454999999988
0

0101000
+607 0 -605 0 *
Ve
1e-07
67.025116 74.552223 0
0 0

0101101
*
Ed
 1e-07 1 1 0
1  288 0 0 2.50132000004498
2  269 36 0 0 2.50132000004498
2  270 37 0 0 2.50132000004498
2  271 38 0 0 2.50132000004498
0

0101000
+605 0 -603 0 *
Ve
1e-07
69.526436 74.555 0
0 0

0101101
*
Ed
 1e-07 1 1 0
1  289 0 0 2.5013215415314
2  272 36 0 0 2.5013215415314
2  273 37 0 0 2.5013215415314
2  274 38 0 0 2.5013215415314
0

0101000
+603 0 -601 0 *
Ve
1e-07
67.025116 74.555 0
0 0

0101101
*
Ed
 1e-07 1 1 0
1  290 0 0 2.50132000000001
2  275 36 0 0 2.50132000000001
2  276 37 0 0 2.50132000000001
2  277 38 0 0 2.50132000000001
0

0101000
+601 0 -599 0 *
Ve
1e-07
62.918877 74.553635 0
0 0

0101101
*
Ed
 1e-07 1 1 0
1  291 0 0 4.10623922687731
2  278 36 0 0 4.10623922687731
2  279 37 0 0 4.10623922687731
2  280 38 0 0 4.10623922687731
0

0101000
+599 0 -597 0 *
Ve
1e-07
62.918877 72.789307 0
0 0

0101101
*
Ed
 1e-07 1 1 0
1  292 0 0 1.76432800000001
2  281 36 0 0 1.76432800000001
2  282 37 0 0 1.76432800000001
2  283 38 0 0 1.76432800000001
0

0101000
+597 0 -595 0 *
Ve
1e-07
65.420197 72.789307 0
0 0

0101101
*
Ed
 1e-07 1 1 0
1  293 0 0 2.50132
2  284 36 0 0 2.50132
2  285 37 0 0 2.50132
2  286 38 0 0 2.50132
0

0101000
+595 0 -593 0 *
Ve
1e-07
65.420197 62.490051 0
0 0

0101101
*
Ed
 1e-07 1 1 0
1  294 0 0 10.299256
2  287 36 0 0 10.299256
2  288 37 0 0 10.299256
2  289 38 0 0 10.299256
0

0101000
+593 0 -591 0 *
Ve
1e-07
62.931961 62.490517 0
0 0

0101101
*
Ed
 1e-07 1 1 0
1  295 0 0 2.48823604363654
2  290 36 0 0 2.48823604363654
2  291 37 0 0 2.48823604363654
2  292 38 0 0 2.48823604363654
0

0101000
+591 0 -589 0 *
Ve
1e-07
62.931961 61.536633 0
0 0

0101101
*
Ed
 1e-07 1 1 0
1  296 0 0 0.953883999999995
2  293 36 0 0 0.953883999999995
2  294 37 0 0 0.953883999999995
2  295 38 0 0 0.953883999999995
0

0101000
+589 0 -587 0 *
Ve
1e-07
62.933365 60.735573 0
0 0

0101101
*
Ed
 1e-07 1 1 0
1  297 0 0 0.801061230378802
2  296 36 0 0 0.801061230378802
2  297 37 0 0 0.801061230378802
2  298 38 0 0 0.801061230378802
0

0101000
+587 0 -585 0 *
Ve
1e-07
65.407112 60.735573 0
0 0

0101101
*
Ed
 1e-07 1 1 0
1  298 0 0 2.473747
2  299 36 0 0 2.473747
2  300 37 0 0 2.473747
2  301 38 0 0 2.473747
0

0101000
+585 0 -583 0 *
Ve
1e-07
65.407112 58.25248 0
0 0

0101101
*
Ed
 1e-07 1 1 0
1  299 0 0 2.483093
2  302 36 0 0 2.483093
2  303 37 0 0 2.483093
2  304 38 0 0 2.483093
0

0101000
+583 0 -581 0 *
Ed
 1e-07 1 1 0
1  300 0 0 0.823963011137031
2  305 36 0 0 0.823963011137031
2  306 37 0 0 0.823963011137031
2  307 38 0 0 0.823963011137031
0

0101000
+581 0 -640 0 *
Wi

0101100
+638 0 +636 0 +634 0 +632 0 +630 0 +628 0 +626 0 +624 0 +622 0 +620 0 
+618 0 +616 0 +614 0 +612 0 +610 0 +608 0 +606 0 +604 0 +602 0 +600 0 
+598 0 +596 0 +594 0 +592 0 +590 0 +588 0 +586 0 +584 0 +582 0 +580 0 
+579 0 *
Ve
1e-07
53.32058 1.04924 0
0 0

0101101
*
Ve
1e-07
51.647038 1.04924 0
0 0

0101101
*
Ed
 1e-07 1 1 0
1  301 0 0 1.673542
2  308 39 0 0 1.673542
2  309 40 0 0 1.673542
0

0101000
+577 0 -576 0 *
Ve
1e-07
51.647038 -4.014691 0
0 0

0101101
*
Ed
 1e-07 1 1 0
1  302 0 0 5.063931
2  310 39 0 0 5.063931
2  311 40 0 0 5.063931
0

0101000
+576 0 -574 0 *
Ve
1e-07
50.567909 -4.014691 0
0 0

0101101
*
Ed
 1e-07 1 1 0
1  303 0 0 1.079129
2  312 39 0 0 1.079129
2  313 40 0 0 1.079129
0

0101000
+574 0 -572 0 *
Ve
1e-07
50.567909 -5.700006 0
0 0

0101101
*
Ed
 1e-07 1 1 0
1  304 0 0 1.685315
2  314 39 0 0 1.685315
2  315 40 0 0 1.685315
0

0101000
+572 0 -570 0 *
Ve
1e-07
51.647038 -5.700006 0
0 0

0101101
*
Ed
 1e-07 1 1 0
1  305 0 0 1.079129
2  316 39 0 0 1.079129
2  317 40 0 0 1.079129
0

0101000
+570 0 -568 0 *
Ve
1e-07
51.647038 -43.211811 0
0 0

0101101
*
Ed
 1e-07 1 1 0
1  306 0 0 37.511805
2  318 39 0 0 37.511805
2  319 40 0 0 37.511805
0

0101000
+568 0 -566 0 *
Ve
1e-07
50.567909 -43.211811 0
0 0

0101101
*
Ed
 1e-07 1 1 0
1  307 0 0 1.079129
2  320 39 0 0 1.079129
2  321 40 0 0 1.079129
0

0101000
+566 0 -564 0 *
Ve
1e-07
50.567909 -44.893379 0
0 0

0101101
*
Ed
 1e-07 1 1 0
1  308 0 0 1.68156800000001
2  322 39 0 0 1.68156800000001
2  323 40 0 0 1.68156800000001
0

0101000
+564 0 -562 0 *
Ve
1e-07
56.628181 -44.893379 0
0 0

0101101
*
Ed
 1e-07 1 1 0
1  309 0 0 6.060272
2  324 39 0 0 6.060272
2  325 40 0 0 6.060272
0

0101000
+562 0 -560 0 *
Ve
1e-07
56.628181 -43.211811 0
0 0

0101101
*
Ed
 1e-07 1 1 0
1  310 0 0 1.68156800000001
2  326 39 0 0 1.68156800000001
2  327 40 0 0 1.68156800000001
0

0101000
+560 0 -558 0 *
Ve
1e-07
53.31739 -43.211811 0
0 0

0101101
*
Ed
 1e-07 1 1 0
1  311 0 0 3.31079099999999
2  328 39 0 0 3.31079099999999
2  329 40 0 0 3.31079099999999
0

0101000
+558 0 -556 0 *
Ve
1e-07
53.323772 -5.700006 0
0 0

0101101
*
Ed
 1e-07 1 1 0
1  312 0 0 37.5118055428947
2  330 39 0 0 37.5118055428947
2  331 40 0 0 37.5118055428947
0

0101000
+556 0 -554 0 *
Ve
1e-07
54.402901 -5.700006 0
0 0

0101101
*
Ed
 1e-07 1 1 0
1  313 0 0 1.079129
2  332 39 0 0 1.079129
2  333 40 0 0 1.079129
0

0101000
+554 0 -552 0 *
Ve
1e-07
54.402901 -4.014691 0
0 0

0101101
*
Ed
 1e-07 1 1 0
1  314 0 0 1.685315
2  334 39 0 0 1.685315
2  335 40 0 0 1.685315
0

0101000
+552 0 -550 0 *
Ve
1e-07
53.323772 -4.014691 0
0 0

0101101
*
Ed
 1e-07 1 1 0
1  315 0 0 1.079129
2  336 39 0 0 1.079129
2  337 40 0 0 1.079129
0

0101000
+550 0 -548 0 *
Ed
 1e-07 1 1 0
1  316 0 0 5.06393200602309
2  338 39 0 0 5.06393200602309
2  339 40 0 0 5.06393200602309
0

0101000
+548 0 -577 0 *
Wi

0101100
+575 0 +573 0 +571 0 +569 0 +567 0 +565 0 +563 0 +561 0 +559 0 +557 0 
+555 0 +553 0 +551 0 +549 0 +547 0 +546 0 *
Ve
1e-07
69.526436 50.436317 0
0 0

0101101
*
Ve
1e-07
67.025116 50.436787 0
0 0

0101101
*
Ed
 1e-07 1 1 0
1  317 0 0 2.50132004415669
2  340 41 0 0 2.50132004415669
2  341 42 0 0 2.50132004415669
0

0101000
+544 0 -543 0 *
Ve
1e-07
67.025116 52.89838 0
0 0

0101101
*
Ed
 1e-07 1 1 0
1  318 0 0 2.461593
2  342 41 0 0 2.461593
2  343 42 0 0 2.461593
0

0101000
+543 0 -541 0 *
Ve
1e-07
66.205368 52.898388 0
0 0

0101101
*
Ed
 1e-07 1 1 0
1  319 0 0 0.819748000039026
2  344 41 0 0 0.819748000039026
2  345 42 0 0 0.819748000039026
0

0101000
+541 0 -539 0 *
Ve
1e-07
65.407112 52.898849 0
0 0

0101101
*
Ed
 1e-07 1 1 0
1  320 0 0 0.798256133115816
2  346 41 0 0 0.798256133115816
2  347 42 0 0 0.798256133115816
0

0101000
+539 0 -537 0 *
Ve
1e-07
65.407112 50.436317 0
0 0

0101101
*
Ed
 1e-07 1 1 0
1  321 0 0 2.462532
2  348 41 0 0 2.462532
2  349 42 0 0 2.462532
0

0101000
+537 0 -535 0 *
Ve
1e-07
61.041481 50.436787 0
0 0

0101101
*
Ed
 1e-07 1 1 0
1  322 0 0 4.36563102529989
2  350 41 0 0 4.36563102529989
2  351 42 0 0 4.36563102529989
0

0101000
+535 0 -533 0 *
Ve
1e-07
61.041481 48.6982 0
0 0

0101101
*
Ed
 1e-07 1 1 0
1  323 0 0 1.738587
2  352 41 0 0 1.738587
2  353 42 0 0 1.738587
0

0101000
+533 0 -531 0 *
Ve
1e-07
65.269707 48.6982 0
0 0

0101101
*
Ed
 1e-07 1 1 0
1  324 0 0 4.228226
2  354 41 0 0 4.228226
2  355 42 0 0 4.228226
0

0101000
+531 0 -529 0 *
Ve
1e-07
65.269707 13.02079 0
0 0

0101101
*
Ed
 1e-07 1 1 0
1  325 0 0 35.67741
2  356 41 0 0 35.67741
2  357 42 0 0 35.67741
0

0101000
+529 0 -527 0 *
Ve
1e-07
64.190575 13.02079 0
0 0

0101101
*
Ed
 1e-07 1 1 0
1  326 0 0 1.079132
2  358 41 0 0 1.079132
2  359 42 0 0 1.079132
0

0101000
+527 0 -525 0 *
Ve
1e-07
64.190575 11.335475 0
0 0

0101101
*
Ed
 1e-07 1 1 0
1  327 0 0 1.685315
2  360 41 0 0 1.685315
2  361 42 0 0 1.685315
0

0101000
+525 0 -523 0 *
Ve
1e-07
65.269707 11.335475 0
0 0

0101101
*
Ed
 1e-07 1 1 0
1  328 0 0 1.079132
2  362 41 0 0 1.079132
2  363 42 0 0 1.079132
0

0101000
+523 0 -521 0 *
Ve
1e-07
65.269707 6.267805 0
0 0

0101101
*
Ed
 1e-07 1 1 0
1  329 0 0 5.06767
2  364 41 0 0 5.06767
2  365 42 0 0 5.06767
0

0101000
+521 0 -519 0 *
Ve
1e-07
66.962021 6.264066 0
0 0

0101101
*
Ed
 1e-07 1 1 0
1  330 0 0 1.69231813046986
2  366 41 0 0 1.69231813046986
2  367 42 0 0 1.69231813046986
0

0101000
+519 0 -517 0 *
Ve
1e-07
66.962021 48.6982 0
0 0

0101101
*
Ed
 1e-07 1 1 0
1  331 0 0 42.434134
2  368 41 0 0 42.434134
2  369 42 0 0 42.434134
0

0101000
+517 0 -515 0 *
Ve
1e-07
69.526436 48.6982 0
0 0

0101101
*
Ed
 1e-07 1 1 0
1  332 0 0 2.56441500000001
2  370 41 0 0 2.56441500000001
2  371 42 0 0 2.56441500000001
0

0101000
+515 0 -513 0 *
Ed
 1e-07 1 1 0
1  333 0 0 1.738117
2  372 41 0 0 1.738117
2  373 42 0 0 1.738117
0

0101000
+513 0 -544 0 *
Wi

0101100
+542 0 +540 0 +538 0 +536 0 +534 0 +532 0 +530 0 +528 0 +526 0 +524 0 
+522 0 +520 0 +518 0 +516 0 +514 0 +512 0 +511 0 *
Ve
1e-07
26.116688 50.808517 0
0 0

0101101
*
Ve
1e-07
24.495626 50.808517 0
0 0

0101101
*
Ed
 1e-07 1 1 0
1  334 0 0 1.621062
2  374 43 0 0 1.621062
2  375 44 0 0 1.621062
0

0101000
+509 0 -508 0 *
Ve
1e-07
24.495626 41.795609 0
0 0

0101101
*
Ed
 1e-07 1 1 0
1  335 0 0 9.012908
2  376 43 0 0 9.012908
2  377 44 0 0 9.012908
0

0101000
+508 0 -506 0 *
Ve
1e-07
21.103123 41.794502 0
0 0

0101101
*
Ed
 1e-07 1 1 0
1  336 0 0 3.39250318061133
2  378 43 0 0 3.39250318061133
2  379 44 0 0 3.39250318061133
0

0101000
+506 0 -504 0 *
Ve
1e-07
21.103123 40.25132 0
0 0

0101101
*
Ed
 1e-07 1 1 0
1  337 0 0 1.543182
2  380 43 0 0 1.543182
2  381 44 0 0 1.543182
0

0101000
+504 0 -502 0 *
Ve
1e-07
24.50308 40.25132 0
0 0

0101101
*
Ed
 1e-07 1 1 0
1  338 0 0 3.399957
2  382 43 0 0 3.399957
2  383 44 0 0 3.399957
0

0101000
+502 0 -500 0 *
Ve
1e-07
24.50308 26.547043 0
0 0

0101101
*
Ed
 1e-07 1 1 0
1  339 0 0 13.704277
2  384 43 0 0 13.704277
2  385 44 0 0 13.704277
0

0101000
+500 0 -498 0 *
Ve
1e-07
21.103123 26.547043 0
0 0

0101101
*
Ed
 1e-07 1 1 0
1  340 0 0 3.399957
2  386 43 0 0 3.399957
2  387 44 0 0 3.399957
0

0101000
+498 0 -496 0 *
Ve
1e-07
21.103123 24.894997 0
0 0

0101101
*
Ed
 1e-07 1 1 0
1  341 0 0 1.652046
2  388 43 0 0 1.652046
2  389 44 0 0 1.652046
0

0101000
+496 0 -494 0 *
Ve
1e-07
24.50308 24.894997 0
0 0

0101101
*
Ed
 1e-07 1 1 0
1  342 0 0 3.399957
2  390 43 0 0 3.399957
2  391 44 0 0 3.399957
0

0101000
+494 0 -492 0 *
Ve
1e-07
24.50308 6.264533 0
0 0

0101101
*
Ed
 1e-07 1 1 0
1  343 0 0 18.630464
2  392 43 0 0 18.630464
2  393 44 0 0 18.630464
0

0101000
+492 0 -490 0 *
Ve
1e-07
26.116688 6.264533 0
0 0

0101101
*
Ed
 1e-07 1 1 0
1  344 0 0 1.613608
2  394 43 0 0 1.613608
2  395 44 0 0 1.613608
0

0101000
+490 0 -488 0 *
Ve
1e-07
26.116688 11.286805 0
0 0

0101101
*
Ed
 1e-07 1 1 0
1  345 0 0 5.022272
2  396 43 0 0 5.022272
2  397 44 0 0 5.022272
0

0101000
+488 0 -486 0 *
Ve
1e-07
31.407694 11.286805 0
0 0

0101101
*
Ed
 1e-07 1 1 0
1  346 0 0 5.291006
2  398 43 0 0 5.291006
2  399 44 0 0 5.291006
0

0101000
+486 0 -484 0 *
Ve
1e-07
31.407227 12.114036 0
0 0

0101101
*
Ed
 1e-07 1 1 0
1  347 0 0 0.827231131818672
2  400 43 0 0 0.827231131818672
2  401 44 0 0 0.827231131818672
0

0101000
+484 0 -482 0 *
Ve
1e-07
31.407694 12.990339 0
0 0

0101101
*
Ed
 1e-07 1 1 0
1  348 0 0 0.876303124436972
2  402 43 0 0 0.876303124436972
2  403 44 0 0 0.876303124436972
0

0101000
+482 0 -480 0 *
Ve
1e-07
26.116688 12.990339 0
0 0

0101101
*
Ed
 1e-07 1 1 0
1  349 0 0 5.291006
2  404 43 0 0 5.291006
2  405 44 0 0 5.291006
0

0101000
+480 0 -478 0 *
Ve
1e-07
26.116688 24.916483 0
0 0

0101101
*
Ed
 1e-07 1 1 0
1  350 0 0 11.926144
2  406 43 0 0 11.926144
2  407 44 0 0 11.926144
0

0101000
+478 0 -476 0 *
Ve
1e-07
31.397879 24.91695 0
0 0

0101101
*
Ed
 1e-07 1 1 0
1  351 0 0 5.28119102064771
2  408 43 0 0 5.28119102064771
2  409 44 0 0 5.28119102064771
0

0101000
+476 0 -474 0 *
Ve
1e-07
31.397879 26.560816 0
0 0

0101101
*
Ed
 1e-07 1 1 0
1  352 0 0 1.643866
2  410 43 0 0 1.643866
2  411 44 0 0 1.643866
0

0101000
+474 0 -472 0 *
Ve
1e-07
26.116688 26.560816 0
0 0

0101101
*
Ed
 1e-07 1 1 0
1  353 0 0 5.281191
2  412 43 0 0 5.281191
2  413 44 0 0 5.281191
0

0101000
+472 0 -470 0 *
Ed
 1e-07 1 1 0
1  354 0 0 24.247701
2  414 43 0 0 24.247701
2  415 44 0 0 24.247701
0

0101000
+470 0 -509 0 *
Wi

0101100
+507 0 +505 0 +503 0 +501 0 +499 0 +497 0 +495 0 +493 0 +491 0 +489 0 
+487 0 +485 0 +483 0 +481 0 +479 0 +477 0 +475 0 +473 0 +471 0 +469 0 
+468 0 *
Ve
1e-07
34.663929 -37.932957 0
0 0

0101101
*
Ve
1e-07
34.663929 -31.218151 0
0 0

0101101
*
Ed
 1e-07 1 1 0
1  355 0 0 6.714806
2  416 45 0 0 6.714806
2  417 46 0 0 6.714806
0

0101000
+466 0 -465 0 *
Ve
1e-07
41.413448 -31.218151 0
0 0

0101101
*
Ed
 1e-07 1 1 0
1  356 0 0 6.749519
2  418 45 0 0 6.749519
2  419 46 0 0 6.749519
0

0101000
+465 0 -463 0 *
Ve
1e-07
41.413448 -37.932957 0
0 0

0101101
*
Ed
 1e-07 1 1 0
1  357 0 0 6.714806
2  420 45 0 0 6.714806
2  421 46 0 0 6.714806
0

0101000
+463 0 -461 0 *
Ve
1e-07
43.074917 -37.932957 0
0 0

0101101
*
Ed
 1e-07 1 1 0
1  358 0 0 1.661469
2  422 45 0 0 1.661469
2  423 46 0 0 1.661469
0

0101000
+461 0 -459 0 *
Ve
1e-07
43.074917 -5.700006 0
0 0

0101101
*
Ed
 1e-07 1 1 0
1  359 0 0 32.232951
2  424 45 0 0 32.232951
2  425 46 0 0 32.232951
0

0101000
+459 0 -457 0 *
Ve
1e-07
44.154049 -5.700006 0
0 0

0101101
*
Ed
 1e-07 1 1 0
1  360 0 0 1.079132
2  426 45 0 0 1.079132
2  427 46 0 0 1.079132
0

0101000
+457 0 -455 0 *
Ve
1e-07
44.154049 -4.014691 0
0 0

0101101
*
Ed
 1e-07 1 1 0
1  361 0 0 1.685315
2  428 45 0 0 1.685315
2  429 46 0 0 1.685315
0

0101000
+455 0 -453 0 *
Ve
1e-07
43.074917 -4.014691 0
0 0

0101101
*
Ed
 1e-07 1 1 0
1  362 0 0 1.079132
2  430 45 0 0 1.079132
2  431 46 0 0 1.079132
0

0101000
+453 0 -451 0 *
Ve
1e-07
43.074917 1.046904 0
0 0

0101101
*
Ed
 1e-07 1 1 0
1  363 0 0 5.061595
2  432 45 0 0 5.061595
2  433 46 0 0 5.061595
0

0101000
+451 0 -449 0 *
Ve
1e-07
41.413448 1.046904 0
0 0

0101101
*
Ed
 1e-07 1 1 0
1  364 0 0 1.661469
2  434 45 0 0 1.661469
2  435 46 0 0 1.661469
0

0101000
+449 0 -447 0 *
Ve
1e-07
41.413448 -4.035191 0
0 0

0101101
*
Ed
 1e-07 1 1 0
1  365 0 0 5.082095
2  436 45 0 0 5.082095
2  437 46 0 0 5.082095
0

0101000
+447 0 -445 0 *
Ve
1e-07
36.193947 -4.035191 0
0 0

0101101
*
Ed
 1e-07 1 1 0
1  366 0 0 5.219501
2  438 45 0 0 5.219501
2  439 46 0 0 5.219501
0

0101000
+445 0 -443 0 *
Ve
1e-07
36.193947 -5.700006 0
0 0

0101101
*
Ed
 1e-07 1 1 0
1  367 0 0 1.664815
2  440 45 0 0 1.664815
2  441 46 0 0 1.664815
0

0101000
+443 0 -441 0 *
Ve
1e-07
41.413448 -5.700006 0
0 0

0101101
*
Ed
 1e-07 1 1 0
1  368 0 0 5.219501
2  442 45 0 0 5.219501
2  443 46 0 0 5.219501
0

0101000
+441 0 -439 0 *
Ve
1e-07
41.413448 -29.640808 0
0 0

0101101
*
Ed
 1e-07 1 1 0
1  369 0 0 23.940802
2  444 45 0 0 23.940802
2  445 46 0 0 23.940802
0

0101000
+439 0 -437 0 *
Ve
1e-07
34.663929 -29.640808 0
0 0

0101101
*
Ed
 1e-07 1 1 0
1  370 0 0 6.749519
2  446 45 0 0 6.749519
2  447 46 0 0 6.749519
0

0101000
+437 0 -435 0 *
Ve
1e-07
34.663929 -26.313707 0
0 0

0101101
*
Ed
 1e-07 1 1 0
1  371 0 0 3.327101
2  448 45 0 0 3.327101
2  449 46 0 0 3.327101
0

0101000
+435 0 -433 0 *
Ve
1e-07
32.9119 -26.313707 0
0 0

0101101
*
Ed
 1e-07 1 1 0
1  372 0 0 1.752029
2  450 45 0 0 1.752029
2  451 46 0 0 1.752029
0

0101000
+433 0 -431 0 *
Ve
1e-07
32.9119 -37.932957 0
0 0

0101101
*
Ed
 1e-07 1 1 0
1  373 0 0 11.61925
2  452 45 0 0 11.61925
2  453 46 0 0 11.61925
0

0101000
+431 0 -429 0 *
Ed
 1e-07 1 1 0
1  374 0 0 1.752029
2  454 45 0 0 1.752029
2  455 46 0 0 1.752029
0

0101000
+429 0 -466 0 *
Wi

0101100
+464 0 +462 0 +460 0 +458 0 +456 0 +454 0 +452 0 +450 0 +448 0 +446 0 
+444 0 +442 0 +440 0 +438 0 +436 0 +434 0 +432 0 +430 0 +428 0 +427 0 
*
Ve
1e-07
138.451584 1.04924 0
0 0

0101101
*
Ve
1e-07
138.451584 -43.217419 0
0 0

0101101
*
Ed
 1e-07 1 1 0
1  375 0 0 44.266659
2  456 47 0 0 44.266659
2  457 48 0 0 44.266659
0

0101000
+425 0 -424 0 *
Ve
1e-07
119.811783 -43.211342 0
0 0

0101101
*
Ed
 1e-07 1 1 0
1  376 0 0 18.6398019906202
2  458 47 0 0 18.6398019906202
2  459 48 0 0 18.6398019906202
0

0101000
+424 0 -422 0 *
Ve
1e-07
119.812256 -36.469177 0
0 0

0101101
*
Ed
 1e-07 1 1 0
1  377 0 0 6.74216501659178
2  460 47 0 0 6.74216501659178
2  461 48 0 0 6.74216501659178
0

0101000
+422 0 -420 0 *
Ve
1e-07
111.217468 -36.469177 0
0 0

0101101
*
Ed
 1e-07 1 1 0
1  378 0 0 8.59478800000001
2  462 47 0 0 8.59478800000001
2  463 48 0 0 8.59478800000001
0

0101000
+420 0 -418 0 *
Ve
1e-07
111.217468 -38.150749 0
0 0

0101101
*
Ed
 1e-07 1 1 0
1  379 0 0 1.681572
2  464 47 0 0 1.681572
2  465 48 0 0 1.681572
0

0101000
+418 0 -416 0 *
Ve
1e-07
118.081612 -38.148411 0
0 0

0101101
*
Ed
 1e-07 1 1 0
1  380 0 0 6.86414439817375
2  466 47 0 0 6.86414439817375
2  467 48 0 0 6.86414439817375
0

0101000
+416 0 -414 0 *
Ve
1e-07
118.081612 -43.211811 0
0 0

0101101
*
Ed
 1e-07 1 1 0
1  381 0 0 5.06339999999999
2  468 47 0 0 5.06339999999999
2  469 48 0 0 5.06339999999999
0

0101000
+414 0 -412 0 *
Ve
1e-07
111.221672 -43.211811 0
0 0

0101101
*
Ed
 1e-07 1 1 0
1  382 0 0 6.85994000000001
2  470 47 0 0 6.85994000000001
2  471 48 0 0 6.85994000000001
0

0101000
+412 0 -410 0 *
Ve
1e-07
111.221672 -44.888237 0
0 0

0101101
*
Ed
 1e-07 1 1 0
1  383 0 0 1.676426
2  472 47 0 0 1.676426
2  473 48 0 0 1.676426
0

0101000
+410 0 -408 0 *
Ve
1e-07
112.925209 -44.888237 0
0 0

0101101
*
Ed
 1e-07 1 1 0
1  384 0 0 1.703537
2  474 47 0 0 1.703537
2  475 48 0 0 1.703537
0

0101000
+408 0 -406 0 *
Ve
1e-07
112.925209 -49.988091 0
0 0

0101101
*
Ed
 1e-07 1 1 0
1  385 0 0 5.099854
2  476 47 0 0 5.099854
2  477 48 0 0 5.099854
0

0101000
+406 0 -404 0 *
Ve
1e-07
113.792168 -49.988091 0
0 0

0101101
*
Ed
 1e-07 1 1 0
1  386 0 0 0.866959000000008
2  478 47 0 0 0.866959000000008
2  479 48 0 0 0.866959000000008
0

0101000
+404 0 -402 0 *
Ve
1e-07
114.6437 -49.990429 0
0 0

0101101
*
Ed
 1e-07 1 1 0
1  387 0 0 0.851535209646663
2  480 47 0 0 0.851535209646663
2  481 48 0 0 0.851535209646663
0

0101000
+402 0 -400 0 *
Ve
1e-07
114.6437 -44.889172 0
0 0

0101101
*
Ed
 1e-07 1 1 0
1  388 0 0 5.101257
2  482 47 0 0 5.101257
2  483 48 0 0 5.101257
0

0101000
+400 0 -398 0 *
Ve
1e-07
133.335846 -44.889172 0
0 0

0101101
*
Ed
 1e-07 1 1 0
1  389 0 0 18.692146
2  484 47 0 0 18.692146
2  485 48 0 0 18.692146
0

0101000
+398 0 -396 0 *
Ve
1e-07
133.335846 -49.990429 0
0 0

0101101
*
Ed
 1e-07 1 1 0
1  390 0 0 5.101257
2  486 47 0 0 5.101257
2  487 48 0 0 5.101257
0

0101000
+396 0 -394 0 *
Ve
1e-07
134.136902 -49.980614 0
0 0

0101101
*
Ed
 1e-07 1 1 0
1  391 0 0 0.801116127263071
2  488 47 0 0 0.801116127263071
2  489 48 0 0 0.801116127263071
0

0101000
+394 0 -392 0 *
Ve
1e-07
135.012268 -49.980614 0
0 0

0101101
*
Ed
 1e-07 1 1 0
1  392 0 0 0.875366000000014
2  490 47 0 0 0.875366000000014
2  491 48 0 0 0.875366000000014
0

0101000
+392 0 -390 0 *
Ve
1e-07
135.012268 -45.07238 0
0 0

0101101
*
Ed
 1e-07 1 1 0
1  393 0 0 4.908234
2  492 47 0 0 4.908234
2  493 48 0 0 4.908234
0

0101000
+390 0 -388 0 *
Ve
1e-07
140.142029 -45.07238 0
0 0

0101101
*
Ed
 1e-07 1 1 0
1  394 0 0 5.129761
2  494 47 0 0 5.129761
2  495 48 0 0 5.129761
0

0101000
+388 0 -386 0 *
Ve
1e-07
140.142029 -41.490047 0
0 0

0101101
*
Ed
 1e-07 1 1 0
1  395 0 0 3.58233300000001
2  496 47 0 0 3.58233300000001
2  497 48 0 0 3.58233300000001
0

0101000
+386 0 -384 0 *
Ve
1e-07
143.57341 -41.490047 0
0 0

0101101
*
Ed
 1e-07 1 1 0
1  396 0 0 3.43138099999999
2  498 47 0 0 3.43138099999999
2  499 48 0 0 3.43138099999999
0

0101000
+384 0 -382 0 *
Ve
1e-07
143.57341 -40.258083 0
0 0

0101101
*
Ed
 1e-07 1 1 0
1  397 0 0 1.231964
2  500 47 0 0 1.231964
2  501 48 0 0 1.231964
0

0101000
+382 0 -380 0 *
Ve
1e-07
140.142029 -40.258083 0
0 0

0101101
*
Ed
 1e-07 1 1 0
1  398 0 0 3.43138099999999
2  502 47 0 0 3.43138099999999
2  503 48 0 0 3.43138099999999
0

0101000
+380 0 -378 0 *
Ve
1e-07
140.142029 -5.700006 0
0 0

0101101
*
Ed
 1e-07 1 1 0
1  399 0 0 34.558077
2  504 47 0 0 34.558077
2  505 48 0 0 34.558077
0

0101000
+378 0 -376 0 *
Ve
1e-07
141.221161 -5.700006 0
0 0

0101101
*
Ed
 1e-07 1 1 0
1  400 0 0 1.07913199999999
2  506 47 0 0 1.07913199999999
2  507 48 0 0 1.07913199999999
0

0101000
+376 0 -374 0 *
Ve
1e-07
141.221161 -4.014691 0
0 0

0101101
*
Ed
 1e-07 1 1 0
1  401 0 0 1.685315
2  508 47 0 0 1.685315
2  509 48 0 0 1.685315
0

0101000
+374 0 -372 0 *
Ve
1e-07
140.142029 -4.014691 0
0 0

0101101
*
Ed
 1e-07 1 1 0
1  402 0 0 1.07913199999999
2  510 47 0 0 1.07913199999999
2  511 48 0 0 1.07913199999999
0

0101000
+372 0 -370 0 *
Ve
1e-07
140.142029 1.04924 0
0 0

0101101
*
Ed
 1e-07 1 1 0
1  403 0 0 5.063931
2  512 47 0 0 5.063931
2  513 48 0 0 5.063931
0

0101000
+370 0 -368 0 *
Ed
 1e-07 1 1 0
1  404 0 0 1.69044500000001
2  514 47 0 0 1.69044500000001
2  515 48 0 0 1.69044500000001
0

0101000
+368 0 -425 0 *
Wi

0101100
+423 0 +421 0 +419 0 +417 0 +415 0 +413 0 +411 0 +409 0 +407 0 +405 0 
+403 0 +401 0 +399 0 +397 0 +395 0 +393 0 +391 0 +389 0 +387 0 +385 0 
+383 0 +381 0 +379 0 +377 0 +375 0 +373 0 +371 0 +369 0 +367 0 +366 0 
*
Ve
1e-07
144.370255 60.735573 0
0 0

0101101
*
Ve
1e-07
144.370255 62.124756 0
0 0

0101101
*
Ed
 1e-07 1 1 0
1  405 0 0 1.389183
2  516 49 0 0 1.389183
2  517 50 0 0 1.389183
0

0101000
+364 0 -363 0 *
Ve
1e-07
140.147217 62.124756 0
0 0

0101101
*
Ed
 1e-07 1 1 0
1  406 0 0 4.22303799999997
2  518 49 0 0 4.22303799999997
2  519 50 0 0 4.22303799999997
0

0101000
+363 0 -361 0 *
Ve
1e-07
140.147217 65.531609 0
0 0

0101101
*
Ed
 1e-07 1 1 0
1  407 0 0 3.40685300000001
2  520 49 0 0 3.40685300000001
2  521 50 0 0 3.40685300000001
0

0101000
+361 0 -359 0 *
Ve
1e-07
138.591599 65.531609 0
0 0

0101101
*
Ed
 1e-07 1 1 0
1  408 0 0 1.55561800000001
2  522 49 0 0 1.55561800000001
2  523 50 0 0 1.55561800000001
0

0101000
+359 0 -357 0 *
Ve
1e-07
138.591599 62.095589 0
0 0

0101101
*
Ed
 1e-07 1 1 0
1  409 0 0 3.43602000000001
2  524 49 0 0 3.43602000000001
2  525 50 0 0 3.43602000000001
0

0101000
+357 0 -355 0 *
Ve
1e-07
116.235588 62.095589 0
0 0

0101101
*
Ed
 1e-07 1 1 0
1  410 0 0 22.356011
2  526 49 0 0 22.356011
2  527 50 0 0 22.356011
0

0101000
+355 0 -353 0 *
Ve
1e-07
116.235588 65.531609 0
0 0

0101101
*
Ed
 1e-07 1 1 0
1  411 0 0 3.43602000000001
2  528 49 0 0 3.43602000000001
2  529 50 0 0 3.43602000000001
0

0101000
+353 0 -351 0 *
Ve
1e-07
114.550224 65.531609 0
0 0

0101101
*
Ed
 1e-07 1 1 0
1  412 0 0 1.68536400000001
2  530 49 0 0 1.68536400000001
2  531 50 0 0 1.68536400000001
0

0101000
+351 0 -349 0 *
Ve
1e-07
114.550224 49.484768 0
0 0

0101101
*
Ed
 1e-07 1 1 0
1  413 0 0 16.046841
2  532 49 0 0 16.046841
2  533 50 0 0 16.046841
0

0101000
+349 0 -347 0 *
Ve
1e-07
104.374817 49.484768 0
0 0

0101101
*
Ed
 1e-07 1 1 0
1  414 0 0 10.175407
2  534 49 0 0 10.175407
2  535 50 0 0 10.175407
0

0101000
+347 0 -345 0 *
Ve
1e-07
104.374817 48.6982 0
0 0

0101101
*
Ed
 1e-07 1 1 0
1  415 0 0 0.786568000000003
2  536 49 0 0 0.786568000000003
2  537 50 0 0 0.786568000000003
0

0101000
+345 0 -343 0 *
Ve
1e-07
138.451584 48.6982 0
0 0

0101101
*
Ed
 1e-07 1 1 0
1  416 0 0 34.076767
2  538 49 0 0 34.076767
2  539 50 0 0 34.076767
0

0101000
+343 0 -341 0 *
Ve
1e-07
138.451584 6.271544 0
0 0

0101101
*
Ed
 1e-07 1 1 0
1  417 0 0 42.426656
2  540 49 0 0 42.426656
2  541 50 0 0 42.426656
0

0101000
+341 0 -339 0 *
Ve
1e-07
140.142029 6.271544 0
0 0

0101101
*
Ed
 1e-07 1 1 0
1  418 0 0 1.69044500000001
2  542 49 0 0 1.69044500000001
2  543 50 0 0 1.69044500000001
0

0101000
+339 0 -337 0 *
Ve
1e-07
140.142029 11.335475 0
0 0

0101101
*
Ed
 1e-07 1 1 0
1  419 0 0 5.063931
2  544 49 0 0 5.063931
2  545 50 0 0 5.063931
0

0101000
+337 0 -335 0 *
Ve
1e-07
141.221161 11.335475 0
0 0

0101101
*
Ed
 1e-07 1 1 0
1  420 0 0 1.07913199999999
2  546 49 0 0 1.07913199999999
2  547 50 0 0 1.07913199999999
0

0101000
+335 0 -333 0 *
Ve
1e-07
141.221161 13.02079 0
0 0

0101101
*
Ed
 1e-07 1 1 0
1  421 0 0 1.685315
2  548 49 0 0 1.685315
2  549 50 0 0 1.685315
0

0101000
+333 0 -331 0 *
Ve
1e-07
140.142029 13.02079 0
0 0

0101101
*
Ed
 1e-07 1 1 0
1  422 0 0 1.07913199999999
2  550 49 0 0 1.07913199999999
2  551 50 0 0 1.07913199999999
0

0101000
+331 0 -329 0 *
Ve
1e-07
140.142029 48.6982 0
0 0

0101101
*
Ed
 1e-07 1 1 0
1  423 0 0 35.67741
2  552 49 0 0 35.67741
2  553 50 0 0 35.67741
0

0101000
+329 0 -327 0 *
Ve
1e-07
144.370255 48.6982 0
0 0

0101101
*
Ed
 1e-07 1 1 0
1  424 0 0 4.22822599999998
2  554 49 0 0 4.22822599999998
2  555 50 0 0 4.22822599999998
0

0101000
+327 0 -325 0 *
Ve
1e-07
144.370255 50.243763 0
0 0

0101101
*
Ed
 1e-07 1 1 0
1  425 0 0 1.545563
2  556 49 0 0 1.545563
2  557 50 0 0 1.545563
0

0101000
+325 0 -323 0 *
Ve
1e-07
140.155594 50.243763 0
0 0

0101101
*
Ed
 1e-07 1 1 0
1  426 0 0 4.21466099999998
2  558 49 0 0 4.21466099999998
2  559 50 0 0 4.21466099999998
0

0101000
+323 0 -321 0 *
Ve
1e-07
140.155121 60.735573 0
0 0

0101101
*
Ed
 1e-07 1 1 0
1  427 0 0 10.4918100106621
2  560 49 0 0 10.4918100106621
2  561 50 0 0 10.4918100106621
0

0101000
+321 0 -319 0 *
Ed
 1e-07 1 1 0
1  428 0 0 4.21513399999998
2  562 49 0 0 4.21513399999998
2  563 50 0 0 4.21513399999998
0

0101000
+319 0 -364 0 *
Wi

0101100
+362 0 +360 0 +358 0 +356 0 +354 0 +352 0 +350 0 +348 0 +346 0 +344 0 
+342 0 +340 0 +338 0 +336 0 +334 0 +332 0 +330 0 +328 0 +326 0 +324 0 
+322 0 +320 0 +318 0 +317 0 *
Ve
1e-07
53.323772 11.335475 0
0 0

0101101
*
Ve
1e-07
54.402901 11.335475 0
0 0

0101101
*
Ed
 1e-07 1 1 0
1  429 0 0 1.079129
2  564 51 0 0 1.079129
2  565 52 0 0 1.079129
0

0101000
+315 0 -314 0 *
Ve
1e-07
54.402901 13.02079 0
0 0

0101101
*
Ed
 1e-07 1 1 0
1  430 0 0 1.685315
2  566 51 0 0 1.685315
2  567 52 0 0 1.685315
0

0101000
+314 0 -312 0 *
Ve
1e-07
53.31739 13.02079 0
0 0

0101101
*
Ed
 1e-07 1 1 0
1  431 0 0 1.085511
2  568 51 0 0 1.085511
2  569 52 0 0 1.085511
0

0101000
+312 0 -310 0 *
Ve
1e-07
53.31739 48.6982 0
0 0

0101101
*
Ed
 1e-07 1 1 0
1  432 0 0 35.67741
2  570 51 0 0 35.67741
2  571 52 0 0 35.67741
0

0101000
+310 0 -308 0 *
Ve
1e-07
57.513836 48.6982 0
0 0

0101101
*
Ed
 1e-07 1 1 0
1  433 0 0 4.19644599999999
2  572 51 0 0 4.19644599999999
2  573 52 0 0 4.19644599999999
0

0101000
+308 0 -306 0 *
Ve
1e-07
57.513836 50.436317 0
0 0

0101101
*
Ed
 1e-07 1 1 0
1  434 0 0 1.738117
2  574 51 0 0 1.738117
2  575 52 0 0 1.738117
0

0101000
+306 0 -304 0 *
Ve
1e-07
53.397778 50.436787 0
0 0

0101101
*
Ed
 1e-07 1 1 0
1  435 0 0 4.11605802683392
2  576 51 0 0 4.11605802683392
2  577 52 0 0 4.11605802683392
0

0101000
+304 0 -302 0 *
Ve
1e-07
43.093845 50.436787 0
0 0

0101101
*
Ed
 1e-07 1 1 0
1  436 0 0 10.303933
2  578 51 0 0 10.303933
2  579 52 0 0 10.303933
0

0101000
+302 0 -300 0 *
Ve
1e-07
43.093845 55.814251 0
0 0

0101101
*
Ed
 1e-07 1 1 0
1  437 0 0 5.377464
2  580 51 0 0 5.377464
2  581 52 0 0 5.377464
0

0101000
+300 0 -298 0 *
Ve
1e-07
41.413212 55.814251 0
0 0

0101101
*
Ed
 1e-07 1 1 0
1  438 0 0 1.680633
2  582 51 0 0 1.680633
2  583 52 0 0 1.680633
0

0101000
+298 0 -296 0 *
Ve
1e-07
41.413448 26.560816 0
0 0

0101101
*
Ed
 1e-07 1 1 0
1  439 0 0 29.253435000952
2  584 51 0 0 29.253435000952
2  585 52 0 0 29.253435000952
0

0101000
+296 0 -294 0 *
Ve
1e-07
36.193947 26.560816 0
0 0

0101101
*
Ed
 1e-07 1 1 0
1  440 0 0 5.219501
2  586 51 0 0 5.219501
2  587 52 0 0 5.219501
0

0101000
+294 0 -292 0 *
Ve
1e-07
36.193947 24.916483 0
0 0

0101101
*
Ed
 1e-07 1 1 0
1  441 0 0 1.644333
2  588 51 0 0 1.644333
2  589 52 0 0 1.644333
0

0101000
+292 0 -290 0 *
Ve
1e-07
41.413448 24.916483 0
0 0

0101101
*
Ed
 1e-07 1 1 0
1  442 0 0 5.219501
2  590 51 0 0 5.219501
2  591 52 0 0 5.219501
0

0101000
+290 0 -288 0 *
Ve
1e-07
41.413448 12.990339 0
0 0

0101101
*
Ed
 1e-07 1 1 0
1  443 0 0 11.926144
2  592 51 0 0 11.926144
2  593 52 0 0 11.926144
0

0101000
+288 0 -286 0 *
Ve
1e-07
36.193947 12.990339 0
0 0

0101101
*
Ed
 1e-07 1 1 0
1  444 0 0 5.219501
2  594 51 0 0 5.219501
2  595 52 0 0 5.219501
0

0101000
+286 0 -284 0 *
Ve
1e-07
36.193947 11.286805 0
0 0

0101101
*
Ed
 1e-07 1 1 0
1  445 0 0 1.703534
2  596 51 0 0 1.703534
2  597 52 0 0 1.703534
0

0101000
+284 0 -282 0 *
Ve
1e-07
41.413448 11.286805 0
0 0

0101101
*
Ed
 1e-07 1 1 0
1  446 0 0 5.219501
2  598 51 0 0 5.219501
2  599 52 0 0 5.219501
0

0101000
+282 0 -280 0 *
Ve
1e-07
41.413448 6.264533 0
0 0

0101101
*
Ed
 1e-07 1 1 0
1  447 0 0 5.022272
2  600 51 0 0 5.022272
2  601 52 0 0 5.022272
0

0101000
+280 0 -278 0 *
Ve
1e-07
43.074917 6.269207 0
0 0

0101101
*
Ed
 1e-07 1 1 0
1  448 0 0 1.66147557437267
2  602 51 0 0 1.66147557437267
2  603 52 0 0 1.66147557437267
0

0101000
+278 0 -276 0 *
Ve
1e-07
43.074917 11.335475 0
0 0

0101101
*
Ed
 1e-07 1 1 0
1  449 0 0 5.066268
2  604 51 0 0 5.066268
2  605 52 0 0 5.066268
0

0101000
+276 0 -274 0 *
Ve
1e-07
44.154049 11.335475 0
0 0

0101101
*
Ed
 1e-07 1 1 0
1  450 0 0 1.079132
2  606 51 0 0 1.079132
2  607 52 0 0 1.079132
0

0101000
+274 0 -272 0 *
Ve
1e-07
44.154049 12.984715 0
0 0

0101101
*
Ed
 1e-07 1 1 0
1  451 0 0 1.64924
2  608 51 0 0 1.64924
2  609 52 0 0 1.64924
0

0101000
+272 0 -270 0 *
Ve
1e-07
43.190071 12.984715 0
0 0

0101101
*
Ed
 1e-07 1 1 0
1  452 0 0 0.963977999999997
2  610 51 0 0 0.963977999999997
2  611 52 0 0 0.963977999999997
0

0101000
+270 0 -268 0 *
Ve
1e-07
43.190071 48.719452 0
0 0

0101101
*
Ed
 1e-07 1 1 0
1  453 0 0 35.734737
2  612 51 0 0 35.734737
2  613 52 0 0 35.734737
0

0101000
+268 0 -266 0 *
Ve
1e-07
51.713943 48.719452 0
0 0

0101101
*
Ed
 1e-07 1 1 0
1  454 0 0 8.523872
2  614 51 0 0 8.523872
2  615 52 0 0 8.523872
0

0101000
+266 0 -264 0 *
Ve
1e-07
51.713943 12.984715 0
0 0

0101101
*
Ed
 1e-07 1 1 0
1  455 0 0 35.734737
2  616 51 0 0 35.734737
2  617 52 0 0 35.734737
0

0101000
+264 0 -262 0 *
Ve
1e-07
50.567909 12.984715 0
0 0

0101101
*
Ed
 1e-07 1 1 0
1  456 0 0 1.146034
2  618 51 0 0 1.146034
2  619 52 0 0 1.146034
0

0101000
+262 0 -260 0 *
Ve
1e-07
50.567909 11.335475 0
0 0

0101101
*
Ed
 1e-07 1 1 0
1  457 0 0 1.64924
2  620 51 0 0 1.64924
2  621 52 0 0 1.64924
0

0101000
+260 0 -258 0 *
Ve
1e-07
51.647038 11.335475 0
0 0

0101101
*
Ed
 1e-07 1 1 0
1  458 0 0 1.079129
2  622 51 0 0 1.079129
2  623 52 0 0 1.079129
0

0101000
+258 0 -256 0 *
Ve
1e-07
51.647038 6.271544 0
0 0

0101101
*
Ed
 1e-07 1 1 0
1  459 0 0 5.063931
2  624 51 0 0 5.063931
2  625 52 0 0 5.063931
0

0101000
+256 0 -254 0 *
Ve
1e-07
53.32058 6.271544 0
0 0

0101101
*
Ed
 1e-07 1 1 0
1  460 0 0 1.673542
2  626 51 0 0 1.673542
2  627 52 0 0 1.673542
0

0101000
+254 0 -252 0 *
Ed
 1e-07 1 1 0
1  461 0 0 5.06393200602309
2  628 51 0 0 5.06393200602309
2  629 52 0 0 5.06393200602309
0

0101000
+252 0 -315 0 *
Wi

0101100
+313 0 +311 0 +309 0 +307 0 +305 0 +303 0 +301 0 +299 0 +297 0 +295 0 
+293 0 +291 0 +289 0 +287 0 +285 0 +283 0 +281 0 +279 0 +277 0 +275 0 
+273 0 +271 0 +269 0 +267 0 +265 0 +263 0 +261 0 +259 0 +257 0 +255 0 
+253 0 +251 0 +250 0 *
Ve
1e-07
53.31739 -61.9133 0
0 0

0101101
*
Ve
1e-07
53.31739 -58.497353 0
0 0

0101101
*
Ed
 1e-07 1 1 0
1  462 0 0 3.415947
2  630 53 0 0 3.415947
2  631 54 0 0 3.415947
2  632 55 0 0 3.415947
0

0101000
+248 0 -247 0 *
Ve
1e-07
43.074917 -58.497353 0
0 0

0101101
*
Ed
 1e-07 1 1 0
1  463 0 0 10.242473
2  633 53 0 0 10.242473
2  634 54 0 0 10.242473
2  635 55 0 0 10.242473
0

0101000
+247 0 -245 0 *
Ve
1e-07
43.074917 -44.893379 0
0 0

0101101
*
Ed
 1e-07 1 1 0
1  464 0 0 13.603974
2  636 53 0 0 13.603974
2  637 54 0 0 13.603974
2  638 55 0 0 13.603974
0

0101000
+245 0 -243 0 *
Ve
1e-07
44.154049 -44.893379 0
0 0

0101101
*
Ed
 1e-07 1 1 0
1  465 0 0 1.079132
2  639 53 0 0 1.079132
2  640 54 0 0 1.079132
2  641 55 0 0 1.079132
0

0101000
+243 0 -241 0 *
Ve
1e-07
44.154049 -43.211811 0
0 0

0101101
*
Ed
 1e-07 1 1 0
1  466 0 0 1.68156800000001
2  642 53 0 0 1.68156800000001
2  643 54 0 0 1.68156800000001
2  644 55 0 0 1.68156800000001
0

0101000
+241 0 -239 0 *
Ve
1e-07
26.116688 -43.211811 0
0 0

0101101
*
Ed
 1e-07 1 1 0
1  467 0 0 18.037361
2  645 53 0 0 18.037361
2  646 54 0 0 18.037361
2  647 55 0 0 18.037361
0

0101000
+239 0 -237 0 *
Ve
1e-07
26.116688 -5.700006 0
0 0

0101101
*
Ed
 1e-07 1 1 0
1  468 0 0 37.511805
2  648 53 0 0 37.511805
2  649 54 0 0 37.511805
2  650 55 0 0 37.511805
0

0101000
+237 0 -235 0 *
Ve
1e-07
31.409563 -5.700006 0
0 0

0101101
*
Ed
 1e-07 1 1 0
1  469 0 0 5.292875
2  651 53 0 0 5.292875
2  652 54 0 0 5.292875
2  653 55 0 0 5.292875
0

0101000
+235 0 -233 0 *
Ve
1e-07
31.409563 -4.035191 0
0 0

0101101
*
Ed
 1e-07 1 1 0
1  470 0 0 1.664815
2  654 53 0 0 1.664815
2  655 54 0 0 1.664815
2  656 55 0 0 1.664815
0

0101000
+233 0 -231 0 *
Ve
1e-07
26.116688 -4.035191 0
0 0

0101101
*
Ed
 1e-07 1 1 0
1  471 0 0 5.292875
2  657 53 0 0 5.292875
2  658 54 0 0 5.292875
2  659 55 0 0 5.292875
0

0101000
+231 0 -229 0 *
Ve
1e-07
26.116688 1.046904 0
0 0

0101101
*
Ed
 1e-07 1 1 0
1  472 0 0 5.082095
2  660 53 0 0 5.082095
2  661 54 0 0 5.082095
2  662 55 0 0 5.082095
0

0101000
+229 0 -227 0 *
Ve
1e-07
24.50308 1.046904 0
0 0

0101101
*
Ed
 1e-07 1 1 0
1  473 0 0 1.613608
2  663 53 0 0 1.613608
2  664 54 0 0 1.613608
2  665 55 0 0 1.613608
0

0101000
+227 0 -225 0 *
Ve
1e-07
24.50308 -4.005991 0
0 0

0101101
*
Ed
 1e-07 1 1 0
1  474 0 0 5.052895
2  666 53 0 0 5.052895
2  667 54 0 0 5.052895
2  668 55 0 0 5.052895
0

0101000
+225 0 -223 0 *
Ve
1e-07
17.32126 -4.005991 0
0 0

0101101
*
Ed
 1e-07 1 1 0
1  475 0 0 7.18182
2  669 53 0 0 7.18182
2  670 54 0 0 7.18182
2  671 55 0 0 7.18182
0

0101000
+223 0 -221 0 *
Ve
1e-07
17.32126 -12.237211 0
0 0

0101101
*
Ed
 1e-07 1 1 0
1  476 0 0 8.23122
2  672 53 0 0 8.23122
2  673 54 0 0 8.23122
2  674 55 0 0 8.23122
0

0101000
+221 0 -219 0 *
Ve
1e-07
24.504375 -12.237211 0
0 0

0101101
*
Ed
 1e-07 1 1 0
1  477 0 0 7.183115
2  675 53 0 0 7.183115
2  676 54 0 0 7.183115
2  677 55 0 0 7.183115
0

0101000
+219 0 -217 0 *
Ve
1e-07
24.504375 -17.648207 0
0 0

0101101
*
Ed
 1e-07 1 1 0
1  478 0 0 5.410996
2  678 53 0 0 5.410996
2  679 54 0 0 5.410996
2  680 55 0 0 5.410996
0

0101000
+217 0 -215 0 *
Ve
1e-07
21.103123 -17.648207 0
0 0

0101101
*
Ed
 1e-07 1 1 0
1  479 0 0 3.401252
2  681 53 0 0 3.401252
2  682 54 0 0 3.401252
2  683 55 0 0 3.401252
0

0101000
+215 0 -213 0 *
Ve
1e-07
21.103123 -19.371065 0
0 0

0101101
*
Ed
 1e-07 1 1 0
1  480 0 0 1.722858
2  684 53 0 0 1.722858
2  685 54 0 0 1.722858
2  686 55 0 0 1.722858
0

0101000
+213 0 -211 0 *
Ve
1e-07
24.504375 -19.371065 0
0 0

0101101
*
Ed
 1e-07 1 1 0
1  481 0 0 3.401252
2  687 53 0 0 3.401252
2  688 54 0 0 3.401252
2  689 55 0 0 3.401252
0

0101000
+211 0 -209 0 *
Ve
1e-07
24.504375 -36.470665 0
0 0

0101101
*
Ed
 1e-07 1 1 0
1  482 0 0 17.0996
2  690 53 0 0 17.0996
2  691 54 0 0 17.0996
2  692 55 0 0 17.0996
0

0101000
+209 0 -207 0 *
Ve
1e-07
21.103123 -36.470665 0
0 0

0101101
*
Ed
 1e-07 1 1 0
1  483 0 0 3.401252
2  693 53 0 0 3.401252
2  694 54 0 0 3.401252
2  695 55 0 0 3.401252
0

0101000
+207 0 -205 0 *
Ve
1e-07
21.103123 -37.960667 0
0 0

0101101
*
Ed
 1e-07 1 1 0
1  484 0 0 1.490002
2  696 53 0 0 1.490002
2  697 54 0 0 1.490002
2  698 55 0 0 1.490002
0

0101000
+205 0 -203 0 *
Ve
1e-07
24.504375 -37.960667 0
0 0

0101101
*
Ed
 1e-07 1 1 0
1  485 0 0 3.401252
2  699 53 0 0 3.401252
2  700 54 0 0 3.401252
2  701 55 0 0 3.401252
0

0101000
+203 0 -201 0 *
Ve
1e-07
24.504375 -43.18774 0
0 0

0101101
*
Ed
 1e-07 1 1 0
1  486 0 0 5.227073
2  702 53 0 0 5.227073
2  703 54 0 0 5.227073
2  704 55 0 0 5.227073
0

0101000
+201 0 -199 0 *
Ve
1e-07
21.103123 -43.18774 0
0 0

0101101
*
Ed
 1e-07 1 1 0
1  487 0 0 3.401252
2  705 53 0 0 3.401252
2  706 54 0 0 3.401252
2  707 55 0 0 3.401252
0

0101000
+199 0 -197 0 *
Ve
1e-07
21.103123 -44.88921 0
0 0

0101101
*
Ed
 1e-07 1 1 0
1  488 0 0 1.70147
2  708 53 0 0 1.70147
2  709 54 0 0 1.70147
2  710 55 0 0 1.70147
0

0101000
+197 0 -195 0 *
Ve
1e-07
41.467213 -44.88921 0
0 0

0101101
*
Ed
 1e-07 1 1 0
1  489 0 0 20.36409
2  711 53 0 0 20.36409
2  712 54 0 0 20.36409
2  713 55 0 0 20.36409
0

0101000
+195 0 -193 0 *
Ve
1e-07
41.467213 -58.456886 0
0 0

0101101
*
Ed
 1e-07 1 1 0
1  490 0 0 13.567676
2  714 53 0 0 13.567676
2  715 54 0 0 13.567676
2  716 55 0 0 13.567676
0

0101000
+193 0 -191 0 *
Ve
1e-07
21.103123 -58.456886 0
0 0

0101101
*
Ed
 1e-07 1 1 0
1  491 0 0 20.36409
2  717 53 0 0 20.36409
2  718 54 0 0 20.36409
2  719 55 0 0 20.36409
0

0101000
+191 0 -189 0 *
Ve
1e-07
21.103123 -60.20182 0
0 0

0101101
*
Ed
 1e-07 1 1 0
1  492 0 0 1.744934
2  720 53 0 0 1.744934
2  721 54 0 0 1.744934
2  722 55 0 0 1.744934
0

0101000
+189 0 -187 0 *
Ve
1e-07
41.467213 -60.20182 0
0 0

0101101
*
Ed
 1e-07 1 1 0
1  493 0 0 20.36409
2  723 53 0 0 20.36409
2  724 54 0 0 20.36409
2  725 55 0 0 20.36409
0

0101000
+187 0 -185 0 *
Ve
1e-07
41.467213 -61.9133 0
0 0

0101101
*
Ed
 1e-07 1 1 0
1  494 0 0 1.71148
2  726 53 0 0 1.71148
2  727 54 0 0 1.71148
2  728 55 0 0 1.71148
0

0101000
+185 0 -183 0 *
Ed
 1e-07 1 1 0
1  495 0 0 11.850177
2  729 53 0 0 11.850177
2  730 54 0 0 11.850177
2  731 55 0 0 11.850177
0

0101000
+183 0 -248 0 *
Wi

0101100
+246 0 +244 0 +242 0 +240 0 +238 0 +236 0 +234 0 +232 0 +230 0 +228 0 
+226 0 +224 0 +222 0 +220 0 +218 0 +216 0 +214 0 +212 0 +210 0 +208 0 
+206 0 +204 0 +202 0 +200 0 +198 0 +196 0 +194 0 +192 0 +190 0 +188 0 
+186 0 +184 0 +182 0 +181 0 *
Ve
1e-07
94.177444 -43.211811 0
0 0

0101101
*
Ve
1e-07
87.44323 -43.211811 0
0 0

0101101
*
Ed
 1e-07 1 1 0
1  496 0 0 6.73421399999999
2  732 56 0 0 6.73421399999999
2  733 57 0 0 6.73421399999999
0

0101000
+179 0 -178 0 *
Ve
1e-07
87.44323 -38.148411 0
0 0

0101101
*
Ed
 1e-07 1 1 0
1  497 0 0 5.06339999999999
2  734 56 0 0 5.06339999999999
2  735 57 0 0 5.06339999999999
0

0101000
+178 0 -176 0 *
Ve
1e-07
94.177444 -38.147942 0
0 0

0101101
*
Ed
 1e-07 1 1 0
1  498 0 0 6.7342140163316
2  736 56 0 0 6.7342140163316
2  737 57 0 0 6.7342140163316
0

0101000
+176 0 -174 0 *
Ve
1e-07
94.177444 -36.459366 0
0 0

0101101
*
Ed
 1e-07 1 1 0
1  499 0 0 1.688576
2  738 56 0 0 1.688576
2  739 57 0 0 1.688576
0

0101000
+174 0 -172 0 *
Ve
1e-07
85.70137 -36.459366 0
0 0

0101101
*
Ed
 1e-07 1 1 0
1  500 0 0 8.476074
2  740 56 0 0 8.476074
2  741 57 0 0 8.476074
0

0101000
+172 0 -170 0 *
Ve
1e-07
85.680336 -43.211811 0
0 0

0101101
*
Ed
 1e-07 1 1 0
1  501 0 0 6.75247776058396
2  742 56 0 0 6.75247776058396
2  743 57 0 0 6.75247776058396
0

0101000
+170 0 -168 0 *
Ve
1e-07
66.962021 -43.211811 0
0 0

0101101
*
Ed
 1e-07 1 1 0
1  502 0 0 18.718315
2  744 56 0 0 18.718315
2  745 57 0 0 18.718315
0

0101000
+168 0 -166 0 *
Ve
1e-07
66.962021 1.04223 0
0 0

0101101
*
Ed
 1e-07 1 1 0
1  503 0 0 44.254041
2  746 56 0 0 44.254041
2  747 57 0 0 44.254041
0

0101000
+166 0 -164 0 *
Ve
1e-07
65.269707 1.04223 0
0 0

0101101
*
Ed
 1e-07 1 1 0
1  504 0 0 1.692314
2  748 56 0 0 1.692314
2  749 57 0 0 1.692314
0

0101000
+164 0 -162 0 *
Ve
1e-07
65.269707 -4.014691 0
0 0

0101101
*
Ed
 1e-07 1 1 0
1  505 0 0 5.056921
2  750 56 0 0 5.056921
2  751 57 0 0 5.056921
0

0101000
+162 0 -160 0 *
Ve
1e-07
64.190575 -4.014691 0
0 0

0101101
*
Ed
 1e-07 1 1 0
1  506 0 0 1.079132
2  752 56 0 0 1.079132
2  753 57 0 0 1.079132
0

0101000
+160 0 -158 0 *
Ve
1e-07
64.190575 -5.700006 0
0 0

0101101
*
Ed
 1e-07 1 1 0
1  507 0 0 1.685315
2  754 56 0 0 1.685315
2  755 57 0 0 1.685315
0

0101000
+158 0 -156 0 *
Ve
1e-07
65.269707 -5.700006 0
0 0

0101101
*
Ed
 1e-07 1 1 0
1  508 0 0 1.079132
2  756 56 0 0 1.079132
2  757 57 0 0 1.079132
0

0101000
+156 0 -154 0 *
Ve
1e-07
65.269707 -43.211811 0
0 0

0101101
*
Ed
 1e-07 1 1 0
1  509 0 0 37.511805
2  758 56 0 0 37.511805
2  759 57 0 0 37.511805
0

0101000
+154 0 -152 0 *
Ve
1e-07
61.869453 -43.211811 0
0 0

0101101
*
Ed
 1e-07 1 1 0
1  510 0 0 3.400254
2  760 56 0 0 3.400254
2  761 57 0 0 3.400254
0

0101000
+152 0 -150 0 *
Ve
1e-07
61.869453 -44.893379 0
0 0

0101101
*
Ed
 1e-07 1 1 0
1  511 0 0 1.68156800000001
2  762 56 0 0 1.68156800000001
2  763 57 0 0 1.68156800000001
0

0101000
+150 0 -148 0 *
Ve
1e-07
65.269707 -44.893379 0
0 0

0101101
*
Ed
 1e-07 1 1 0
1  512 0 0 3.400254
2  764 56 0 0 3.400254
2  765 57 0 0 3.400254
0

0101000
+148 0 -146 0 *
Ve
1e-07
65.269707 -61.9133 0
0 0

0101101
*
Ed
 1e-07 1 1 0
1  513 0 0 17.019921
2  766 56 0 0 17.019921
2  767 57 0 0 17.019921
0

0101000
+146 0 -144 0 *
Ve
1e-07
66.98259 -61.9133 0
0 0

0101101
*
Ed
 1e-07 1 1 0
1  514 0 0 1.71288300000001
2  768 56 0 0 1.71288300000001
2  769 57 0 0 1.71288300000001
0

0101000
+144 0 -142 0 *
Ve
1e-07
66.98259 -60.20182 0
0 0

0101101
*
Ed
 1e-07 1 1 0
1  515 0 0 1.71148
2  770 56 0 0 1.71148
2  771 57 0 0 1.71148
0

0101000
+142 0 -140 0 *
Ve
1e-07
90.853569 -60.20182 0
0 0

0101101
*
Ed
 1e-07 1 1 0
1  516 0 0 23.870979
2  772 56 0 0 23.870979
2  773 57 0 0 23.870979
0

0101000
+140 0 -138 0 *
Ve
1e-07
90.853569 -61.928257 0
0 0

0101101
*
Ed
 1e-07 1 1 0
1  517 0 0 1.726437
2  774 56 0 0 1.726437
2  775 57 0 0 1.726437
0

0101000
+138 0 -136 0 *
Ve
1e-07
92.476715 -61.928257 0
0 0

0101101
*
Ed
 1e-07 1 1 0
1  518 0 0 1.62314600000001
2  776 56 0 0 1.62314600000001
2  777 57 0 0 1.62314600000001
0

0101000
+136 0 -134 0 *
Ve
1e-07
92.476715 -60.194344 0
0 0

0101101
*
Ed
 1e-07 1 1 0
1  519 0 0 1.733913
2  778 56 0 0 1.733913
2  779 57 0 0 1.733913
0

0101000
+134 0 -132 0 *
Ve
1e-07
94.177444 -60.194344 0
0 0

0101101
*
Ed
 1e-07 1 1 0
1  520 0 0 1.700729
2  780 56 0 0 1.700729
2  781 57 0 0 1.700729
0

0101000
+132 0 -130 0 *
Ve
1e-07
94.177444 -58.497353 0
0 0

0101101
*
Ed
 1e-07 1 1 0
1  521 0 0 1.696991
2  782 56 0 0 1.696991
2  783 57 0 0 1.696991
0

0101000
+130 0 -128 0 *
Ve
1e-07
66.947067 -58.497353 0
0 0

0101101
*
Ed
 1e-07 1 1 0
1  522 0 0 27.230377
2  784 56 0 0 27.230377
2  785 57 0 0 27.230377
0

0101000
+128 0 -126 0 *
Ve
1e-07
66.947067 -44.893379 0
0 0

0101101
*
Ed
 1e-07 1 1 0
1  523 0 0 13.603974
2  786 56 0 0 13.603974
2  787 57 0 0 13.603974
0

0101000
+126 0 -124 0 *
Ve
1e-07
94.177444 -44.893379 0
0 0

0101101
*
Ed
 1e-07 1 1 0
1  524 0 0 27.230377
2  788 56 0 0 27.230377
2  789 57 0 0 27.230377
0

0101000
+124 0 -122 0 *
Ed
 1e-07 1 1 0
1  525 0 0 1.68156800000001
2  790 56 0 0 1.68156800000001
2  791 57 0 0 1.68156800000001
0

0101000
+122 0 -179 0 *
Wi

0101100
+177 0 +175 0 +173 0 +171 0 +169 0 +167 0 +165 0 +163 0 +161 0 +159 0 
+157 0 +155 0 +153 0 +151 0 +149 0 +147 0 +145 0 +143 0 +141 0 +139 0 
+137 0 +135 0 +133 0 +131 0 +129 0 +127 0 +125 0 +123 0 +121 0 +120 0 
*
Ve
1e-07
107.418777 -0.150271 0
0 0

0101101
*
Ve
1e-07
107.373131 -0.190591 0
0 0

0101101
*
Ed
 1e-07 1 1 0
1  526 0 0 0.060903692137673
2  792 58 0 0 0.060903692137673
2  793 59 0 0 0.060903692137673
0

0101000
+118 0 -117 0 *
Ve
1e-07
107.191132 -0.336255 0
0 0

0101101
*
Ed
 1e-07 1 1 0
1  527 0 0 0.233112927348531
2  794 58 0 0 0.233112927348531
2  795 59 0 0 0.233112927348531
0

0101000
+117 0 -115 0 *
Ve
1e-07
106.467651 -0.793954 0
0 0

0101101
*
Ed
 1e-07 1 1 0
1  528 0 0 0.856103458678908
2  796 58 0 0 0.856103458678908
2  797 59 0 0 0.856103458678908
0

0101000
+115 0 -113 0 *
Ve
1e-07
103.610023 -1.625109 0
0 0

0101101
*
Ed
 1e-07 1 1 0
1  529 0 0 2.97604711327106
2  798 58 0 0 2.97604711327106
2  799 59 0 0 2.97604711327106
0

0101000
+113 0 -111 0 *
Ve
1e-07
103.610023 -2.367463 0
0 0

0101101
*
Ed
 1e-07 1 1 0
1  530 0 0 0.742354
2  800 58 0 0 0.742354
2  801 59 0 0 0.742354
0

0101000
+111 0 -109 0 *
Ve
1e-07
106.423775 -1.546799 0
0 0

0101101
*
Ed
 1e-07 1 1 0
1  531 0 0 2.93098784002937
2  802 58 0 0 2.93098784002937
2  803 59 0 0 2.93098784002937
0

0101000
+109 0 -107 0 *
Ve
1e-07
107.136131 -1.095854 0
0 0

0101101
*
Ed
 1e-07 1 1 0
1  532 0 0 0.843091017483284
2  804 58 0 0 0.843091017483284
2  805 59 0 0 0.843091017483284
0

0101000
+107 0 -105 0 *
Ve
1e-07
107.315338 -0.952396 0
0 0

0101101
*
Ed
 1e-07 1 1 0
1  533 0 0 0.229554670205154
2  806 58 0 0 0.229554670205154
2  807 59 0 0 0.229554670205154
0

0101000
+105 0 -103 0 *
Ve
1e-07
107.360275 -0.912691 0
0 0

0101101
*
Ed
 1e-07 1 1 0
1  534 0 0 0.0599651648375988
2  808 58 0 0 0.0599651648375988
2  809 59 0 0 0.0599651648375988
0

0101000
+103 0 -101 0 *
Ve
1e-07
107.375282 -0.898724 0
0 0

0101101
*
Ed
 1e-07 1 1 0
1  535 0 0 0.0205009057848651
2  810 58 0 0 0.0205009057848651
2  811 59 0 0 0.0205009057848651
0

0101000
+101 0 -99 0 *
Ve
1e-07
114.710579 -10.638886 0
0 0

0101101
*
Ed
 1e-07 1 1 0
1  536 0 0 12.1933316966469
2  812 58 0 0 12.1933316966469
2  813 59 0 0 12.1933316966469
0

0101000
+99 0 -97 0 *
Ve
1e-07
109.806114 -13.588174 0
0 0

0101101
*
Ed
 1e-07 1 1 0
1  537 0 0 5.72294300540981
2  814 58 0 0 5.72294300540981
2  815 59 0 0 5.72294300540981
0

0101000
+97 0 -95 0 *
Ve
1e-07
104.072884 -14.92721 0
0 0

0101101
*
Ed
 1e-07 1 1 0
1  538 0 0 5.88752440692995
2  816 58 0 0 5.88752440692995
2  817 59 0 0 5.88752440692995
0

0101000
+95 0 -93 0 *
Ve
1e-07
104.072884 -16.010475 0
0 0

0101101
*
Ed
 1e-07 1 1 0
1  539 0 0 1.083265
2  818 58 0 0 1.083265
2  819 59 0 0 1.083265
0

0101000
+93 0 -91 0 *
Ve
1e-07
111.318649 -14.097702 0
0 0

0101101
*
Ed
 1e-07 1 1 0
1  540 0 0 7.49398498695813
2  820 58 0 0 7.49398498695813
2  821 59 0 0 7.49398498695813
0

0101000
+91 0 -89 0 *
Ve
1e-07
117.18988 -9.784283 0
0 0

0101101
*
Ed
 1e-07 1 1 0
1  541 0 0 7.2853920227344
2  822 58 0 0 7.2853920227344
2  823 59 0 0 7.2853920227344
0

0101000
+89 0 -87 0 *
Ve
1e-07
121.124672 -3.632258 0
0 0

0101101
*
Ed
 1e-07 1 1 0
1  542 0 0 7.30273919046059
2  824 58 0 0 7.30273919046059
2  825 59 0 0 7.30273919046059
0

0101000
+87 0 -85 0 *
Ve
1e-07
122.561142 3.796332 0
0 0

0101101
*
Ed
 1e-07 1 1 0
1  543 0 0 7.56620085967852
2  826 58 0 0 7.56620085967852
2  827 59 0 0 7.56620085967852
0

0101000
+85 0 -83 0 *
Ve
1e-07
121.001167 11.523046 0
0 0

0101101
*
Ed
 1e-07 1 1 0
1  544 0 0 7.88261576118112
2  828 58 0 0 7.88261576118112
2  829 59 0 0 7.88261576118112
0

0101000
+83 0 -81 0 *
Ve
1e-07
116.746986 17.832802 0
0 0

0101101
*
Ed
 1e-07 1 1 0
1  545 0 0 7.60993276976196
2  830 58 0 0 7.60993276976196
2  831 59 0 0 7.60993276976196
0

0101000
+81 0 -79 0 *
Ve
1e-07
110.437233 22.086977 0
0 0

0101101
*
Ed
 1e-07 1 1 0
1  546 0 0 7.60992692814024
2  832 58 0 0 7.60992692814024
2  833 59 0 0 7.60992692814024
0

0101000
+79 0 -77 0 *
Ve
1e-07
102.710518 23.646952 0
0 0

0101101
*
Ed
 1e-07 1 1 0
1  547 0 0 7.88261674140321
2  834 58 0 0 7.88261674140321
2  835 59 0 0 7.88261674140321
0

0101000
+77 0 -75 0 *
Ve
1e-07
94.983665 22.086977 0
0 0

0101101
*
Ed
 1e-07 1 1 0
1  548 0 0 7.88275201209792
2  836 58 0 0 7.88275201209792
2  837 59 0 0 7.88275201209792
0

0101000
+75 0 -73 0 *
Ve
1e-07
88.673607 17.832802 0
0 0

0101101
*
Ed
 1e-07 1 1 0
1  549 0 0 7.61017982008237
2  838 58 0 0 7.61017982008237
2  839 59 0 0 7.61017982008237
0

0101000
+73 0 -71 0 *
Ve
1e-07
84.419128 11.523046 0
0 0

0101101
*
Ed
 1e-07 1 1 0
1  550 0 0 7.61009936472429
2  840 58 0 0 7.61009936472429
2  841 59 0 0 7.61009936472429
0

0101000
+71 0 -69 0 *
Ve
1e-07
82.859016 3.796332 0
0 0

0101101
*
Ed
 1e-07 1 1 0
1  551 0 0 7.88264287471785
2  842 58 0 0 7.88264287471785
2  843 59 0 0 7.88264287471785
0

0101000
+69 0 -67 0 *
Ve
1e-07
84.294769 -3.630193 0
0 0

0101101
*
Ed
 1e-07 1 1 0
1  552 0 0 7.56403729846925
2  844 58 0 0 7.56403729846925
2  845 59 0 0 7.56403729846925
0

0101000
+67 0 -65 0 *
Ve
1e-07
88.227692 -9.781088 0
0 0

0101101
*
Ed
 1e-07 1 1 0
1  553 0 0 7.30078027507704
2  846 58 0 0 7.30078027507704
2  847 59 0 0 7.30078027507704
0

0101000
+65 0 -63 0 *
Ve
1e-07
94.09623 -14.094815 0
0 0

0101101
*
Ed
 1e-07 1 1 0
1  554 0 0 7.28340434741701
2  848 58 0 0 7.28340434741701
2  849 59 0 0 7.28340434741701
0

0101000
+63 0 -61 0 *
Ve
1e-07
101.33886 -16.009842 0
0 0

0101101
*
Ed
 1e-07 1 1 0
1  555 0 0 7.49152973214609
2  850 58 0 0 7.49152973214609
2  851 59 0 0 7.49152973214609
0

0101000
+61 0 -59 0 *
Ve
1e-07
101.33886 -14.926544 0
0 0

0101101
*
Ed
 1e-07 1 1 0
1  556 0 0 1.083298
2  852 58 0 0 1.083298
2  853 59 0 0 1.083298
0

0101000
+59 0 -57 0 *
Ve
1e-07
95.828194 -13.673869 0
0 0

0101101
*
Ed
 1e-07 1 1 0
1  557 0 0 5.65125069512767
2  854 58 0 0 5.65125069512767
2  855 59 0 0 5.65125069512767
0

0101000
+57 0 -55 0 *
Ve
1e-07
91.068443 -10.929839 0
0 0

0101101
*
Ed
 1e-07 1 1 0
1  558 0 0 5.49408138116837
2  856 58 0 0 5.49408138116837
2  857 59 0 0 5.49408138116837
0

0101000
+55 0 -53 0 *
Ve
1e-07
98.636551 -0.898724 0
0 0

0101101
*
Ed
 1e-07 1 1 0
1  559 0 0 12.5658078468075
2  858 58 0 0 12.5658078468075
2  859 59 0 0 12.5658078468075
0

0101000
+53 0 -51 0 *
Ve
1e-07
101.801712 -2.311134 0
0 0

0101101
*
Ed
 1e-07 1 1 0
1  560 0 0 3.46599858107602
2  860 58 0 0 3.46599858107602
2  861 59 0 0 3.46599858107602
0

0101000
+51 0 -49 0 *
Ve
1e-07
101.801712 -1.569819 0
0 0

0101101
*
Ed
 1e-07 1 1 0
1  561 0 0 0.741315
2  862 58 0 0 0.741315
2  863 59 0 0 0.741315
0

0101000
+49 0 -47 0 *
Ve
1e-07
99.466782 -0.729813 0
0 0

0101101
*
Ed
 1e-07 1 1 0
1  562 0 0 2.48143268797201
2  864 58 0 0 2.48143268797201
2  865 59 0 0 2.48143268797201
0

0101000
+47 0 -45 0 *
Ve
1e-07
98.811485 -0.31393 0
0 0

0101101
*
Ed
 1e-07 1 1 0
1  563 0 0 0.77612681173761
2  866 58 0 0 0.77612681173761
2  867 59 0 0 0.77612681173761
0

0101000
+45 0 -43 0 *
Ve
1e-07
98.638718 -0.184224 0
0 0

0101101
*
Ed
 1e-07 1 1 0
1  564 0 0 0.216037225322403
2  868 58 0 0 0.216037225322403
2  869 59 0 0 0.216037225322403
0

0101000
+43 0 -41 0 *
Ve
1e-07
98.594406 -0.14858 0
0 0

0101101
*
Ed
 1e-07 1 1 0
1  565 0 0 0.0568686915622224
2  870 58 0 0 0.0568686915622224
2  871 59 0 0 0.0568686915622224
0

0101000
+41 0 -39 0 *
Ve
1e-07
98.57943 -0.136087 0
0 0

0101101
*
Ed
 1e-07 1 1 0
1  566 0 0 0.019502708145284
2  872 58 0 0 0.019502708145284
2  873 59 0 0 0.019502708145284
0

0101000
+39 0 -37 0 *
Ve
1e-07
90.68042 -10.614158 0
0 0

0101101
*
Ed
 1e-07 1 1 0
1  567 0 0 13.1219027149702
2  874 58 0 0 13.1219027149702
2  875 59 0 0 13.1219027149702
0

0101000
+37 0 -35 0 *
Ve
1e-07
85.765038 -4.288614 0
0 0

0101101
*
Ed
 1e-07 1 1 0
1  568 0 0 8.01083560571929
2  876 58 0 0 8.01083560571929
2  877 59 0 0 8.01083560571929
0

0101000
+35 0 -33 0 *
Ve
1e-07
83.939575 3.796272 0
0 0

0101101
*
Ed
 1e-07 1 1 0
1  569 0 0 8.28840737399924
2  878 58 0 0 8.28840737399924
2  879 59 0 0 8.28840737399924
0

0101000
+33 0 -31 0 *
Ve
1e-07
85.414764 11.102396 0
0 0

0101101
*
Ed
 1e-07 1 1 0
1  570 0 0 7.45356495169238
2  880 58 0 0 7.45356495169238
2  881 59 0 0 7.45356495169238
0

0101000
+31 0 -29 0 *
Ve
1e-07
89.43766 17.068691 0
0 0

0101101
*
Ed
 1e-07 1 1 0
1  571 0 0 7.19585771495247
2  882 58 0 0 7.19585771495247
2  883 59 0 0 7.19585771495247
0

0101000
+29 0 -27 0 *
Ve
1e-07
95.404236 21.091297 0
0 0

0101101
*
Ed
 1e-07 1 1 0
1  572 0 0 7.19592858462423
2  884 58 0 0 7.19592858462423
2  885 59 0 0 7.19592858462423
0

0101000
+27 0 -25 0 *
Ve
1e-07
102.710495 22.566357 0
0 0

0101101
*
Ed
 1e-07 1 1 0
1  573 0 0 7.45367175147128
2  886 58 0 0 7.45367175147128
2  887 59 0 0 7.45367175147128
0

0101000
+25 0 -23 0 *
Ve
1e-07
110.016617 21.091297 0
0 0

0101101
*
Ed
 1e-07 1 1 0
1  574 0 0 7.45353746099689
2  888 58 0 0 7.45353746099689
2  889 59 0 0 7.45353746099689
0

0101000
+23 0 -21 0 *
Ve
1e-07
115.98291 17.068691 0
0 0

0101101
*
Ed
 1e-07 1 1 0
1  575 0 0 7.19569393408899
2  890 58 0 0 7.19569393408899
2  891 59 0 0 7.19569393408899
0

0101000
+21 0 -19 0 *
Ve
1e-07
120.005524 11.102396 0
0 0

0101101
*
Ed
 1e-07 1 1 0
1  576 0 0 7.19570006462338
2  892 58 0 0 7.19570006462338
2  893 59 0 0 7.19570006462338
0

0101000
+19 0 -17 0 *
Ve
1e-07
121.480583 3.796272 0
0 0

0101101
*
Ed
 1e-07 1 1 0
1  577 0 0 7.45353922354052
2  894 58 0 0 7.45353922354052
2  895 59 0 0 7.45353922354052
0

0101000
+17 0 -15 0 *
Ve
1e-07
119.756104 -4.074146 0
0 0

0101101
*
Ed
 1e-07 1 1 0
1  578 0 0 8.0571277336384
2  896 58 0 0 8.0571277336384
2  897 59 0 0 8.0571277336384
0

0101000
+15 0 -13 0 *
Ve
1e-07
115.095985 -10.309195 0
0 0

0101101
*
Ed
 1e-07 1 1 0
1  579 0 0 7.78412134582716
2  898 58 0 0 7.78412134582716
2  899 59 0 0 7.78412134582716
0

0101000
+13 0 -11 0 *
Ve
1e-07
107.434013 -0.136087 0
0 0

0101101
*
Ed
 1e-07 1 1 0
1  580 0 0 12.7356955565233
2  900 58 0 0 12.7356955565233
2  901 59 0 0 12.7356955565233
0

0101000
+11 0 -9 0 *
Ve
1e-07
107.433014 -0.136945 0
0 0

0101101
*
Ed
 1e-07 1 1 0
1  581 0 0 0.00131687698741613
2  902 58 0 0 0.00131687698741613
2  903 59 0 0 0.00131687698741613
0

0101000
+9 0 -7 0 *
Ve
1e-07
107.430183 -0.139685 0
0 0

0101101
*
Ed
 1e-07 1 1 0
1  582 0 0 0.00393981738155497
2  904 58 0 0 0.00393981738155497
2  905 59 0 0 0.00393981738155497
0

0101000
+7 0 -5 0 *
Ed
 1e-07 1 1 0
1  583 0 0 0.0155614983854338
2  906 58 0 0 0.0155614983854338
2  907 59 0 0 0.0155614983854338
0

0101000
+5 0 -118 0 *
Wi

0101100
+116 0 +114 0 +112 0 +110 0 +108 0 +106 0 +104 0 +102 0 +100 0 +98 0 
+96 0 +94 0 +92 0 +90 0 +88 0 +86 0 +84 0 +82 0 +80 0 +78 0 
+76 0 +74 0 +72 0 +70 0 +68 0 +66 0 +64 0 +62 0 +60 0 +58 0 
+56 0 +54 0 +52 0 +50 0 +48 0 +46 0 +44 0 +42 0 +40 0 +38 0 
+36 0 +34 0 +32 0 +30 0 +28 0 +26 0 +24 0 +22 0 +20 0 +18 0 
+16 0 +14 0 +12 0 +10 0 +8 0 +6 0 +4 0 +3 0 *
Fa
0  1e-07 1 0

1111000
+872 0 +839 0 +806 0 +797 0 +788 0 +779 0 +770 0 +761 0 +752 0 +743 0 
+734 0 +717 0 +708 0 +699 0 +690 0 +673 0 +658 0 +641 0 +578 0 +545 0 
+510 0 +467 0 +426 0 +365 0 +316 0 +249 0 +180 0 +119 0 +2 0 *

+1 0 