# Rhino

g corridor_d_9_13
v 18.777568817138672 24 0.24828717112541199
v 18.777568817138672 27 0.24828717112541199
v 18.777568817138672 24 -4.0767130851745605
v 18.777568817138672 27 -4.0767130851745605
v 15.353425025939941 24 -4.0767130851745605
v 15.353425025939941 27 -4.0767130851745605
v 15.353425025939941 24 0.24828717112541199
v 15.353425025939941 27 0.24828717112541199
f 2 1 3 4
f 4 3 5 6
f 6 5 7 8
f 8 7 1 2
f 7 5 3 1
f 8 2 4 6
g corridor_d_9_12
v 18.777568817138672 24 -4.0767130851745605
v 18.777568817138672 27 -4.0767130851745605
v 18.777568817138672 24 -5.2767128944396973
v 18.777568817138672 27 -5.2767128944396973
v 15.353425025939941 24 -5.2767128944396973
v 15.353425025939941 27 -5.2767128944396973
v 15.353425025939941 24 -4.0767130851745605
v 15.353425025939941 27 -4.0767130851745605
f 10 9 11 12
f 12 11 13 14
f 14 13 15 16
f 16 15 9 10
f 15 13 11 9
f 16 10 12 14
g corridor_d_9_11
v 22.977170944213867 24 -5.2767128944396973
v 22.977170944213867 27 -5.2767128944396973
v 22.977170944213867 24 -8.3084068298339844
v 22.977170944213867 27 -8.3084068298339844
v 20.875 24 -8.3084068298339844
v 20.875 27 -8.3084068298339844
v 20.875 24 -6.7982869148254395
v 20.875 27 -6.7982869148254395
v 16.44999885559082 24 -6.7982869148254395
v 16.44999885559082 27 -6.7982869148254395
v 16.44999885559082 24 -5.2767128944396973
v 16.44999885559082 27 -5.2767128944396973
f 27 25 23 21 19 17
f 28 18 20 22 24 26
f 18 17 19 20
f 20 19 21 22
f 22 21 23 24
f 24 23 25 26
f 26 25 27 28
f 28 27 17 18
g corridor_d_9_10
v 24.600000381469727 24 -5.2767128944396973
v 24.600000381469727 27 -5.2767128944396973
v 24.600000381469727 24 -6.4900670051574707
v 24.600000381469727 27 -6.4900670051574707
v 22.977170944213867 24 -6.4900670051574707
v 22.977170944213867 27 -6.4900670051574707
v 22.977170944213867 24 -5.2767128944396973
v 22.977170944213867 27 -5.2767128944396973
f 30 29 31 32
f 32 31 33 34
f 34 33 35 36
f 36 35 29 30
f 35 33 31 29
f 36 30 32 34
g corridor_d_9_9
v 24.600000381469727 24 -1.2475488185882568
v 24.600000381469727 27 -1.2475488185882568
v 24.600000381469727 24 -5.2767128944396973
v 24.600000381469727 27 -5.2767128944396973
v 21.727569580078125 24 -5.2767128944396973
v 21.727569580078125 27 -5.2767128944396973
v 21.727569580078125 24 -1.2475488185882568
v 21.727569580078125 27 -1.2475488185882568
f 38 37 39 40
f 40 39 41 42
f 42 41 43 44
f 44 43 37 38
f 43 41 39 37
f 44 38 40 42
g corridor_d_9_8
v 20.875 24 -6.7982869148254395
v 20.875 27 -6.7982869148254395
v 20.875 24 -12.245989799499512
v 20.875 27 -12.245989799499512
v 17.472429275512695 24 -12.245989799499512
v 17.472429275512695 27 -12.245989799499512
v 17.472429275512695 24 -6.7982869148254395
v 17.472429275512695 27 -6.7982869148254395
f 46 45 47 48
f 48 47 49 50
f 50 49 51 52
f 52 51 45 46
f 51 49 47 45
f 52 46 48 50
g corridor_d_9_7
v 17.472429275512695 24 -6.7982869148254395
v 17.472429275512695 27 -6.7982869148254395
v 17.472429275512695 24 -12.245989799499512
v 17.472429275512695 27 -12.245989799499512
v 14.198287010192871 24 -12.245989799499512
v 14.198287010192871 27 -12.245989799499512
v 14.198287010192871 24 -8.0734529495239258
v 14.198287010192871 27 -8.0734529495239258
v 16.250205993652344 24 -8.0734529495239258
v 16.250205993652344 27 -8.0734529495239258
v 16.250205993652344 24 -6.7982869148254395
v 16.250205993652344 27 -6.7982869148254395
f 63 61 59 57 55 53
f 64 54 56 58 60 62
f 54 53 55 56
f 56 55 57 58
f 58 57 59 60
f 60 59 61 62
f 62 61 63 64
f 64 63 53 54
g corridor_d_9_6
v 16.250205993652344 24 -6.7982869148254395
v 16.250205993652344 27 -6.7982869148254395
v 16.250205993652344 24 -8.0734529495239258
v 16.250205993652344 27 -8.0734529495239258
v 14.198287010192871 24 -8.0734529495239258
v 14.198287010192871 27 -8.0734529495239258
v 14.198287010192871 24 -6.7982869148254395
v 14.198287010192871 27 -6.7982869148254395
f 66 65 67 68
f 68 67 69 70
f 70 69 71 72
f 72 71 65 66
f 71 69 67 65
f 72 66 68 70
g corridor_d_9_5
v 21.727569580078125 24 0.24828717112541199
v 21.727569580078125 27 0.24828717112541199
v 21.727569580078125 24 -1.2475488185882568
v 21.727569580078125 27 -1.2475488185882568
v 18.777568817138672 24 -1.2475488185882568
v 18.777568817138672 27 -1.2475488185882568
v 18.777568817138672 24 0.24828717112541199
v 18.777568817138672 27 0.24828717112541199
f 74 73 75 76
f 76 75 77 78
f 78 77 79 80
f 80 79 73 74
f 79 77 75 73
f 80 74 76 78
g corridor_d_9_4
v 24.600000381469727 24 0.24828717112541199
v 24.600000381469727 27 0.24828717112541199
v 24.600000381469727 24 -1.2475488185882568
v 24.600000381469727 27 -1.2475488185882568
v 21.727569580078125 24 -1.2475488185882568
v 21.727569580078125 27 -1.2475488185882568
v 21.727569580078125 24 0.24828717112541199
v 21.727569580078125 27 0.24828717112541199
f 82 81 83 84
f 84 83 85 86
f 86 85 87 88
f 88 87 81 82
f 87 85 83 81
f 88 82 84 86
g corridor_d_9_3
v 21.727569580078125 24 -1.2475488185882568
v 21.727569580078125 27 -1.2475488185882568
v 21.727569580078125 24 -5.2767128944396973
v 21.727569580078125 27 -5.2767128944396973
v 18.777568817138672 24 -5.2767128944396973
v 18.777568817138672 27 -5.2767128944396973
v 18.777568817138672 24 -1.2475488185882568
v 18.777568817138672 27 -1.2475488185882568
f 90 89 91 92
f 92 91 93 94
f 94 93 95 96
f 96 95 89 90
f 95 93 91 89
f 96 90 92 94
g corridor_d_9_2
v 24.600000381469727 24 -6.4900670051574707
v 24.600000381469727 27 -6.4900670051574707
v 24.600000381469727 24 -8.3084068298339844
v 24.600000381469727 27 -8.3084068298339844
v 22.977170944213867 24 -8.3084068298339844
v 22.977170944213867 27 -8.3084068298339844
v 22.977170944213867 24 -6.4900670051574707
v 22.977170944213867 27 -6.4900670051574707
f 98 97 99 100
f 100 99 101 102
f 102 101 103 104
f 104 103 97 98
f 103 101 99 97
f 104 98 100 102
g corridor_d_9_1
v 24.600000381469727 24 -8.3084068298339844
v 24.600000381469727 27 -8.3084068298339844
v 24.600000381469727 24 -12.245989799499512
v 24.600000381469727 27 -12.245989799499512
v 20.875 24 -12.245989799499512
v 20.875 27 -12.245989799499512
v 20.875 24 -8.3084068298339844
v 20.875 27 -8.3084068298339844
f 106 105 107 108
f 108 107 109 110
f 110 109 111 112
f 112 111 105 106
f 111 109 107 105
f 112 106 108 110
g corridor_d_8_13
v 18.777568817138672 21 0.24828717112541199
v 18.777568817138672 24 0.24828717112541199
v 18.777568817138672 21 -4.0767130851745605
v 18.777568817138672 24 -4.0767130851745605
v 15.353425025939941 21 -4.0767130851745605
v 15.353425025939941 24 -4.0767130851745605
v 15.353425025939941 21 0.24828717112541199
v 15.353425025939941 24 0.24828717112541199
f 114 113 115 116
f 116 115 117 118
f 118 117 119 120
f 120 119 113 114
f 119 117 115 113
f 120 114 116 118
g corridor_d_8_12
v 18.777568817138672 21 -4.0767130851745605
v 18.777568817138672 24 -4.0767130851745605
v 18.777568817138672 21 -5.2767128944396973
v 18.777568817138672 24 -5.2767128944396973
v 15.353425025939941 21 -5.2767128944396973
v 15.353425025939941 24 -5.2767128944396973
v 15.353425025939941 21 -4.0767130851745605
v 15.353425025939941 24 -4.0767130851745605
f 122 121 123 124
f 124 123 125 126
f 126 125 127 128
f 128 127 121 122
f 127 125 123 121
f 128 122 124 126
g corridor_d_8_11
v 22.977170944213867 21 -5.2767128944396973
v 22.977170944213867 24 -5.2767128944396973
v 22.977170944213867 21 -8.3084068298339844
v 22.977170944213867 24 -8.3084068298339844
v 20.875 21 -8.3084068298339844
v 20.875 24 -8.3084068298339844
v 20.875 21 -6.7982869148254395
v 20.875 24 -6.7982869148254395
v 16.44999885559082 21 -6.7982869148254395
v 16.44999885559082 24 -6.7982869148254395
v 16.44999885559082 21 -5.2767128944396973
v 16.44999885559082 24 -5.2767128944396973
f 139 137 135 133 131 129
f 140 130 132 134 136 138
f 130 129 131 132
f 132 131 133 134
f 134 133 135 136
f 136 135 137 138
f 138 137 139 140
f 140 139 129 130
g corridor_d_8_10
v 24.600000381469727 21 -5.2767128944396973
v 24.600000381469727 24 -5.2767128944396973
v 24.600000381469727 21 -6.4900670051574707
v 24.600000381469727 24 -6.4900670051574707
v 22.977170944213867 21 -6.4900670051574707
v 22.977170944213867 24 -6.4900670051574707
v 22.977170944213867 21 -5.2767128944396973
v 22.977170944213867 24 -5.2767128944396973
f 142 141 143 144
f 144 143 145 146
f 146 145 147 148
f 148 147 141 142
f 147 145 143 141
f 148 142 144 146
g corridor_d_8_9
v 24.600000381469727 21 -1.2475488185882568
v 24.600000381469727 24 -1.2475488185882568
v 24.600000381469727 21 -5.2767128944396973
v 24.600000381469727 24 -5.2767128944396973
v 21.727569580078125 21 -5.2767128944396973
v 21.727569580078125 24 -5.2767128944396973
v 21.727569580078125 21 -1.2475488185882568
v 21.727569580078125 24 -1.2475488185882568
f 150 149 151 152
f 152 151 153 154
f 154 153 155 156
f 156 155 149 150
f 155 153 151 149
f 156 150 152 154
g corridor_d_8_8
v 20.875 21 -6.7982869148254395
v 20.875 24 -6.7982869148254395
v 20.875 21 -12.245989799499512
v 20.875 24 -12.245989799499512
v 17.472429275512695 21 -12.245989799499512
v 17.472429275512695 24 -12.245989799499512
v 17.472429275512695 21 -6.7982869148254395
v 17.472429275512695 24 -6.7982869148254395
f 158 157 159 160
f 160 159 161 162
f 162 161 163 164
f 164 163 157 158
f 163 161 159 157
f 164 158 160 162
g corridor_d_8_7
v 17.472429275512695 21 -6.7982869148254395
v 17.472429275512695 24 -6.7982869148254395
v 17.472429275512695 21 -12.245989799499512
v 17.472429275512695 24 -12.245989799499512
v 14.198287010192871 21 -12.245989799499512
v 14.198287010192871 24 -12.245989799499512
v 14.198287010192871 21 -8.0734529495239258
v 14.198287010192871 24 -8.0734529495239258
v 16.250205993652344 21 -8.0734529495239258
v 16.250205993652344 24 -8.0734529495239258
v 16.250205993652344 21 -6.7982869148254395
v 16.250205993652344 24 -6.7982869148254395
f 175 173 171 169 167 165
f 176 166 168 170 172 174
f 166 165 167 168
f 168 167 169 170
f 170 169 171 172
f 172 171 173 174
f 174 173 175 176
f 176 175 165 166
g corridor_d_8_6
v 16.250205993652344 21 -6.7982869148254395
v 16.250205993652344 24 -6.7982869148254395
v 16.250205993652344 21 -8.0734529495239258
v 16.250205993652344 24 -8.0734529495239258
v 14.198287010192871 21 -8.0734529495239258
v 14.198287010192871 24 -8.0734529495239258
v 14.198287010192871 21 -6.7982869148254395
v 14.198287010192871 24 -6.7982869148254395
f 178 177 179 180
f 180 179 181 182
f 182 181 183 184
f 184 183 177 178
f 183 181 179 177
f 184 178 180 182
g corridor_d_8_5
v 21.727569580078125 21 0.24828717112541199
v 21.727569580078125 24 0.24828717112541199
v 21.727569580078125 21 -1.2475488185882568
v 21.727569580078125 24 -1.2475488185882568
v 18.777568817138672 21 -1.2475488185882568
v 18.777568817138672 24 -1.2475488185882568
v 18.777568817138672 21 0.24828717112541199
v 18.777568817138672 24 0.24828717112541199
f 186 185 187 188
f 188 187 189 190
f 190 189 191 192
f 192 191 185 186
f 191 189 187 185
f 192 186 188 190
g corridor_d_8_4
v 24.600000381469727 21 0.24828717112541199
v 24.600000381469727 24 0.24828717112541199
v 24.600000381469727 21 -1.2475488185882568
v 24.600000381469727 24 -1.2475488185882568
v 21.727569580078125 21 -1.2475488185882568
v 21.727569580078125 24 -1.2475488185882568
v 21.727569580078125 21 0.24828717112541199
v 21.727569580078125 24 0.24828717112541199
f 194 193 195 196
f 196 195 197 198
f 198 197 199 200
f 200 199 193 194
f 199 197 195 193
f 200 194 196 198
g corridor_d_8_3
v 21.727569580078125 21 -1.2475488185882568
v 21.727569580078125 24 -1.2475488185882568
v 21.727569580078125 21 -5.2767128944396973
v 21.727569580078125 24 -5.2767128944396973
v 18.777568817138672 21 -5.2767128944396973
v 18.777568817138672 24 -5.2767128944396973
v 18.777568817138672 21 -1.2475488185882568
v 18.777568817138672 24 -1.2475488185882568
f 202 201 203 204
f 204 203 205 206
f 206 205 207 208
f 208 207 201 202
f 207 205 203 201
f 208 202 204 206
g corridor_d_8_2
v 24.600000381469727 21 -6.4900670051574707
v 24.600000381469727 24 -6.4900670051574707
v 24.600000381469727 21 -8.3084068298339844
v 24.600000381469727 24 -8.3084068298339844
v 22.977170944213867 21 -8.3084068298339844
v 22.977170944213867 24 -8.3084068298339844
v 22.977170944213867 21 -6.4900670051574707
v 22.977170944213867 24 -6.4900670051574707
f 210 209 211 212
f 212 211 213 214
f 214 213 215 216
f 216 215 209 210
f 215 213 211 209
f 216 210 212 214
g corridor_d_8_1
v 24.600000381469727 21 -8.3084068298339844
v 24.600000381469727 24 -8.3084068298339844
v 24.600000381469727 21 -12.245989799499512
v 24.600000381469727 24 -12.245989799499512
v 20.875 21 -12.245989799499512
v 20.875 24 -12.245989799499512
v 20.875 21 -8.3084068298339844
v 20.875 24 -8.3084068298339844
f 218 217 219 220
f 220 219 221 222
f 222 221 223 224
f 224 223 217 218
f 223 221 219 217
f 224 218 220 222
g corridor_d_7_13
v 18.777568817138672 18 0.24828717112541199
v 18.777568817138672 21 0.24828717112541199
v 18.777568817138672 18 -4.0767130851745605
v 18.777568817138672 21 -4.0767130851745605
v 15.353425025939941 18 -4.0767130851745605
v 15.353425025939941 21 -4.0767130851745605
v 15.353425025939941 18 0.24828717112541199
v 15.353425025939941 21 0.24828717112541199
f 226 225 227 228
f 228 227 229 230
f 230 229 231 232
f 232 231 225 226
f 231 229 227 225
f 232 226 228 230
g corridor_d_7_12
v 18.777568817138672 18 -4.0767130851745605
v 18.777568817138672 21 -4.0767130851745605
v 18.777568817138672 18 -5.2767128944396973
v 18.777568817138672 21 -5.2767128944396973
v 15.353425025939941 18 -5.2767128944396973
v 15.353425025939941 21 -5.2767128944396973
v 15.353425025939941 18 -4.0767130851745605
v 15.353425025939941 21 -4.0767130851745605
f 234 233 235 236
f 236 235 237 238
f 238 237 239 240
f 240 239 233 234
f 239 237 235 233
f 240 234 236 238
g corridor_d_7_11
v 22.977170944213867 18 -5.2767128944396973
v 22.977170944213867 21 -5.2767128944396973
v 22.977170944213867 18 -8.3084068298339844
v 22.977170944213867 21 -8.3084068298339844
v 20.875 18 -8.3084068298339844
v 20.875 21 -8.3084068298339844
v 20.875 18 -6.7982869148254395
v 20.875 21 -6.7982869148254395
v 16.44999885559082 18 -6.7982869148254395
v 16.44999885559082 21 -6.7982869148254395
v 16.44999885559082 18 -5.2767128944396973
v 16.44999885559082 21 -5.2767128944396973
f 251 249 247 245 243 241
f 252 242 244 246 248 250
f 242 241 243 244
f 244 243 245 246
f 246 245 247 248
f 248 247 249 250
f 250 249 251 252
f 252 251 241 242
g corridor_d_7_10
v 24.600000381469727 18 -5.2767128944396973
v 24.600000381469727 21 -5.2767128944396973
v 24.600000381469727 18 -6.4900670051574707
v 24.600000381469727 21 -6.4900670051574707
v 22.977170944213867 18 -6.4900670051574707
v 22.977170944213867 21 -6.4900670051574707
v 22.977170944213867 18 -5.2767128944396973
v 22.977170944213867 21 -5.2767128944396973
f 254 253 255 256
f 256 255 257 258
f 258 257 259 260
f 260 259 253 254
f 259 257 255 253
f 260 254 256 258
g corridor_d_7_9
v 24.600000381469727 18 -1.2475488185882568
v 24.600000381469727 21 -1.2475488185882568
v 24.600000381469727 18 -5.2767128944396973
v 24.600000381469727 21 -5.2767128944396973
v 21.727569580078125 18 -5.2767128944396973
v 21.727569580078125 21 -5.2767128944396973
v 21.727569580078125 18 -1.2475488185882568
v 21.727569580078125 21 -1.2475488185882568
f 262 261 263 264
f 264 263 265 266
f 266 265 267 268
f 268 267 261 262
f 267 265 263 261
f 268 262 264 266
g corridor_d_7_8
v 20.875 18 -6.7982869148254395
v 20.875 21 -6.7982869148254395
v 20.875 18 -12.245989799499512
v 20.875 21 -12.245989799499512
v 17.472429275512695 18 -12.245989799499512
v 17.472429275512695 21 -12.245989799499512
v 17.472429275512695 18 -6.7982869148254395
v 17.472429275512695 21 -6.7982869148254395
f 270 269 271 272
f 272 271 273 274
f 274 273 275 276
f 276 275 269 270
f 275 273 271 269
f 276 270 272 274
g corridor_d_7_7
v 17.472429275512695 18 -6.7982869148254395
v 17.472429275512695 21 -6.7982869148254395
v 17.472429275512695 18 -12.245989799499512
v 17.472429275512695 21 -12.245989799499512
v 14.198287010192871 18 -12.245989799499512
v 14.198287010192871 21 -12.245989799499512
v 14.198287010192871 18 -8.0734529495239258
v 14.198287010192871 21 -8.0734529495239258
v 16.250205993652344 18 -8.0734529495239258
v 16.250205993652344 21 -8.0734529495239258
v 16.250205993652344 18 -6.7982869148254395
v 16.250205993652344 21 -6.7982869148254395
f 287 285 283 281 279 277
f 288 278 280 282 284 286
f 278 277 279 280
f 280 279 281 282
f 282 281 283 284
f 284 283 285 286
f 286 285 287 288
f 288 287 277 278
g corridor_d_7_6
v 16.250205993652344 18 -6.7982869148254395
v 16.250205993652344 21 -6.7982869148254395
v 16.250205993652344 18 -8.0734529495239258
v 16.250205993652344 21 -8.0734529495239258
v 14.198287010192871 18 -8.0734529495239258
v 14.198287010192871 21 -8.0734529495239258
v 14.198287010192871 18 -6.7982869148254395
v 14.198287010192871 21 -6.7982869148254395
f 290 289 291 292
f 292 291 293 294
f 294 293 295 296
f 296 295 289 290
f 295 293 291 289
f 296 290 292 294
g corridor_d_7_5
v 21.727569580078125 18 0.24828717112541199
v 21.727569580078125 21 0.24828717112541199
v 21.727569580078125 18 -1.2475488185882568
v 21.727569580078125 21 -1.2475488185882568
v 18.777568817138672 18 -1.2475488185882568
v 18.777568817138672 21 -1.2475488185882568
v 18.777568817138672 18 0.24828717112541199
v 18.777568817138672 21 0.24828717112541199
f 298 297 299 300
f 300 299 301 302
f 302 301 303 304
f 304 303 297 298
f 303 301 299 297
f 304 298 300 302
g corridor_d_7_4
v 24.600000381469727 18 0.24828717112541199
v 24.600000381469727 21 0.24828717112541199
v 24.600000381469727 18 -1.2475488185882568
v 24.600000381469727 21 -1.2475488185882568
v 21.727569580078125 18 -1.2475488185882568
v 21.727569580078125 21 -1.2475488185882568
v 21.727569580078125 18 0.24828717112541199
v 21.727569580078125 21 0.24828717112541199
f 306 305 307 308
f 308 307 309 310
f 310 309 311 312
f 312 311 305 306
f 311 309 307 305
f 312 306 308 310
g corridor_d_7_3
v 21.727569580078125 18 -1.2475488185882568
v 21.727569580078125 21 -1.2475488185882568
v 21.727569580078125 18 -5.2767128944396973
v 21.727569580078125 21 -5.2767128944396973
v 18.777568817138672 18 -5.2767128944396973
v 18.777568817138672 21 -5.2767128944396973
v 18.777568817138672 18 -1.2475488185882568
v 18.777568817138672 21 -1.2475488185882568
f 314 313 315 316
f 316 315 317 318
f 318 317 319 320
f 320 319 313 314
f 319 317 315 313
f 320 314 316 318
g corridor_d_7_2
v 24.600000381469727 18 -6.4900670051574707
v 24.600000381469727 21 -6.4900670051574707
v 24.600000381469727 18 -8.3084068298339844
v 24.600000381469727 21 -8.3084068298339844
v 22.977170944213867 18 -8.3084068298339844
v 22.977170944213867 21 -8.3084068298339844
v 22.977170944213867 18 -6.4900670051574707
v 22.977170944213867 21 -6.4900670051574707
f 322 321 323 324
f 324 323 325 326
f 326 325 327 328
f 328 327 321 322
f 327 325 323 321
f 328 322 324 326
g corridor_d_7_1
v 24.600000381469727 18 -8.3084068298339844
v 24.600000381469727 21 -8.3084068298339844
v 24.600000381469727 18 -12.245989799499512
v 24.600000381469727 21 -12.245989799499512
v 20.875 18 -12.245989799499512
v 20.875 21 -12.245989799499512
v 20.875 18 -8.3084068298339844
v 20.875 21 -8.3084068298339844
f 330 329 331 332
f 332 331 333 334
f 334 333 335 336
f 336 335 329 330
f 335 333 331 329
f 336 330 332 334
g corridor_d_6_13
v 18.777568817138672 15 0.24828717112541199
v 18.777568817138672 18 0.24828717112541199
v 18.777568817138672 15 -4.0767130851745605
v 18.777568817138672 18 -4.0767130851745605
v 15.353425025939941 15 -4.0767130851745605
v 15.353425025939941 18 -4.0767130851745605
v 15.353425025939941 15 0.24828717112541199
v 15.353425025939941 18 0.24828717112541199
f 338 337 339 340
f 340 339 341 342
f 342 341 343 344
f 344 343 337 338
f 343 341 339 337
f 344 338 340 342
g corridor_d_6_12
v 18.777568817138672 15 -4.0767130851745605
v 18.777568817138672 18 -4.0767130851745605
v 18.777568817138672 15 -5.2767128944396973
v 18.777568817138672 18 -5.2767128944396973
v 15.353425025939941 15 -5.2767128944396973
v 15.353425025939941 18 -5.2767128944396973
v 15.353425025939941 15 -4.0767130851745605
v 15.353425025939941 18 -4.0767130851745605
f 346 345 347 348
f 348 347 349 350
f 350 349 351 352
f 352 351 345 346
f 351 349 347 345
f 352 346 348 350
g corridor_d_6_11
v 22.977170944213867 15 -5.2767128944396973
v 22.977170944213867 18 -5.2767128944396973
v 22.977170944213867 15 -8.3084068298339844
v 22.977170944213867 18 -8.3084068298339844
v 20.875 15 -8.3084068298339844
v 20.875 18 -8.3084068298339844
v 20.875 15 -6.7982869148254395
v 20.875 18 -6.7982869148254395
v 16.44999885559082 15 -6.7982869148254395
v 16.44999885559082 18 -6.7982869148254395
v 16.44999885559082 15 -5.2767128944396973
v 16.44999885559082 18 -5.2767128944396973
f 363 361 359 357 355 353
f 364 354 356 358 360 362
f 354 353 355 356
f 356 355 357 358
f 358 357 359 360
f 360 359 361 362
f 362 361 363 364
f 364 363 353 354
g corridor_d_6_10
v 24.600000381469727 15 -5.2767128944396973
v 24.600000381469727 18 -5.2767128944396973
v 24.600000381469727 15 -6.4900670051574707
v 24.600000381469727 18 -6.4900670051574707
v 22.977170944213867 15 -6.4900670051574707
v 22.977170944213867 18 -6.4900670051574707
v 22.977170944213867 15 -5.2767128944396973
v 22.977170944213867 18 -5.2767128944396973
f 366 365 367 368
f 368 367 369 370
f 370 369 371 372
f 372 371 365 366
f 371 369 367 365
f 372 366 368 370
g corridor_d_6_9
v 24.600000381469727 15 -1.2475488185882568
v 24.600000381469727 18 -1.2475488185882568
v 24.600000381469727 15 -5.2767128944396973
v 24.600000381469727 18 -5.2767128944396973
v 21.727569580078125 15 -5.2767128944396973
v 21.727569580078125 18 -5.2767128944396973
v 21.727569580078125 15 -1.2475488185882568
v 21.727569580078125 18 -1.2475488185882568
f 374 373 375 376
f 376 375 377 378
f 378 377 379 380
f 380 379 373 374
f 379 377 375 373
f 380 374 376 378
g corridor_d_6_8
v 20.875 15 -6.7982869148254395
v 20.875 18 -6.7982869148254395
v 20.875 15 -12.245989799499512
v 20.875 18 -12.245989799499512
v 17.472429275512695 15 -12.245989799499512
v 17.472429275512695 18 -12.245989799499512
v 17.472429275512695 15 -6.7982869148254395
v 17.472429275512695 18 -6.7982869148254395
f 382 381 383 384
f 384 383 385 386
f 386 385 387 388
f 388 387 381 382
f 387 385 383 381
f 388 382 384 386
g corridor_d_6_7
v 17.472429275512695 15 -6.7982869148254395
v 17.472429275512695 18 -6.7982869148254395
v 17.472429275512695 15 -12.245989799499512
v 17.472429275512695 18 -12.245989799499512
v 14.198287010192871 15 -12.245989799499512
v 14.198287010192871 18 -12.245989799499512
v 14.198287010192871 15 -8.0734529495239258
v 14.198287010192871 18 -8.0734529495239258
v 16.250205993652344 15 -8.0734529495239258
v 16.250205993652344 18 -8.0734529495239258
v 16.250205993652344 15 -6.7982869148254395
v 16.250205993652344 18 -6.7982869148254395
f 399 397 395 393 391 389
f 400 390 392 394 396 398
f 390 389 391 392
f 392 391 393 394
f 394 393 395 396
f 396 395 397 398
f 398 397 399 400
f 400 399 389 390
g corridor_d_6_6
v 16.250205993652344 15 -6.7982869148254395
v 16.250205993652344 18 -6.7982869148254395
v 16.250205993652344 15 -8.0734529495239258
v 16.250205993652344 18 -8.0734529495239258
v 14.198287010192871 15 -8.0734529495239258
v 14.198287010192871 18 -8.0734529495239258
v 14.198287010192871 15 -6.7982869148254395
v 14.198287010192871 18 -6.7982869148254395
f 402 401 403 404
f 404 403 405 406
f 406 405 407 408
f 408 407 401 402
f 407 405 403 401
f 408 402 404 406
g corridor_d_6_5
v 21.727569580078125 15 0.24828717112541199
v 21.727569580078125 18 0.24828717112541199
v 21.727569580078125 15 -1.2475488185882568
v 21.727569580078125 18 -1.2475488185882568
v 18.777568817138672 15 -1.2475488185882568
v 18.777568817138672 18 -1.2475488185882568
v 18.777568817138672 15 0.24828717112541199
v 18.777568817138672 18 0.24828717112541199
f 410 409 411 412
f 412 411 413 414
f 414 413 415 416
f 416 415 409 410
f 415 413 411 409
f 416 410 412 414
g corridor_d_6_4
v 24.600000381469727 15 0.24828717112541199
v 24.600000381469727 18 0.24828717112541199
v 24.600000381469727 15 -1.2475488185882568
v 24.600000381469727 18 -1.2475488185882568
v 21.727569580078125 15 -1.2475488185882568
v 21.727569580078125 18 -1.2475488185882568
v 21.727569580078125 15 0.24828717112541199
v 21.727569580078125 18 0.24828717112541199
f 418 417 419 420
f 420 419 421 422
f 422 421 423 424
f 424 423 417 418
f 423 421 419 417
f 424 418 420 422
g corridor_d_6_3
v 21.727569580078125 15 -1.2475488185882568
v 21.727569580078125 18 -1.2475488185882568
v 21.727569580078125 15 -5.2767128944396973
v 21.727569580078125 18 -5.2767128944396973
v 18.777568817138672 15 -5.2767128944396973
v 18.777568817138672 18 -5.2767128944396973
v 18.777568817138672 15 -1.2475488185882568
v 18.777568817138672 18 -1.2475488185882568
f 426 425 427 428
f 428 427 429 430
f 430 429 431 432
f 432 431 425 426
f 431 429 427 425
f 432 426 428 430
g corridor_d_6_2
v 24.600000381469727 15 -6.4900670051574707
v 24.600000381469727 18 -6.4900670051574707
v 24.600000381469727 15 -8.3084068298339844
v 24.600000381469727 18 -8.3084068298339844
v 22.977170944213867 15 -8.3084068298339844
v 22.977170944213867 18 -8.3084068298339844
v 22.977170944213867 15 -6.4900670051574707
v 22.977170944213867 18 -6.4900670051574707
f 434 433 435 436
f 436 435 437 438
f 438 437 439 440
f 440 439 433 434
f 439 437 435 433
f 440 434 436 438
g corridor_d_6_1
v 24.600000381469727 15 -8.3084068298339844
v 24.600000381469727 18 -8.3084068298339844
v 24.600000381469727 15 -12.245989799499512
v 24.600000381469727 18 -12.245989799499512
v 20.875 15 -12.245989799499512
v 20.875 18 -12.245989799499512
v 20.875 15 -8.3084068298339844
v 20.875 18 -8.3084068298339844
f 442 441 443 444
f 444 443 445 446
f 446 445 447 448
f 448 447 441 442
f 447 445 443 441
f 448 442 444 446
g corridor_d_5_13
v 18.777568817138672 12 0.24828717112541199
v 18.777568817138672 15 0.24828717112541199
v 18.777568817138672 12 -4.0767130851745605
v 18.777568817138672 15 -4.0767130851745605
v 15.353425025939941 12 -4.0767130851745605
v 15.353425025939941 15 -4.0767130851745605
v 15.353425025939941 12 0.24828717112541199
v 15.353425025939941 15 0.24828717112541199
f 450 449 451 452
f 452 451 453 454
f 454 453 455 456
f 456 455 449 450
f 455 453 451 449
f 456 450 452 454
g corridor_d_5_12
v 18.777568817138672 12 -4.0767130851745605
v 18.777568817138672 15 -4.0767130851745605
v 18.777568817138672 12 -5.2767128944396973
v 18.777568817138672 15 -5.2767128944396973
v 15.353425025939941 12 -5.2767128944396973
v 15.353425025939941 15 -5.2767128944396973
v 15.353425025939941 12 -4.0767130851745605
v 15.353425025939941 15 -4.0767130851745605
f 458 457 459 460
f 460 459 461 462
f 462 461 463 464
f 464 463 457 458
f 463 461 459 457
f 464 458 460 462
g corridor_d_5_11
v 22.977170944213867 12 -5.2767128944396973
v 22.977170944213867 15 -5.2767128944396973
v 22.977170944213867 12 -8.3084068298339844
v 22.977170944213867 15 -8.3084068298339844
v 20.875 12 -8.3084068298339844
v 20.875 15 -8.3084068298339844
v 20.875 12 -6.7982869148254395
v 20.875 15 -6.7982869148254395
v 16.44999885559082 12 -6.7982869148254395
v 16.44999885559082 15 -6.7982869148254395
v 16.44999885559082 12 -5.2767128944396973
v 16.44999885559082 15 -5.2767128944396973
f 475 473 471 469 467 465
f 476 466 468 470 472 474
f 466 465 467 468
f 468 467 469 470
f 470 469 471 472
f 472 471 473 474
f 474 473 475 476
f 476 475 465 466
g corridor_d_5_10
v 24.600000381469727 12 -5.2767128944396973
v 24.600000381469727 15 -5.2767128944396973
v 24.600000381469727 12 -6.4900670051574707
v 24.600000381469727 15 -6.4900670051574707
v 22.977170944213867 12 -6.4900670051574707
v 22.977170944213867 15 -6.4900670051574707
v 22.977170944213867 12 -5.2767128944396973
v 22.977170944213867 15 -5.2767128944396973
f 478 477 479 480
f 480 479 481 482
f 482 481 483 484
f 484 483 477 478
f 483 481 479 477
f 484 478 480 482
g corridor_d_5_9
v 24.600000381469727 12 -1.2475488185882568
v 24.600000381469727 15 -1.2475488185882568
v 24.600000381469727 12 -5.2767128944396973
v 24.600000381469727 15 -5.2767128944396973
v 21.727569580078125 12 -5.2767128944396973
v 21.727569580078125 15 -5.2767128944396973
v 21.727569580078125 12 -1.2475488185882568
v 21.727569580078125 15 -1.2475488185882568
f 486 485 487 488
f 488 487 489 490
f 490 489 491 492
f 492 491 485 486
f 491 489 487 485
f 492 486 488 490
g corridor_d_5_8
v 20.875 12 -6.7982869148254395
v 20.875 15 -6.7982869148254395
v 20.875 12 -12.245989799499512
v 20.875 15 -12.245989799499512
v 17.472429275512695 12 -12.245989799499512
v 17.472429275512695 15 -12.245989799499512
v 17.472429275512695 12 -6.7982869148254395
v 17.472429275512695 15 -6.7982869148254395
f 494 493 495 496
f 496 495 497 498
f 498 497 499 500
f 500 499 493 494
f 499 497 495 493
f 500 494 496 498
g corridor_d_5_7
v 17.472429275512695 12 -6.7982869148254395
v 17.472429275512695 15 -6.7982869148254395
v 17.472429275512695 12 -12.245989799499512
v 17.472429275512695 15 -12.245989799499512
v 14.198287010192871 12 -12.245989799499512
v 14.198287010192871 15 -12.245989799499512
v 14.198287010192871 12 -8.0734529495239258
v 14.198287010192871 15 -8.0734529495239258
v 16.250205993652344 12 -8.0734529495239258
v 16.250205993652344 15 -8.0734529495239258
v 16.250205993652344 12 -6.7982869148254395
v 16.250205993652344 15 -6.7982869148254395
f 511 509 507 505 503 501
f 512 502 504 506 508 510
f 502 501 503 504
f 504 503 505 506
f 506 505 507 508
f 508 507 509 510
f 510 509 511 512
f 512 511 501 502
g corridor_d_5_6
v 16.250205993652344 12 -6.7982869148254395
v 16.250205993652344 15 -6.7982869148254395
v 16.250205993652344 12 -8.0734529495239258
v 16.250205993652344 15 -8.0734529495239258
v 14.198287010192871 12 -8.0734529495239258
v 14.198287010192871 15 -8.0734529495239258
v 14.198287010192871 12 -6.7982869148254395
v 14.198287010192871 15 -6.7982869148254395
f 514 513 515 516
f 516 515 517 518
f 518 517 519 520
f 520 519 513 514
f 519 517 515 513
f 520 514 516 518
g corridor_d_5_5
v 21.727569580078125 12 0.24828717112541199
v 21.727569580078125 15 0.24828717112541199
v 21.727569580078125 12 -1.2475488185882568
v 21.727569580078125 15 -1.2475488185882568
v 18.777568817138672 12 -1.2475488185882568
v 18.777568817138672 15 -1.2475488185882568
v 18.777568817138672 12 0.24828717112541199
v 18.777568817138672 15 0.24828717112541199
f 522 521 523 524
f 524 523 525 526
f 526 525 527 528
f 528 527 521 522
f 527 525 523 521
f 528 522 524 526
g corridor_d_5_4
v 24.600000381469727 12 0.24828717112541199
v 24.600000381469727 15 0.24828717112541199
v 24.600000381469727 12 -1.2475488185882568
v 24.600000381469727 15 -1.2475488185882568
v 21.727569580078125 12 -1.2475488185882568
v 21.727569580078125 15 -1.2475488185882568
v 21.727569580078125 12 0.24828717112541199
v 21.727569580078125 15 0.24828717112541199
f 530 529 531 532
f 532 531 533 534
f 534 533 535 536
f 536 535 529 530
f 535 533 531 529
f 536 530 532 534
g corridor_d_5_3
v 21.727569580078125 12 -1.2475488185882568
v 21.727569580078125 15 -1.2475488185882568
v 21.727569580078125 12 -5.2767128944396973
v 21.727569580078125 15 -5.2767128944396973
v 18.777568817138672 12 -5.2767128944396973
v 18.777568817138672 15 -5.2767128944396973
v 18.777568817138672 12 -1.2475488185882568
v 18.777568817138672 15 -1.2475488185882568
f 538 537 539 540
f 540 539 541 542
f 542 541 543 544
f 544 543 537 538
f 543 541 539 537
f 544 538 540 542
g corridor_d_5_2
v 24.600000381469727 12 -6.4900670051574707
v 24.600000381469727 15 -6.4900670051574707
v 24.600000381469727 12 -8.3084068298339844
v 24.600000381469727 15 -8.3084068298339844
v 22.977170944213867 12 -8.3084068298339844
v 22.977170944213867 15 -8.3084068298339844
v 22.977170944213867 12 -6.4900670051574707
v 22.977170944213867 15 -6.4900670051574707
f 546 545 547 548
f 548 547 549 550
f 550 549 551 552
f 552 551 545 546
f 551 549 547 545
f 552 546 548 550
g corridor_d_5_1
v 24.600000381469727 12 -8.3084068298339844
v 24.600000381469727 15 -8.3084068298339844
v 24.600000381469727 12 -12.245989799499512
v 24.600000381469727 15 -12.245989799499512
v 20.875 12 -12.245989799499512
v 20.875 15 -12.245989799499512
v 20.875 12 -8.3084068298339844
v 20.875 15 -8.3084068298339844
f 554 553 555 556
f 556 555 557 558
f 558 557 559 560
f 560 559 553 554
f 559 557 555 553
f 560 554 556 558
g corridor_d_4_13
v 18.777568817138672 9 0.24828717112541199
v 18.777568817138672 12 0.24828717112541199
v 18.777568817138672 9 -4.0767130851745605
v 18.777568817138672 12 -4.0767130851745605
v 15.353425025939941 9 -4.0767130851745605
v 15.353425025939941 12 -4.0767130851745605
v 15.353425025939941 9 0.24828717112541199
v 15.353425025939941 12 0.24828717112541199
f 562 561 563 564
f 564 563 565 566
f 566 565 567 568
f 568 567 561 562
f 567 565 563 561
f 568 562 564 566
g corridor_d_4_12
v 18.777568817138672 9 -4.0767130851745605
v 18.777568817138672 12 -4.0767130851745605
v 18.777568817138672 9 -5.2767128944396973
v 18.777568817138672 12 -5.2767128944396973
v 15.353425025939941 9 -5.2767128944396973
v 15.353425025939941 12 -5.2767128944396973
v 15.353425025939941 9 -4.0767130851745605
v 15.353425025939941 12 -4.0767130851745605
f 570 569 571 572
f 572 571 573 574
f 574 573 575 576
f 576 575 569 570
f 575 573 571 569
f 576 570 572 574
g corridor_d_4_11
v 22.977170944213867 9 -5.2767128944396973
v 22.977170944213867 12 -5.2767128944396973
v 22.977170944213867 9 -8.3084068298339844
v 22.977170944213867 12 -8.3084068298339844
v 20.875 9 -8.3084068298339844
v 20.875 12 -8.3084068298339844
v 20.875 9 -6.7982869148254395
v 20.875 12 -6.7982869148254395
v 16.44999885559082 9 -6.7982869148254395
v 16.44999885559082 12 -6.7982869148254395
v 16.44999885559082 9 -5.2767128944396973
v 16.44999885559082 12 -5.2767128944396973
f 587 585 583 581 579 577
f 588 578 580 582 584 586
f 578 577 579 580
f 580 579 581 582
f 582 581 583 584
f 584 583 585 586
f 586 585 587 588
f 588 587 577 578
g corridor_d_4_10
v 24.600000381469727 9 -5.2767128944396973
v 24.600000381469727 12 -5.2767128944396973
v 24.600000381469727 9 -6.4900670051574707
v 24.600000381469727 12 -6.4900670051574707
v 22.977170944213867 9 -6.4900670051574707
v 22.977170944213867 12 -6.4900670051574707
v 22.977170944213867 9 -5.2767128944396973
v 22.977170944213867 12 -5.2767128944396973
f 590 589 591 592
f 592 591 593 594
f 594 593 595 596
f 596 595 589 590
f 595 593 591 589
f 596 590 592 594
g corridor_d_4_9
v 24.600000381469727 9 -1.2475488185882568
v 24.600000381469727 12 -1.2475488185882568
v 24.600000381469727 9 -5.2767128944396973
v 24.600000381469727 12 -5.2767128944396973
v 21.727569580078125 9 -5.2767128944396973
v 21.727569580078125 12 -5.2767128944396973
v 21.727569580078125 9 -1.2475488185882568
v 21.727569580078125 12 -1.2475488185882568
f 598 597 599 600
f 600 599 601 602
f 602 601 603 604
f 604 603 597 598
f 603 601 599 597
f 604 598 600 602
g corridor_d_4_8
v 20.875 9 -6.7982869148254395
v 20.875 12 -6.7982869148254395
v 20.875 9 -12.245989799499512
v 20.875 12 -12.245989799499512
v 17.472429275512695 9 -12.245989799499512
v 17.472429275512695 12 -12.245989799499512
v 17.472429275512695 9 -6.7982869148254395
v 17.472429275512695 12 -6.7982869148254395
f 606 605 607 608
f 608 607 609 610
f 610 609 611 612
f 612 611 605 606
f 611 609 607 605
f 612 606 608 610
g corridor_d_4_7
v 17.472429275512695 9 -6.7982869148254395
v 17.472429275512695 12 -6.7982869148254395
v 17.472429275512695 9 -12.245989799499512
v 17.472429275512695 12 -12.245989799499512
v 14.198287010192871 9 -12.245989799499512
v 14.198287010192871 12 -12.245989799499512
v 14.198287010192871 9 -8.0734529495239258
v 14.198287010192871 12 -8.0734529495239258
v 16.250205993652344 9 -8.0734529495239258
v 16.250205993652344 12 -8.0734529495239258
v 16.250205993652344 9 -6.7982869148254395
v 16.250205993652344 12 -6.7982869148254395
f 623 621 619 617 615 613
f 624 614 616 618 620 622
f 614 613 615 616
f 616 615 617 618
f 618 617 619 620
f 620 619 621 622
f 622 621 623 624
f 624 623 613 614
g corridor_d_4_6
v 16.250205993652344 9 -6.7982869148254395
v 16.250205993652344 12 -6.7982869148254395
v 16.250205993652344 9 -8.0734529495239258
v 16.250205993652344 12 -8.0734529495239258
v 14.198287010192871 9 -8.0734529495239258
v 14.198287010192871 12 -8.0734529495239258
v 14.198287010192871 9 -6.7982869148254395
v 14.198287010192871 12 -6.7982869148254395
f 626 625 627 628
f 628 627 629 630
f 630 629 631 632
f 632 631 625 626
f 631 629 627 625
f 632 626 628 630
g corridor_d_4_5
v 21.727569580078125 9 0.24828717112541199
v 21.727569580078125 12 0.24828717112541199
v 21.727569580078125 9 -1.2475488185882568
v 21.727569580078125 12 -1.2475488185882568
v 18.777568817138672 9 -1.2475488185882568
v 18.777568817138672 12 -1.2475488185882568
v 18.777568817138672 9 0.24828717112541199
v 18.777568817138672 12 0.24828717112541199
f 634 633 635 636
f 636 635 637 638
f 638 637 639 640
f 640 639 633 634
f 639 637 635 633
f 640 634 636 638
g corridor_d_4_4
v 24.600000381469727 9 0.24828717112541199
v 24.600000381469727 12 0.24828717112541199
v 24.600000381469727 9 -1.2475488185882568
v 24.600000381469727 12 -1.2475488185882568
v 21.727569580078125 9 -1.2475488185882568
v 21.727569580078125 12 -1.2475488185882568
v 21.727569580078125 9 0.24828717112541199
v 21.727569580078125 12 0.24828717112541199
f 642 641 643 644
f 644 643 645 646
f 646 645 647 648
f 648 647 641 642
f 647 645 643 641
f 648 642 644 646
g corridor_d_4_3
v 21.727569580078125 9 -1.2475488185882568
v 21.727569580078125 12 -1.2475488185882568
v 21.727569580078125 9 -5.2767128944396973
v 21.727569580078125 12 -5.2767128944396973
v 18.777568817138672 9 -5.2767128944396973
v 18.777568817138672 12 -5.2767128944396973
v 18.777568817138672 9 -1.2475488185882568
v 18.777568817138672 12 -1.2475488185882568
f 650 649 651 652
f 652 651 653 654
f 654 653 655 656
f 656 655 649 650
f 655 653 651 649
f 656 650 652 654
g corridor_d_4_2
v 24.600000381469727 9 -6.4900670051574707
v 24.600000381469727 12 -6.4900670051574707
v 24.600000381469727 9 -8.3084068298339844
v 24.600000381469727 12 -8.3084068298339844
v 22.977170944213867 9 -8.3084068298339844
v 22.977170944213867 12 -8.3084068298339844
v 22.977170944213867 9 -6.4900670051574707
v 22.977170944213867 12 -6.4900670051574707
f 658 657 659 660
f 660 659 661 662
f 662 661 663 664
f 664 663 657 658
f 663 661 659 657
f 664 658 660 662
g corridor_d_4_1
v 24.600000381469727 9 -8.3084068298339844
v 24.600000381469727 12 -8.3084068298339844
v 24.600000381469727 9 -12.245989799499512
v 24.600000381469727 12 -12.245989799499512
v 20.875 9 -12.245989799499512
v 20.875 12 -12.245989799499512
v 20.875 9 -8.3084068298339844
v 20.875 12 -8.3084068298339844
f 666 665 667 668
f 668 667 669 670
f 670 669 671 672
f 672 671 665 666
f 671 669 667 665
f 672 666 668 670
g corridor_d_3_13
v 18.777568817138672 6 0.24828717112541199
v 18.777568817138672 9 0.24828717112541199
v 18.777568817138672 6 -4.0767130851745605
v 18.777568817138672 9 -4.0767130851745605
v 15.353425025939941 6 -4.0767130851745605
v 15.353425025939941 9 -4.0767130851745605
v 15.353425025939941 6 0.24828717112541199
v 15.353425025939941 9 0.24828717112541199
f 674 673 675 676
f 676 675 677 678
f 678 677 679 680
f 680 679 673 674
f 679 677 675 673
f 680 674 676 678
g corridor_d_3_12
v 18.777568817138672 6 -4.0767130851745605
v 18.777568817138672 9 -4.0767130851745605
v 18.777568817138672 6 -5.2767128944396973
v 18.777568817138672 9 -5.2767128944396973
v 15.353425025939941 6 -5.2767128944396973
v 15.353425025939941 9 -5.2767128944396973
v 15.353425025939941 6 -4.0767130851745605
v 15.353425025939941 9 -4.0767130851745605
f 682 681 683 684
f 684 683 685 686
f 686 685 687 688
f 688 687 681 682
f 687 685 683 681
f 688 682 684 686
g corridor_d_3_11
v 22.977170944213867 6 -5.2767128944396973
v 22.977170944213867 9 -5.2767128944396973
v 22.977170944213867 6 -8.3084068298339844
v 22.977170944213867 9 -8.3084068298339844
v 20.875 6 -8.3084068298339844
v 20.875 9 -8.3084068298339844
v 20.875 6 -6.7982869148254395
v 20.875 9 -6.7982869148254395
v 16.44999885559082 6 -6.7982869148254395
v 16.44999885559082 9 -6.7982869148254395
v 16.44999885559082 6 -5.2767128944396973
v 16.44999885559082 9 -5.2767128944396973
f 699 697 695 693 691 689
f 700 690 692 694 696 698
f 690 689 691 692
f 692 691 693 694
f 694 693 695 696
f 696 695 697 698
f 698 697 699 700
f 700 699 689 690
g corridor_d_3_10
v 24.600000381469727 6 -5.2767128944396973
v 24.600000381469727 9 -5.2767128944396973
v 24.600000381469727 6 -6.4900670051574707
v 24.600000381469727 9 -6.4900670051574707
v 22.977170944213867 6 -6.4900670051574707
v 22.977170944213867 9 -6.4900670051574707
v 22.977170944213867 6 -5.2767128944396973
v 22.977170944213867 9 -5.2767128944396973
f 702 701 703 704
f 704 703 705 706
f 706 705 707 708
f 708 707 701 702
f 707 705 703 701
f 708 702 704 706
g corridor_d_3_9
v 24.600000381469727 6 -1.2475488185882568
v 24.600000381469727 9 -1.2475488185882568
v 24.600000381469727 6 -5.2767128944396973
v 24.600000381469727 9 -5.2767128944396973
v 21.727569580078125 6 -5.2767128944396973
v 21.727569580078125 9 -5.2767128944396973
v 21.727569580078125 6 -1.2475488185882568
v 21.727569580078125 9 -1.2475488185882568
f 710 709 711 712
f 712 711 713 714
f 714 713 715 716
f 716 715 709 710
f 715 713 711 709
f 716 710 712 714
g corridor_d_3_8
v 20.875 6 -6.7982869148254395
v 20.875 9 -6.7982869148254395
v 20.875 6 -12.245989799499512
v 20.875 9 -12.245989799499512
v 17.472429275512695 6 -12.245989799499512
v 17.472429275512695 9 -12.245989799499512
v 17.472429275512695 6 -6.7982869148254395
v 17.472429275512695 9 -6.7982869148254395
f 718 717 719 720
f 720 719 721 722
f 722 721 723 724
f 724 723 717 718
f 723 721 719 717
f 724 718 720 722
g corridor_d_3_7
v 17.472429275512695 6 -6.7982869148254395
v 17.472429275512695 9 -6.7982869148254395
v 17.472429275512695 6 -12.245989799499512
v 17.472429275512695 9 -12.245989799499512
v 14.198287010192871 6 -12.245989799499512
v 14.198287010192871 9 -12.245989799499512
v 14.198287010192871 6 -8.0734529495239258
v 14.198287010192871 9 -8.0734529495239258
v 16.250205993652344 6 -8.0734529495239258
v 16.250205993652344 9 -8.0734529495239258
v 16.250205993652344 6 -6.7982869148254395
v 16.250205993652344 9 -6.7982869148254395
f 735 733 731 729 727 725
f 736 726 728 730 732 734
f 726 725 727 728
f 728 727 729 730
f 730 729 731 732
f 732 731 733 734
f 734 733 735 736
f 736 735 725 726
g corridor_d_3_6
v 16.250205993652344 6 -6.7982869148254395
v 16.250205993652344 9 -6.7982869148254395
v 16.250205993652344 6 -8.0734529495239258
v 16.250205993652344 9 -8.0734529495239258
v 14.198287010192871 6 -8.0734529495239258
v 14.198287010192871 9 -8.0734529495239258
v 14.198287010192871 6 -6.7982869148254395
v 14.198287010192871 9 -6.7982869148254395
f 738 737 739 740
f 740 739 741 742
f 742 741 743 744
f 744 743 737 738
f 743 741 739 737
f 744 738 740 742
g corridor_d_3_5
v 21.727569580078125 6 0.24828717112541199
v 21.727569580078125 9 0.24828717112541199
v 21.727569580078125 6 -1.2475488185882568
v 21.727569580078125 9 -1.2475488185882568
v 18.777568817138672 6 -1.2475488185882568
v 18.777568817138672 9 -1.2475488185882568
v 18.777568817138672 6 0.24828717112541199
v 18.777568817138672 9 0.24828717112541199
f 746 745 747 748
f 748 747 749 750
f 750 749 751 752
f 752 751 745 746
f 751 749 747 745
f 752 746 748 750
g corridor_d_3_4
v 24.600000381469727 6 0.24828717112541199
v 24.600000381469727 9 0.24828717112541199
v 24.600000381469727 6 -1.2475488185882568
v 24.600000381469727 9 -1.2475488185882568
v 21.727569580078125 6 -1.2475488185882568
v 21.727569580078125 9 -1.2475488185882568
v 21.727569580078125 6 0.24828717112541199
v 21.727569580078125 9 0.24828717112541199
f 754 753 755 756
f 756 755 757 758
f 758 757 759 760
f 760 759 753 754
f 759 757 755 753
f 760 754 756 758
g corridor_d_3_3
v 21.727569580078125 6 -1.2475488185882568
v 21.727569580078125 9 -1.2475488185882568
v 21.727569580078125 6 -5.2767128944396973
v 21.727569580078125 9 -5.2767128944396973
v 18.777568817138672 6 -5.2767128944396973
v 18.777568817138672 9 -5.2767128944396973
v 18.777568817138672 6 -1.2475488185882568
v 18.777568817138672 9 -1.2475488185882568
f 762 761 763 764
f 764 763 765 766
f 766 765 767 768
f 768 767 761 762
f 767 765 763 761
f 768 762 764 766
g corridor_d_3_2
v 24.600000381469727 6 -6.4900670051574707
v 24.600000381469727 9 -6.4900670051574707
v 24.600000381469727 6 -8.3084068298339844
v 24.600000381469727 9 -8.3084068298339844
v 22.977170944213867 6 -8.3084068298339844
v 22.977170944213867 9 -8.3084068298339844
v 22.977170944213867 6 -6.4900670051574707
v 22.977170944213867 9 -6.4900670051574707
f 770 769 771 772
f 772 771 773 774
f 774 773 775 776
f 776 775 769 770
f 775 773 771 769
f 776 770 772 774
g corridor_d_3_1
v 24.600000381469727 6 -8.3084068298339844
v 24.600000381469727 9 -8.3084068298339844
v 24.600000381469727 6 -12.245989799499512
v 24.600000381469727 9 -12.245989799499512
v 20.875 6 -12.245989799499512
v 20.875 9 -12.245989799499512
v 20.875 6 -8.3084068298339844
v 20.875 9 -8.3084068298339844
f 778 777 779 780
f 780 779 781 782
f 782 781 783 784
f 784 783 777 778
f 783 781 779 777
f 784 778 780 782
g corridor_d_2_13
v 18.777568817138672 3 0.24828717112541199
v 18.777568817138672 6 0.24828717112541199
v 18.777568817138672 3 -4.0767130851745605
v 18.777568817138672 6 -4.0767130851745605
v 15.353425025939941 3 -4.0767130851745605
v 15.353425025939941 6 -4.0767130851745605
v 15.353425025939941 3 0.24828717112541199
v 15.353425025939941 6 0.24828717112541199
f 786 785 787 788
f 788 787 789 790
f 790 789 791 792
f 792 791 785 786
f 791 789 787 785
f 792 786 788 790
g corridor_d_2_12
v 18.777568817138672 3 -4.0767130851745605
v 18.777568817138672 6 -4.0767130851745605
v 18.777568817138672 3 -5.2767128944396973
v 18.777568817138672 6 -5.2767128944396973
v 15.353425025939941 3 -5.2767128944396973
v 15.353425025939941 6 -5.2767128944396973
v 15.353425025939941 3 -4.0767130851745605
v 15.353425025939941 6 -4.0767130851745605
f 794 793 795 796
f 796 795 797 798
f 798 797 799 800
f 800 799 793 794
f 799 797 795 793
f 800 794 796 798
g corridor_d_2_11
v 22.977170944213867 3 -5.2767128944396973
v 22.977170944213867 6 -5.2767128944396973
v 22.977170944213867 3 -8.3084068298339844
v 22.977170944213867 6 -8.3084068298339844
v 20.875 3 -8.3084068298339844
v 20.875 6 -8.3084068298339844
v 20.875 3 -6.7982869148254395
v 20.875 6 -6.7982869148254395
v 16.44999885559082 3 -6.7982869148254395
v 16.44999885559082 6 -6.7982869148254395
v 16.44999885559082 3 -5.2767128944396973
v 16.44999885559082 6 -5.2767128944396973
f 811 809 807 805 803 801
f 812 802 804 806 808 810
f 802 801 803 804
f 804 803 805 806
f 806 805 807 808
f 808 807 809 810
f 810 809 811 812
f 812 811 801 802
g corridor_d_2_10
v 24.600000381469727 3 -5.2767128944396973
v 24.600000381469727 6 -5.2767128944396973
v 24.600000381469727 3 -6.4900670051574707
v 24.600000381469727 6 -6.4900670051574707
v 22.977170944213867 3 -6.4900670051574707
v 22.977170944213867 6 -6.4900670051574707
v 22.977170944213867 3 -5.2767128944396973
v 22.977170944213867 6 -5.2767128944396973
f 814 813 815 816
f 816 815 817 818
f 818 817 819 820
f 820 819 813 814
f 819 817 815 813
f 820 814 816 818
g corridor_d_2_9
v 24.600000381469727 3 -1.2475488185882568
v 24.600000381469727 6 -1.2475488185882568
v 24.600000381469727 3 -5.2767128944396973
v 24.600000381469727 6 -5.2767128944396973
v 21.727569580078125 3 -5.2767128944396973
v 21.727569580078125 6 -5.2767128944396973
v 21.727569580078125 3 -1.2475488185882568
v 21.727569580078125 6 -1.2475488185882568
f 822 821 823 824
f 824 823 825 826
f 826 825 827 828
f 828 827 821 822
f 827 825 823 821
f 828 822 824 826
g corridor_d_2_8
v 20.875 3 -6.7982869148254395
v 20.875 6 -6.7982869148254395
v 20.875 3 -12.245989799499512
v 20.875 6 -12.245989799499512
v 17.472429275512695 3 -12.245989799499512
v 17.472429275512695 6 -12.245989799499512
v 17.472429275512695 3 -6.7982869148254395
v 17.472429275512695 6 -6.7982869148254395
f 830 829 831 832
f 832 831 833 834
f 834 833 835 836
f 836 835 829 830
f 835 833 831 829
f 836 830 832 834
g corridor_d_2_7
v 17.472429275512695 3 -6.7982869148254395
v 17.472429275512695 6 -6.7982869148254395
v 17.472429275512695 3 -12.245989799499512
v 17.472429275512695 6 -12.245989799499512
v 14.198287010192871 3 -12.245989799499512
v 14.198287010192871 6 -12.245989799499512
v 14.198287010192871 3 -8.0734529495239258
v 14.198287010192871 6 -8.0734529495239258
v 16.250205993652344 3 -8.0734529495239258
v 16.250205993652344 6 -8.0734529495239258
v 16.250205993652344 3 -6.7982869148254395
v 16.250205993652344 6 -6.7982869148254395
f 847 845 843 841 839 837
f 848 838 840 842 844 846
f 838 837 839 840
f 840 839 841 842
f 842 841 843 844
f 844 843 845 846
f 846 845 847 848
f 848 847 837 838
g corridor_d_2_6
v 16.250205993652344 3 -6.7982869148254395
v 16.250205993652344 6 -6.7982869148254395
v 16.250205993652344 3 -8.0734529495239258
v 16.250205993652344 6 -8.0734529495239258
v 14.198287010192871 3 -8.0734529495239258
v 14.198287010192871 6 -8.0734529495239258
v 14.198287010192871 3 -6.7982869148254395
v 14.198287010192871 6 -6.7982869148254395
f 850 849 851 852
f 852 851 853 854
f 854 853 855 856
f 856 855 849 850
f 855 853 851 849
f 856 850 852 854
g corridor_d_2_5
v 21.727569580078125 3 0.24828717112541199
v 21.727569580078125 6 0.24828717112541199
v 21.727569580078125 3 -1.2475488185882568
v 21.727569580078125 6 -1.2475488185882568
v 18.777568817138672 3 -1.2475488185882568
v 18.777568817138672 6 -1.2475488185882568
v 18.777568817138672 3 0.24828717112541199
v 18.777568817138672 6 0.24828717112541199
f 858 857 859 860
f 860 859 861 862
f 862 861 863 864
f 864 863 857 858
f 863 861 859 857
f 864 858 860 862
g corridor_d_2_4
v 24.600000381469727 3 0.24828717112541199
v 24.600000381469727 6 0.24828717112541199
v 24.600000381469727 3 -1.2475488185882568
v 24.600000381469727 6 -1.2475488185882568
v 21.727569580078125 3 -1.2475488185882568
v 21.727569580078125 6 -1.2475488185882568
v 21.727569580078125 3 0.24828717112541199
v 21.727569580078125 6 0.24828717112541199
f 866 865 867 868
f 868 867 869 870
f 870 869 871 872
f 872 871 865 866
f 871 869 867 865
f 872 866 868 870
g corridor_d_2_3
v 21.727569580078125 3 -1.2475488185882568
v 21.727569580078125 6 -1.2475488185882568
v 21.727569580078125 3 -5.2767128944396973
v 21.727569580078125 6 -5.2767128944396973
v 18.777568817138672 3 -5.2767128944396973
v 18.777568817138672 6 -5.2767128944396973
v 18.777568817138672 3 -1.2475488185882568
v 18.777568817138672 6 -1.2475488185882568
f 874 873 875 876
f 876 875 877 878
f 878 877 879 880
f 880 879 873 874
f 879 877 875 873
f 880 874 876 878
g corridor_d_2_2
v 24.600000381469727 3 -6.4900670051574707
v 24.600000381469727 6 -6.4900670051574707
v 24.600000381469727 3 -8.3084068298339844
v 24.600000381469727 6 -8.3084068298339844
v 22.977170944213867 3 -8.3084068298339844
v 22.977170944213867 6 -8.3084068298339844
v 22.977170944213867 3 -6.4900670051574707
v 22.977170944213867 6 -6.4900670051574707
f 882 881 883 884
f 884 883 885 886
f 886 885 887 888
f 888 887 881 882
f 887 885 883 881
f 888 882 884 886
g corridor_d_2_1
v 24.600000381469727 3 -8.3084068298339844
v 24.600000381469727 6 -8.3084068298339844
v 24.600000381469727 3 -12.245989799499512
v 24.600000381469727 6 -12.245989799499512
v 20.875 3 -12.245989799499512
v 20.875 6 -12.245989799499512
v 20.875 3 -8.3084068298339844
v 20.875 6 -8.3084068298339844
f 890 889 891 892
f 892 891 893 894
f 894 893 895 896
f 896 895 889 890
f 895 893 891 889
f 896 890 892 894
g corridor_d_1_13
v 18.777568817138672 0 0.24828717112541199
v 18.777568817138672 3 0.24828717112541199
v 18.777568817138672 0 -4.0767130851745605
v 18.777568817138672 3 -4.0767130851745605
v 15.353425025939941 0 -4.0767130851745605
v 15.353425025939941 3 -4.0767130851745605
v 15.353425025939941 0 0.24828717112541199
v 15.353425025939941 3 0.24828717112541199
f 898 897 899 900
f 900 899 901 902
f 902 901 903 904
f 904 903 897 898
f 903 901 899 897
f 904 898 900 902
g corridor_d_1_12
v 18.777568817138672 0 -4.0767130851745605
v 18.777568817138672 3 -4.0767130851745605
v 18.777568817138672 0 -5.2767128944396973
v 18.777568817138672 3 -5.2767128944396973
v 15.353425025939941 0 -5.2767128944396973
v 15.353425025939941 3 -5.2767128944396973
v 15.353425025939941 0 -4.0767130851745605
v 15.353425025939941 3 -4.0767130851745605
f 906 905 907 908
f 908 907 909 910
f 910 909 911 912
f 912 911 905 906
f 911 909 907 905
f 912 906 908 910
g corridor_d_1_11
v 22.977170944213867 0 -5.2767128944396973
v 22.977170944213867 3 -5.2767128944396973
v 22.977170944213867 0 -8.3084068298339844
v 22.977170944213867 3 -8.3084068298339844
v 20.875 0 -8.3084068298339844
v 20.875 3 -8.3084068298339844
v 20.875 0 -6.7982869148254395
v 20.875 3 -6.7982869148254395
v 16.44999885559082 0 -6.7982869148254395
v 16.44999885559082 3 -6.7982869148254395
v 16.44999885559082 0 -5.2767128944396973
v 16.44999885559082 3 -5.2767128944396973
f 923 921 919 917 915 913
f 924 914 916 918 920 922
f 914 913 915 916
f 916 915 917 918
f 918 917 919 920
f 920 919 921 922
f 922 921 923 924
f 924 923 913 914
g corridor_d_1_10
v 24.600000381469727 0 -5.2767128944396973
v 24.600000381469727 3 -5.2767128944396973
v 24.600000381469727 0 -6.4900670051574707
v 24.600000381469727 3 -6.4900670051574707
v 22.977170944213867 0 -6.4900670051574707
v 22.977170944213867 3 -6.4900670051574707
v 22.977170944213867 0 -5.2767128944396973
v 22.977170944213867 3 -5.2767128944396973
f 926 925 927 928
f 928 927 929 930
f 930 929 931 932
f 932 931 925 926
f 931 929 927 925
f 932 926 928 930
g corridor_d_1_9
v 24.600000381469727 0 -1.2475488185882568
v 24.600000381469727 3 -1.2475488185882568
v 24.600000381469727 0 -5.2767128944396973
v 24.600000381469727 3 -5.2767128944396973
v 21.727569580078125 0 -5.2767128944396973
v 21.727569580078125 3 -5.2767128944396973
v 21.727569580078125 0 -1.2475488185882568
v 21.727569580078125 3 -1.2475488185882568
f 934 933 935 936
f 936 935 937 938
f 938 937 939 940
f 940 939 933 934
f 939 937 935 933
f 940 934 936 938
g corridor_d_1_8
v 20.875 0 -6.7982869148254395
v 20.875 3 -6.7982869148254395
v 20.875 0 -12.245989799499512
v 20.875 3 -12.245989799499512
v 17.472429275512695 0 -12.245989799499512
v 17.472429275512695 3 -12.245989799499512
v 17.472429275512695 0 -6.7982869148254395
v 17.472429275512695 3 -6.7982869148254395
f 942 941 943 944
f 944 943 945 946
f 946 945 947 948
f 948 947 941 942
f 947 945 943 941
f 948 942 944 946
g corridor_d_1_7
v 17.472429275512695 0 -6.7982869148254395
v 17.472429275512695 3 -6.7982869148254395
v 17.472429275512695 0 -12.245989799499512
v 17.472429275512695 3 -12.245989799499512
v 14.198287010192871 0 -12.245989799499512
v 14.198287010192871 3 -12.245989799499512
v 14.198287010192871 0 -8.0734529495239258
v 14.198287010192871 3 -8.0734529495239258
v 16.250205993652344 0 -8.0734529495239258
v 16.250205993652344 3 -8.0734529495239258
v 16.250205993652344 0 -6.7982869148254395
v 16.250205993652344 3 -6.7982869148254395
f 959 957 955 953 951 949
f 960 950 952 954 956 958
f 950 949 951 952
f 952 951 953 954
f 954 953 955 956
f 956 955 957 958
f 958 957 959 960
f 960 959 949 950
g corridor_d_1_6
v 16.250205993652344 0 -6.7982869148254395
v 16.250205993652344 3 -6.7982869148254395
v 16.250205993652344 0 -8.0734529495239258
v 16.250205993652344 3 -8.0734529495239258
v 14.198287010192871 0 -8.0734529495239258
v 14.198287010192871 3 -8.0734529495239258
v 14.198287010192871 0 -6.7982869148254395
v 14.198287010192871 3 -6.7982869148254395
f 962 961 963 964
f 964 963 965 966
f 966 965 967 968
f 968 967 961 962
f 967 965 963 961
f 968 962 964 966
g corridor_d_1_5
v 21.727569580078125 0 0.24828717112541199
v 21.727569580078125 3 0.24828717112541199
v 21.727569580078125 0 -1.2475488185882568
v 21.727569580078125 3 -1.2475488185882568
v 18.777568817138672 0 -1.2475488185882568
v 18.777568817138672 3 -1.2475488185882568
v 18.777568817138672 0 0.24828717112541199
v 18.777568817138672 3 0.24828717112541199
f 970 969 971 972
f 972 971 973 974
f 974 973 975 976
f 976 975 969 970
f 975 973 971 969
f 976 970 972 974
g corridor_d_1_4
v 24.600000381469727 0 0.24828717112541199
v 24.600000381469727 3 0.24828717112541199
v 24.600000381469727 0 -1.2475488185882568
v 24.600000381469727 3 -1.2475488185882568
v 21.727569580078125 0 -1.2475488185882568
v 21.727569580078125 3 -1.2475488185882568
v 21.727569580078125 0 0.24828717112541199
v 21.727569580078125 3 0.24828717112541199
f 978 977 979 980
f 980 979 981 982
f 982 981 983 984
f 984 983 977 978
f 983 981 979 977
f 984 978 980 982
g corridor_d_1_3
v 21.727569580078125 0 -1.2475488185882568
v 21.727569580078125 3 -1.2475488185882568
v 21.727569580078125 0 -5.2767128944396973
v 21.727569580078125 3 -5.2767128944396973
v 18.777568817138672 0 -5.2767128944396973
v 18.777568817138672 3 -5.2767128944396973
v 18.777568817138672 0 -1.2475488185882568
v 18.777568817138672 3 -1.2475488185882568
f 986 985 987 988
f 988 987 989 990
f 990 989 991 992
f 992 991 985 986
f 991 989 987 985
f 992 986 988 990
g corridor_d_1_2
v 24.600000381469727 0 -6.4900670051574707
v 24.600000381469727 3 -6.4900670051574707
v 24.600000381469727 0 -8.3084068298339844
v 24.600000381469727 3 -8.3084068298339844
v 22.977170944213867 0 -8.3084068298339844
v 22.977170944213867 3 -8.3084068298339844
v 22.977170944213867 0 -6.4900670051574707
v 22.977170944213867 3 -6.4900670051574707
f 994 993 995 996
f 996 995 997 998
f 998 997 999 1000
f 1000 999 993 994
f 999 997 995 993
f 1000 994 996 998
g corridor_d_1_1
v 24.600000381469727 0 -8.3084068298339844
v 24.600000381469727 3 -8.3084068298339844
v 24.600000381469727 0 -12.245989799499512
v 24.600000381469727 3 -12.245989799499512
v 20.875 0 -12.245989799499512
v 20.875 3 -12.245989799499512
v 20.875 0 -8.3084068298339844
v 20.875 3 -8.3084068298339844
f 1002 1001 1003 1004
f 1004 1003 1005 1006
f 1006 1005 1007 1008
f 1008 1007 1001 1002
f 1007 1005 1003 1001
f 1008 1002 1004 1006
g balcony_d_9_20
v 15.353425025939941 24 0.24828717112541199
v 15.353425025939941 27 0.24828717112541199
v 15.353425025939941 24 -5.2767128944396973
v 15.353425025939941 27 -5.2767128944396973
v 13.921114921569824 24 -5.2767128944396973
v 13.921114921569824 27 -5.2767128944396973
v 13.921114921569824 24 -2.7054316997528076
v 13.921114921569824 27 -2.7054316997528076
v 12.30085563659668 24 -2.7054316997528076
v 12.30085563659668 27 -2.7054316997528076
v 12.30085563659668 24 0.24828717112541199
v 12.30085563659668 27 0.24828717112541199
f 1019 1017 1015 1013 1011 1009
f 1020 1010 1012 1014 1016 1018
f 1010 1009 1011 1012
f 1012 1011 1013 1014
f 1014 1013 1015 1016
f 1016 1015 1017 1018
f 1018 1017 1019 1020
f 1020 1019 1009 1010
g balcony_d_9_19
v 13.921114921569824 24 -3.8461496829986572
v 13.921114921569824 27 -3.8461496829986572
v 13.921114921569824 24 -5.2767128944396973
v 13.921114921569824 27 -5.2767128944396973
v 12.30085563659668 24 -5.2767128944396973
v 12.30085563659668 27 -5.2767128944396973
v 12.30085563659668 24 -3.8461496829986572
v 12.30085563659668 27 -3.8461496829986572
f 1022 1021 1023 1024
f 1024 1023 1025 1026
f 1026 1025 1027 1028
f 1028 1027 1021 1022
f 1027 1025 1023 1021
f 1028 1022 1024 1026
g balcony_d_9_18
v 13.921114921569824 24 -2.7054316997528076
v 13.921114921569824 27 -2.7054316997528076
v 13.921114921569824 24 -3.8461496829986572
v 13.921114921569824 27 -3.8461496829986572
v 12.30085563659668 24 -3.8461496829986572
v 12.30085563659668 27 -3.8461496829986572
v 12.30085563659668 24 -2.7054316997528076
v 12.30085563659668 27 -2.7054316997528076
f 1030 1029 1031 1032
f 1032 1031 1033 1034
f 1034 1033 1035 1036
f 1036 1035 1029 1030
f 1035 1033 1031 1029
f 1036 1030 1032 1034
g balcony_d_9_17
v 5.8241429328918457 24 0.24828717112541199
v 5.8241429328918457 27 0.24828717112541199
v 9.248286247253418 24 0.24828717112541199
v 9.248286247253418 27 0.24828717112541199
v 9.248286247253418 24 -4.0767130851745605
v 9.248286247253418 27 -4.0767130851745605
v 5.8241429328918457 24 -4.0767130851745605
v 5.8241429328918457 27 -4.0767130851745605
f 1038 1037 1039 1040
f 1040 1039 1041 1042
f 1042 1041 1043 1044
f 1044 1043 1037 1038
f 1043 1041 1039 1037
f 1044 1038 1040 1042
g balcony_d_9_16
v 5.8241429328918457 24 -4.0767130851745605
v 5.8241429328918457 27 -4.0767130851745605
v 9.248286247253418 24 -4.0767130851745605
v 9.248286247253418 27 -4.0767130851745605
v 9.248286247253418 24 -5.2767128944396973
v 9.248286247253418 27 -5.2767128944396973
v 5.8241429328918457 24 -5.2767128944396973
v 5.8241429328918457 27 -5.2767128944396973
f 1046 1045 1047 1048
f 1048 1047 1049 1050
f 1050 1049 1051 1052
f 1052 1051 1045 1046
f 1051 1049 1047 1045
f 1052 1046 1048 1050
g balcony_d_9_15
v 8.1517124176025391 24 -5.2767128944396973
v 8.1517124176025391 27 -5.2767128944396973
v 12.30085563659668 27 -5.2767128944396973
v 16.44999885559082 24 -5.2767128944396973
v 16.44999885559082 27 -5.2767128944396973
v 12.30085563659668 24 -5.2767128944396973
v 16.44999885559082 24 -6.7982869148254395
v 16.44999885559082 27 -6.7982869148254395
v 14.198287010192871 24 -6.7982869148254395
v 14.198287010192871 27 -6.7982869148254395
v 14.198287010192871 24 -7.0050110816955566
v 14.198287010192871 27 -7.0050110816955566
v 10.403425216674805 24 -7.0050110816955566
v 10.403425216674805 27 -7.0050110816955566
v 10.403425216674805 24 -6.7982869148254395
v 10.403425216674805 27 -6.7982869148254395
v 8.1517124176025391 24 -6.7982869148254395
v 8.1517124176025391 27 -6.7982869148254395
f 1054 1053 1058 1056 1057 1055
f 1053 1069 1067 1065 1063 1061 1059 1056 1058
f 1068 1070 1054 1055 1057 1060 1062 1064 1066
f 1057 1056 1059 1060
f 1060 1059 1061 1062
f 1062 1061 1063 1064
f 1064 1063 1065 1066
f 1066 1065 1067 1068
f 1068 1067 1069 1070
f 1070 1069 1053 1054
g balcony_d_9_14
v 1.6245402097702026 24 -5.2767128944396973
v 1.6245402097702026 27 -5.2767128944396973
v 8.1517124176025391 24 -5.2767128944396973
v 8.1517124176025391 27 -5.2767128944396973
v 8.1517124176025391 24 -6.7982869148254395
v 8.1517124176025391 27 -6.7982869148254395
v 3.7267119884490967 24 -6.7982869148254395
v 3.7267119884490967 27 -6.7982869148254395
v 3.7267119884490967 24 -8.3084068298339844
v 3.7267119884490967 27 -8.3084068298339844
v 1.6245402097702026 24 -8.3084068298339844
v 1.6245402097702026 27 -8.3084068298339844
f 1079 1077 1075 1073 1071 1081
f 1080 1082 1072 1074 1076 1078
f 1072 1071 1073 1074
f 1074 1073 1075 1076
f 1076 1075 1077 1078
f 1078 1077 1079 1080
f 1080 1079 1081 1082
f 1082 1081 1071 1072
g balcony_d_9_13
v 0.0017121488926932216 24 -5.2767128944396973
v 0.0017121488926932216 27 -5.2767128944396973
v 1.6245402097702026 24 -5.2767128944396973
v 1.6245402097702026 27 -5.2767128944396973
v 1.6245402097702026 24 -6.4900670051574707
v 1.6245402097702026 27 -6.4900670051574707
v 0.0017121488926932216 24 -6.4900670051574707
v 0.0017121488926932216 27 -6.4900670051574707
f 1084 1083 1085 1086
f 1086 1085 1087 1088
f 1088 1087 1089 1090
f 1090 1089 1083 1084
f 1089 1087 1085 1083
f 1090 1084 1086 1088
g balcony_d_9_12
v 0.0017121488926932216 24 -1.2475488185882568
v 0.0017121488926932216 27 -1.2475488185882568
v 2.8741428852081299 24 -1.2475488185882568
v 2.8741428852081299 27 -1.2475488185882568
v 2.8741428852081299 24 -5.2767128944396973
v 2.8741428852081299 27 -5.2767128944396973
v 0.0017121488926932216 24 -5.2767128944396973
v 0.0017121488926932216 27 -5.2767128944396973
f 1092 1091 1093 1094
f 1094 1093 1095 1096
f 1096 1095 1097 1098
f 1098 1097 1091 1092
f 1097 1095 1093 1091
f 1098 1092 1094 1096
g balcony_d_9_11
v 3.7267119884490967 24 -6.7982869148254395
v 3.7267119884490967 27 -6.7982869148254395
v 7.1292824745178223 24 -6.7982869148254395
v 7.1292824745178223 27 -6.7982869148254395
v 7.1292824745178223 24 -12.245989799499512
v 7.1292824745178223 27 -12.245989799499512
v 3.7267119884490967 24 -12.245989799499512
v 3.7267119884490967 27 -12.245989799499512
f 1100 1099 1101 1102
f 1102 1101 1103 1104
f 1104 1103 1105 1106
f 1106 1105 1099 1100
f 1105 1103 1101 1099
f 1106 1100 1102 1104
g balcony_d_9_10
v 7.1292824745178223 24 -6.7982869148254395
v 7.1292824745178223 27 -6.7982869148254395
v 8.351506233215332 24 -6.7982869148254395
v 8.351506233215332 27 -6.7982869148254395
v 8.351506233215332 24 -8.0734529495239258
v 8.351506233215332 27 -8.0734529495239258
v 10.403425216674805 24 -8.0734529495239258
v 10.403425216674805 27 -8.0734529495239258
v 10.403425216674805 24 -12.245989799499512
v 10.403425216674805 27 -12.245989799499512
v 7.1292824745178223 24 -12.245989799499512
v 7.1292824745178223 27 -12.245989799499512
f 1107 1117 1115 1113 1111 1109
f 1118 1108 1110 1112 1114 1116
f 1108 1107 1109 1110
f 1110 1109 1111 1112
f 1112 1111 1113 1114
f 1114 1113 1115 1116
f 1116 1115 1117 1118
f 1118 1117 1107 1108
g balcony_d_9_9
v 8.351506233215332 24 -6.7982869148254395
v 8.351506233215332 27 -6.7982869148254395
v 10.403425216674805 24 -6.7982869148254395
v 10.403425216674805 27 -6.7982869148254395
v 10.403425216674805 24 -8.0734529495239258
v 10.403425216674805 27 -8.0734529495239258
v 8.351506233215332 24 -8.0734529495239258
v 8.351506233215332 27 -8.0734529495239258
f 1120 1119 1121 1122
f 1122 1121 1123 1124
f 1124 1123 1125 1126
f 1126 1125 1119 1120
f 1125 1123 1121 1119
f 1126 1120 1122 1124
g balcony_d_9_8
v 9.248286247253418 24 0.24828717112541199
v 9.248286247253418 27 0.24828717112541199
v 12.30085563659668 24 0.24828717112541199
v 12.30085563659668 27 0.24828717112541199
v 12.30085563659668 24 -2.7054316997528076
v 12.30085563659668 27 -2.7054316997528076
v 10.680596351623535 24 -2.7054316997528076
v 10.680596351623535 27 -2.7054316997528076
v 10.680596351623535 24 -5.2767128944396973
v 10.680596351623535 27 -5.2767128944396973
v 9.248286247253418 24 -5.2767128944396973
v 9.248286247253418 27 -5.2767128944396973
f 1127 1137 1135 1133 1131 1129
f 1138 1128 1130 1132 1134 1136
f 1128 1127 1129 1130
f 1130 1129 1131 1132
f 1132 1131 1133 1134
f 1134 1133 1135 1136
f 1136 1135 1137 1138
f 1138 1137 1127 1128
g balcony_d_9_7
v 10.680596351623535 24 -3.8461496829986572
v 10.680596351623535 27 -3.8461496829986572
v 12.30085563659668 24 -3.8461496829986572
v 12.30085563659668 27 -3.8461496829986572
v 12.30085563659668 24 -5.2767128944396973
v 12.30085563659668 27 -5.2767128944396973
v 10.680596351623535 24 -5.2767128944396973
v 10.680596351623535 27 -5.2767128944396973
f 1140 1139 1141 1142
f 1142 1141 1143 1144
f 1144 1143 1145 1146
f 1146 1145 1139 1140
f 1145 1143 1141 1139
f 1146 1140 1142 1144
g balcony_d_9_6
v 10.680596351623535 24 -2.7054316997528076
v 10.680596351623535 27 -2.7054316997528076
v 12.30085563659668 24 -2.7054316997528076
v 12.30085563659668 27 -2.7054316997528076
v 12.30085563659668 24 -3.8461496829986572
v 12.30085563659668 27 -3.8461496829986572
v 10.680596351623535 24 -3.8461496829986572
v 10.680596351623535 27 -3.8461496829986572
f 1148 1147 1149 1150
f 1150 1149 1151 1152
f 1152 1151 1153 1154
f 1154 1153 1147 1148
f 1153 1151 1149 1147
f 1154 1148 1150 1152
g balcony_d_9_5
v 2.8741428852081299 24 0.24828717112541199
v 2.8741428852081299 27 0.24828717112541199
v 5.8241429328918457 24 0.24828717112541199
v 5.8241429328918457 27 0.24828717112541199
v 5.8241429328918457 24 -1.2475488185882568
v 5.8241429328918457 27 -1.2475488185882568
v 2.8741428852081299 24 -1.2475488185882568
v 2.8741428852081299 27 -1.2475488185882568
f 1156 1155 1157 1158
f 1158 1157 1159 1160
f 1160 1159 1161 1162
f 1162 1161 1155 1156
f 1161 1159 1157 1155
f 1162 1156 1158 1160
g balcony_d_9_4
v 0.0017121488926932216 24 0.24828717112541199
v 0.0017121488926932216 27 0.24828717112541199
v 2.8741428852081299 24 0.24828717112541199
v 2.8741428852081299 27 0.24828717112541199
v 2.8741428852081299 24 -1.2475488185882568
v 2.8741428852081299 27 -1.2475488185882568
v 0.0017121488926932216 24 -1.2475488185882568
v 0.0017121488926932216 27 -1.2475488185882568
f 1164 1163 1165 1166
f 1166 1165 1167 1168
f 1168 1167 1169 1170
f 1170 1169 1163 1164
f 1169 1167 1165 1163
f 1170 1164 1166 1168
g balcony_d_9_3
v 2.8741428852081299 24 -1.2475488185882568
v 2.8741428852081299 27 -1.2475488185882568
v 5.8241429328918457 24 -1.2475488185882568
v 5.8241429328918457 27 -1.2475488185882568
v 5.8241429328918457 24 -5.2767128944396973
v 5.8241429328918457 27 -5.2767128944396973
v 2.8741428852081299 24 -5.2767128944396973
v 2.8741428852081299 27 -5.2767128944396973
f 1172 1171 1173 1174
f 1174 1173 1175 1176
f 1176 1175 1177 1178
f 1178 1177 1171 1172
f 1177 1175 1173 1171
f 1178 1172 1174 1176
g balcony_d_9_2
v 0.0017121488926932216 24 -6.4900670051574707
v 0.0017121488926932216 27 -6.4900670051574707
v 1.6245402097702026 24 -6.4900670051574707
v 1.6245402097702026 27 -6.4900670051574707
v 1.6245402097702026 24 -8.3084068298339844
v 1.6245402097702026 27 -8.3084068298339844
v 0.0017121488926932216 24 -8.3084068298339844
v 0.0017121488926932216 27 -8.3084068298339844
f 1180 1179 1181 1182
f 1182 1181 1183 1184
f 1184 1183 1185 1186
f 1186 1185 1179 1180
f 1185 1183 1181 1179
f 1186 1180 1182 1184
g balcony_d_9_1
v 0.0017121488926932216 24 -8.3084068298339844
v 0.0017121488926932216 27 -8.3084068298339844
v 3.7267119884490967 24 -8.3084068298339844
v 3.7267119884490967 27 -8.3084068298339844
v 3.7267119884490967 24 -12.245989799499512
v 3.7267119884490967 27 -12.245989799499512
v 0.0017121488926932216 24 -12.245989799499512
v 0.0017121488926932216 27 -12.245989799499512
f 1188 1187 1189 1190
f 1190 1189 1191 1192
f 1192 1191 1193 1194
f 1194 1193 1187 1188
f 1193 1191 1189 1187
f 1194 1188 1190 1192
g balcony_d_8_20
v 15.353425025939941 21 0.24828717112541199
v 15.353425025939941 24 0.24828717112541199
v 15.353425025939941 21 -5.2767128944396973
v 15.353425025939941 24 -5.2767128944396973
v 13.921114921569824 21 -5.2767128944396973
v 13.921114921569824 24 -5.2767128944396973
v 13.921114921569824 21 -2.7054316997528076
v 13.921114921569824 24 -2.7054316997528076
v 12.30085563659668 21 -2.7054316997528076
v 12.30085563659668 24 -2.7054316997528076
v 12.30085563659668 21 0.24828717112541199
v 12.30085563659668 24 0.24828717112541199
f 1205 1203 1201 1199 1197 1195
f 1206 1196 1198 1200 1202 1204
f 1196 1195 1197 1198
f 1198 1197 1199 1200
f 1200 1199 1201 1202
f 1202 1201 1203 1204
f 1204 1203 1205 1206
f 1206 1205 1195 1196
g balcony_d_8_19
v 13.921114921569824 21 -3.8461496829986572
v 13.921114921569824 24 -3.8461496829986572
v 13.921114921569824 21 -5.2767128944396973
v 13.921114921569824 24 -5.2767128944396973
v 12.30085563659668 21 -5.2767128944396973
v 12.30085563659668 24 -5.2767128944396973
v 12.30085563659668 21 -3.8461496829986572
v 12.30085563659668 24 -3.8461496829986572
f 1208 1207 1209 1210
f 1210 1209 1211 1212
f 1212 1211 1213 1214
f 1214 1213 1207 1208
f 1213 1211 1209 1207
f 1214 1208 1210 1212
g balcony_d_8_18
v 13.921114921569824 21 -2.7054316997528076
v 13.921114921569824 24 -2.7054316997528076
v 13.921114921569824 21 -3.8461496829986572
v 13.921114921569824 24 -3.8461496829986572
v 12.30085563659668 21 -3.8461496829986572
v 12.30085563659668 24 -3.8461496829986572
v 12.30085563659668 21 -2.7054316997528076
v 12.30085563659668 24 -2.7054316997528076
f 1216 1215 1217 1218
f 1218 1217 1219 1220
f 1220 1219 1221 1222
f 1222 1221 1215 1216
f 1221 1219 1217 1215
f 1222 1216 1218 1220
g balcony_d_8_17
v 5.8241429328918457 21 0.24828717112541199
v 5.8241429328918457 24 0.24828717112541199
v 9.248286247253418 21 0.24828717112541199
v 9.248286247253418 24 0.24828717112541199
v 9.248286247253418 21 -4.0767130851745605
v 9.248286247253418 24 -4.0767130851745605
v 5.8241429328918457 21 -4.0767130851745605
v 5.8241429328918457 24 -4.0767130851745605
f 1224 1223 1225 1226
f 1226 1225 1227 1228
f 1228 1227 1229 1230
f 1230 1229 1223 1224
f 1229 1227 1225 1223
f 1230 1224 1226 1228
g balcony_d_8_16
v 5.8241429328918457 21 -4.0767130851745605
v 5.8241429328918457 24 -4.0767130851745605
v 9.248286247253418 21 -4.0767130851745605
v 9.248286247253418 24 -4.0767130851745605
v 9.248286247253418 21 -5.2767128944396973
v 9.248286247253418 24 -5.2767128944396973
v 5.8241429328918457 21 -5.2767128944396973
v 5.8241429328918457 24 -5.2767128944396973
f 1232 1231 1233 1234
f 1234 1233 1235 1236
f 1236 1235 1237 1238
f 1238 1237 1231 1232
f 1237 1235 1233 1231
f 1238 1232 1234 1236
g balcony_d_8_15
v 8.1517124176025391 21 -5.2767128944396973
v 8.1517124176025391 24 -5.2767128944396973
v 12.30085563659668 24 -5.2767128944396973
v 16.44999885559082 21 -5.2767128944396973
v 16.44999885559082 24 -5.2767128944396973
v 12.30085563659668 21 -5.2767128944396973
v 16.44999885559082 21 -6.7982869148254395
v 16.44999885559082 24 -6.7982869148254395
v 14.198287010192871 21 -6.7982869148254395
v 14.198287010192871 24 -6.7982869148254395
v 14.198287010192871 21 -7.0050110816955566
v 14.198287010192871 24 -7.0050110816955566
v 10.403425216674805 21 -7.0050110816955566
v 10.403425216674805 24 -7.0050110816955566
v 10.403425216674805 21 -6.7982869148254395
v 10.403425216674805 24 -6.7982869148254395
v 8.1517124176025391 21 -6.7982869148254395
v 8.1517124176025391 24 -6.7982869148254395
f 1240 1239 1244 1242 1243 1241
f 1239 1255 1253 1251 1249 1247 1245 1242 1244
f 1254 1256 1240 1241 1243 1246 1248 1250 1252
f 1243 1242 1245 1246
f 1246 1245 1247 1248
f 1248 1247 1249 1250
f 1250 1249 1251 1252
f 1252 1251 1253 1254
f 1254 1253 1255 1256
f 1256 1255 1239 1240
g balcony_d_8_14
v 1.6245402097702026 21 -5.2767128944396973
v 1.6245402097702026 24 -5.2767128944396973
v 8.1517124176025391 21 -5.2767128944396973
v 8.1517124176025391 24 -5.2767128944396973
v 8.1517124176025391 21 -6.7982869148254395
v 8.1517124176025391 24 -6.7982869148254395
v 3.7267119884490967 21 -6.7982869148254395
v 3.7267119884490967 24 -6.7982869148254395
v 3.7267119884490967 21 -8.3084068298339844
v 3.7267119884490967 24 -8.3084068298339844
v 1.6245402097702026 21 -8.3084068298339844
v 1.6245402097702026 24 -8.3084068298339844
f 1265 1263 1261 1259 1257 1267
f 1266 1268 1258 1260 1262 1264
f 1258 1257 1259 1260
f 1260 1259 1261 1262
f 1262 1261 1263 1264
f 1264 1263 1265 1266
f 1266 1265 1267 1268
f 1268 1267 1257 1258
g balcony_d_8_13
v 0.0017121488926932216 21 -5.2767128944396973
v 0.0017121488926932216 24 -5.2767128944396973
v 1.6245402097702026 21 -5.2767128944396973
v 1.6245402097702026 24 -5.2767128944396973
v 1.6245402097702026 21 -6.4900670051574707
v 1.6245402097702026 24 -6.4900670051574707
v 0.0017121488926932216 21 -6.4900670051574707
v 0.0017121488926932216 24 -6.4900670051574707
f 1270 1269 1271 1272
f 1272 1271 1273 1274
f 1274 1273 1275 1276
f 1276 1275 1269 1270
f 1275 1273 1271 1269
f 1276 1270 1272 1274
g balcony_d_8_12
v 0.0017121488926932216 21 -1.2475488185882568
v 0.0017121488926932216 24 -1.2475488185882568
v 2.8741428852081299 21 -1.2475488185882568
v 2.8741428852081299 24 -1.2475488185882568
v 2.8741428852081299 21 -5.2767128944396973
v 2.8741428852081299 24 -5.2767128944396973
v 0.0017121488926932216 21 -5.2767128944396973
v 0.0017121488926932216 24 -5.2767128944396973
f 1278 1277 1279 1280
f 1280 1279 1281 1282
f 1282 1281 1283 1284
f 1284 1283 1277 1278
f 1283 1281 1279 1277
f 1284 1278 1280 1282
g balcony_d_8_11
v 3.7267119884490967 21 -6.7982869148254395
v 3.7267119884490967 24 -6.7982869148254395
v 7.1292824745178223 21 -6.7982869148254395
v 7.1292824745178223 24 -6.7982869148254395
v 7.1292824745178223 21 -12.245989799499512
v 7.1292824745178223 24 -12.245989799499512
v 3.7267119884490967 21 -12.245989799499512
v 3.7267119884490967 24 -12.245989799499512
f 1286 1285 1287 1288
f 1288 1287 1289 1290
f 1290 1289 1291 1292
f 1292 1291 1285 1286
f 1291 1289 1287 1285
f 1292 1286 1288 1290
g balcony_d_8_10
v 7.1292824745178223 21 -6.7982869148254395
v 7.1292824745178223 24 -6.7982869148254395
v 8.351506233215332 21 -6.7982869148254395
v 8.351506233215332 24 -6.7982869148254395
v 8.351506233215332 21 -8.0734529495239258
v 8.351506233215332 24 -8.0734529495239258
v 10.403425216674805 21 -8.0734529495239258
v 10.403425216674805 24 -8.0734529495239258
v 10.403425216674805 21 -12.245989799499512
v 10.403425216674805 24 -12.245989799499512
v 7.1292824745178223 21 -12.245989799499512
v 7.1292824745178223 24 -12.245989799499512
f 1293 1303 1301 1299 1297 1295
f 1304 1294 1296 1298 1300 1302
f 1294 1293 1295 1296
f 1296 1295 1297 1298
f 1298 1297 1299 1300
f 1300 1299 1301 1302
f 1302 1301 1303 1304
f 1304 1303 1293 1294
g balcony_d_8_9
v 8.351506233215332 21 -6.7982869148254395
v 8.351506233215332 24 -6.7982869148254395
v 10.403425216674805 21 -6.7982869148254395
v 10.403425216674805 24 -6.7982869148254395
v 10.403425216674805 21 -8.0734529495239258
v 10.403425216674805 24 -8.0734529495239258
v 8.351506233215332 21 -8.0734529495239258
v 8.351506233215332 24 -8.0734529495239258
f 1306 1305 1307 1308
f 1308 1307 1309 1310
f 1310 1309 1311 1312
f 1312 1311 1305 1306
f 1311 1309 1307 1305
f 1312 1306 1308 1310
g balcony_d_8_8
v 9.248286247253418 21 0.24828717112541199
v 9.248286247253418 24 0.24828717112541199
v 12.30085563659668 21 0.24828717112541199
v 12.30085563659668 24 0.24828717112541199
v 12.30085563659668 21 -2.7054316997528076
v 12.30085563659668 24 -2.7054316997528076
v 10.680596351623535 21 -2.7054316997528076
v 10.680596351623535 24 -2.7054316997528076
v 10.680596351623535 21 -5.2767128944396973
v 10.680596351623535 24 -5.2767128944396973
v 9.248286247253418 21 -5.2767128944396973
v 9.248286247253418 24 -5.2767128944396973
f 1313 1323 1321 1319 1317 1315
f 1324 1314 1316 1318 1320 1322
f 1314 1313 1315 1316
f 1316 1315 1317 1318
f 1318 1317 1319 1320
f 1320 1319 1321 1322
f 1322 1321 1323 1324
f 1324 1323 1313 1314
g balcony_d_8_7
v 10.680596351623535 21 -3.8461496829986572
v 10.680596351623535 24 -3.8461496829986572
v 12.30085563659668 21 -3.8461496829986572
v 12.30085563659668 24 -3.8461496829986572
v 12.30085563659668 21 -5.2767128944396973
v 12.30085563659668 24 -5.2767128944396973
v 10.680596351623535 21 -5.2767128944396973
v 10.680596351623535 24 -5.2767128944396973
f 1326 1325 1327 1328
f 1328 1327 1329 1330
f 1330 1329 1331 1332
f 1332 1331 1325 1326
f 1331 1329 1327 1325
f 1332 1326 1328 1330
g balcony_d_8_6
v 10.680596351623535 21 -2.7054316997528076
v 10.680596351623535 24 -2.7054316997528076
v 12.30085563659668 21 -2.7054316997528076
v 12.30085563659668 24 -2.7054316997528076
v 12.30085563659668 21 -3.8461496829986572
v 12.30085563659668 24 -3.8461496829986572
v 10.680596351623535 21 -3.8461496829986572
v 10.680596351623535 24 -3.8461496829986572
f 1334 1333 1335 1336
f 1336 1335 1337 1338
f 1338 1337 1339 1340
f 1340 1339 1333 1334
f 1339 1337 1335 1333
f 1340 1334 1336 1338
g balcony_d_8_5
v 2.8741428852081299 21 0.24828717112541199
v 2.8741428852081299 24 0.24828717112541199
v 5.8241429328918457 21 0.24828717112541199
v 5.8241429328918457 24 0.24828717112541199
v 5.8241429328918457 21 -1.2475488185882568
v 5.8241429328918457 24 -1.2475488185882568
v 2.8741428852081299 21 -1.2475488185882568
v 2.8741428852081299 24 -1.2475488185882568
f 1342 1341 1343 1344
f 1344 1343 1345 1346
f 1346 1345 1347 1348
f 1348 1347 1341 1342
f 1347 1345 1343 1341
f 1348 1342 1344 1346
g balcony_d_8_4
v 0.0017121488926932216 21 0.24828717112541199
v 0.0017121488926932216 24 0.24828717112541199
v 2.8741428852081299 21 0.24828717112541199
v 2.8741428852081299 24 0.24828717112541199
v 2.8741428852081299 21 -1.2475488185882568
v 2.8741428852081299 24 -1.2475488185882568
v 0.0017121488926932216 21 -1.2475488185882568
v 0.0017121488926932216 24 -1.2475488185882568
f 1350 1349 1351 1352
f 1352 1351 1353 1354
f 1354 1353 1355 1356
f 1356 1355 1349 1350
f 1355 1353 1351 1349
f 1356 1350 1352 1354
g balcony_d_8_3
v 2.8741428852081299 21 -1.2475488185882568
v 2.8741428852081299 24 -1.2475488185882568
v 5.8241429328918457 21 -1.2475488185882568
v 5.8241429328918457 24 -1.2475488185882568
v 5.8241429328918457 21 -5.2767128944396973
v 5.8241429328918457 24 -5.2767128944396973
v 2.8741428852081299 21 -5.2767128944396973
v 2.8741428852081299 24 -5.2767128944396973
f 1358 1357 1359 1360
f 1360 1359 1361 1362
f 1362 1361 1363 1364
f 1364 1363 1357 1358
f 1363 1361 1359 1357
f 1364 1358 1360 1362
g balcony_d_8_2
v 0.0017121488926932216 21 -6.4900670051574707
v 0.0017121488926932216 24 -6.4900670051574707
v 1.6245402097702026 21 -6.4900670051574707
v 1.6245402097702026 24 -6.4900670051574707
v 1.6245402097702026 21 -8.3084068298339844
v 1.6245402097702026 24 -8.3084068298339844
v 0.0017121488926932216 21 -8.3084068298339844
v 0.0017121488926932216 24 -8.3084068298339844
f 1366 1365 1367 1368
f 1368 1367 1369 1370
f 1370 1369 1371 1372
f 1372 1371 1365 1366
f 1371 1369 1367 1365
f 1372 1366 1368 1370
g balcony_d_8_1
v 0.0017121488926932216 21 -8.3084068298339844
v 0.0017121488926932216 24 -8.3084068298339844
v 3.7267119884490967 21 -8.3084068298339844
v 3.7267119884490967 24 -8.3084068298339844
v 3.7267119884490967 21 -12.245989799499512
v 3.7267119884490967 24 -12.245989799499512
v 0.0017121488926932216 21 -12.245989799499512
v 0.0017121488926932216 24 -12.245989799499512
f 1374 1373 1375 1376
f 1376 1375 1377 1378
f 1378 1377 1379 1380
f 1380 1379 1373 1374
f 1379 1377 1375 1373
f 1380 1374 1376 1378
g balcony_d_7_20
v 15.353425025939941 18 0.24828717112541199
v 15.353425025939941 21 0.24828717112541199
v 15.353425025939941 18 -5.2767128944396973
v 15.353425025939941 21 -5.2767128944396973
v 13.921114921569824 18 -5.2767128944396973
v 13.921114921569824 21 -5.2767128944396973
v 13.921114921569824 18 -2.7054316997528076
v 13.921114921569824 21 -2.7054316997528076
v 12.30085563659668 18 -2.7054316997528076
v 12.30085563659668 21 -2.7054316997528076
v 12.30085563659668 18 0.24828717112541199
v 12.30085563659668 21 0.24828717112541199
f 1391 1389 1387 1385 1383 1381
f 1392 1382 1384 1386 1388 1390
f 1382 1381 1383 1384
f 1384 1383 1385 1386
f 1386 1385 1387 1388
f 1388 1387 1389 1390
f 1390 1389 1391 1392
f 1392 1391 1381 1382
g balcony_d_7_19
v 13.921114921569824 18 -3.8461496829986572
v 13.921114921569824 21 -3.8461496829986572
v 13.921114921569824 18 -5.2767128944396973
v 13.921114921569824 21 -5.2767128944396973
v 12.30085563659668 18 -5.2767128944396973
v 12.30085563659668 21 -5.2767128944396973
v 12.30085563659668 18 -3.8461496829986572
v 12.30085563659668 21 -3.8461496829986572
f 1394 1393 1395 1396
f 1396 1395 1397 1398
f 1398 1397 1399 1400
f 1400 1399 1393 1394
f 1399 1397 1395 1393
f 1400 1394 1396 1398
g balcony_d_7_18
v 13.921114921569824 18 -2.7054316997528076
v 13.921114921569824 21 -2.7054316997528076
v 13.921114921569824 18 -3.8461496829986572
v 13.921114921569824 21 -3.8461496829986572
v 12.30085563659668 18 -3.8461496829986572
v 12.30085563659668 21 -3.8461496829986572
v 12.30085563659668 18 -2.7054316997528076
v 12.30085563659668 21 -2.7054316997528076
f 1402 1401 1403 1404
f 1404 1403 1405 1406
f 1406 1405 1407 1408
f 1408 1407 1401 1402
f 1407 1405 1403 1401
f 1408 1402 1404 1406
g balcony_d_7_17
v 5.8241429328918457 18 0.24828717112541199
v 5.8241429328918457 21 0.24828717112541199
v 9.248286247253418 18 0.24828717112541199
v 9.248286247253418 21 0.24828717112541199
v 9.248286247253418 18 -4.0767130851745605
v 9.248286247253418 21 -4.0767130851745605
v 5.8241429328918457 18 -4.0767130851745605
v 5.8241429328918457 21 -4.0767130851745605
f 1410 1409 1411 1412
f 1412 1411 1413 1414
f 1414 1413 1415 1416
f 1416 1415 1409 1410
f 1415 1413 1411 1409
f 1416 1410 1412 1414
g balcony_d_7_16
v 5.8241429328918457 18 -4.0767130851745605
v 5.8241429328918457 21 -4.0767130851745605
v 9.248286247253418 18 -4.0767130851745605
v 9.248286247253418 21 -4.0767130851745605
v 9.248286247253418 18 -5.2767128944396973
v 9.248286247253418 21 -5.2767128944396973
v 5.8241429328918457 18 -5.2767128944396973
v 5.8241429328918457 21 -5.2767128944396973
f 1418 1417 1419 1420
f 1420 1419 1421 1422
f 1422 1421 1423 1424
f 1424 1423 1417 1418
f 1423 1421 1419 1417
f 1424 1418 1420 1422
g balcony_d_7_15
v 8.1517124176025391 18 -5.2767128944396973
v 8.1517124176025391 21 -5.2767128944396973
v 12.30085563659668 21 -5.2767128944396973
v 16.44999885559082 18 -5.2767128944396973
v 16.44999885559082 21 -5.2767128944396973
v 12.30085563659668 18 -5.2767128944396973
v 16.44999885559082 18 -6.7982869148254395
v 16.44999885559082 21 -6.7982869148254395
v 14.198287010192871 18 -6.7982869148254395
v 14.198287010192871 21 -6.7982869148254395
v 14.198287010192871 18 -7.0050110816955566
v 14.198287010192871 21 -7.0050110816955566
v 10.403425216674805 18 -7.0050110816955566
v 10.403425216674805 21 -7.0050110816955566
v 10.403425216674805 18 -6.7982869148254395
v 10.403425216674805 21 -6.7982869148254395
v 8.1517124176025391 18 -6.7982869148254395
v 8.1517124176025391 21 -6.7982869148254395
f 1426 1425 1430 1428 1429 1427
f 1425 1441 1439 1437 1435 1433 1431 1428 1430
f 1440 1442 1426 1427 1429 1432 1434 1436 1438
f 1429 1428 1431 1432
f 1432 1431 1433 1434
f 1434 1433 1435 1436
f 1436 1435 1437 1438
f 1438 1437 1439 1440
f 1440 1439 1441 1442
f 1442 1441 1425 1426
g balcony_d_7_14
v 1.6245402097702026 18 -5.2767128944396973
v 1.6245402097702026 21 -5.2767128944396973
v 8.1517124176025391 18 -5.2767128944396973
v 8.1517124176025391 21 -5.2767128944396973
v 8.1517124176025391 18 -6.7982869148254395
v 8.1517124176025391 21 -6.7982869148254395
v 3.7267119884490967 18 -6.7982869148254395
v 3.7267119884490967 21 -6.7982869148254395
v 3.7267119884490967 18 -8.3084068298339844
v 3.7267119884490967 21 -8.3084068298339844
v 1.6245402097702026 18 -8.3084068298339844
v 1.6245402097702026 21 -8.3084068298339844
f 1451 1449 1447 1445 1443 1453
f 1452 1454 1444 1446 1448 1450
f 1444 1443 1445 1446
f 1446 1445 1447 1448
f 1448 1447 1449 1450
f 1450 1449 1451 1452
f 1452 1451 1453 1454
f 1454 1453 1443 1444
g balcony_d_7_13
v 0.0017121488926932216 18 -5.2767128944396973
v 0.0017121488926932216 21 -5.2767128944396973
v 1.6245402097702026 18 -5.2767128944396973
v 1.6245402097702026 21 -5.2767128944396973
v 1.6245402097702026 18 -6.4900670051574707
v 1.6245402097702026 21 -6.4900670051574707
v 0.0017121488926932216 18 -6.4900670051574707
v 0.0017121488926932216 21 -6.4900670051574707
f 1456 1455 1457 1458
f 1458 1457 1459 1460
f 1460 1459 1461 1462
f 1462 1461 1455 1456
f 1461 1459 1457 1455
f 1462 1456 1458 1460
g balcony_d_7_12
v 0.0017121488926932216 18 -1.2475488185882568
v 0.0017121488926932216 21 -1.2475488185882568
v 2.8741428852081299 18 -1.2475488185882568
v 2.8741428852081299 21 -1.2475488185882568
v 2.8741428852081299 18 -5.2767128944396973
v 2.8741428852081299 21 -5.2767128944396973
v 0.0017121488926932216 18 -5.2767128944396973
v 0.0017121488926932216 21 -5.2767128944396973
f 1464 1463 1465 1466
f 1466 1465 1467 1468
f 1468 1467 1469 1470
f 1470 1469 1463 1464
f 1469 1467 1465 1463
f 1470 1464 1466 1468
g balcony_d_7_11
v 3.7267119884490967 18 -6.7982869148254395
v 3.7267119884490967 21 -6.7982869148254395
v 7.1292824745178223 18 -6.7982869148254395
v 7.1292824745178223 21 -6.7982869148254395
v 7.1292824745178223 18 -12.245989799499512
v 7.1292824745178223 21 -12.245989799499512
v 3.7267119884490967 18 -12.245989799499512
v 3.7267119884490967 21 -12.245989799499512
f 1472 1471 1473 1474
f 1474 1473 1475 1476
f 1476 1475 1477 1478
f 1478 1477 1471 1472
f 1477 1475 1473 1471
f 1478 1472 1474 1476
g balcony_d_7_10
v 7.1292824745178223 18 -6.7982869148254395
v 7.1292824745178223 21 -6.7982869148254395
v 8.351506233215332 18 -6.7982869148254395
v 8.351506233215332 21 -6.7982869148254395
v 8.351506233215332 18 -8.0734529495239258
v 8.351506233215332 21 -8.0734529495239258
v 10.403425216674805 18 -8.0734529495239258
v 10.403425216674805 21 -8.0734529495239258
v 10.403425216674805 18 -12.245989799499512
v 10.403425216674805 21 -12.245989799499512
v 7.1292824745178223 18 -12.245989799499512
v 7.1292824745178223 21 -12.245989799499512
f 1479 1489 1487 1485 1483 1481
f 1490 1480 1482 1484 1486 1488
f 1480 1479 1481 1482
f 1482 1481 1483 1484
f 1484 1483 1485 1486
f 1486 1485 1487 1488
f 1488 1487 1489 1490
f 1490 1489 1479 1480
g balcony_d_7_9
v 8.351506233215332 18 -6.7982869148254395
v 8.351506233215332 21 -6.7982869148254395
v 10.403425216674805 18 -6.7982869148254395
v 10.403425216674805 21 -6.7982869148254395
v 10.403425216674805 18 -8.0734529495239258
v 10.403425216674805 21 -8.0734529495239258
v 8.351506233215332 18 -8.0734529495239258
v 8.351506233215332 21 -8.0734529495239258
f 1492 1491 1493 1494
f 1494 1493 1495 1496
f 1496 1495 1497 1498
f 1498 1497 1491 1492
f 1497 1495 1493 1491
f 1498 1492 1494 1496
g balcony_d_7_8
v 9.248286247253418 18 0.24828717112541199
v 9.248286247253418 21 0.24828717112541199
v 12.30085563659668 18 0.24828717112541199
v 12.30085563659668 21 0.24828717112541199
v 12.30085563659668 18 -2.7054316997528076
v 12.30085563659668 21 -2.7054316997528076
v 10.680596351623535 18 -2.7054316997528076
v 10.680596351623535 21 -2.7054316997528076
v 10.680596351623535 18 -5.2767128944396973
v 10.680596351623535 21 -5.2767128944396973
v 9.248286247253418 18 -5.2767128944396973
v 9.248286247253418 21 -5.2767128944396973
f 1499 1509 1507 1505 1503 1501
f 1510 1500 1502 1504 1506 1508
f 1500 1499 1501 1502
f 1502 1501 1503 1504
f 1504 1503 1505 1506
f 1506 1505 1507 1508
f 1508 1507 1509 1510
f 1510 1509 1499 1500
g balcony_d_7_7
v 10.680596351623535 18 -3.8461496829986572
v 10.680596351623535 21 -3.8461496829986572
v 12.30085563659668 18 -3.8461496829986572
v 12.30085563659668 21 -3.8461496829986572
v 12.30085563659668 18 -5.2767128944396973
v 12.30085563659668 21 -5.2767128944396973
v 10.680596351623535 18 -5.2767128944396973
v 10.680596351623535 21 -5.2767128944396973
f 1512 1511 1513 1514
f 1514 1513 1515 1516
f 1516 1515 1517 1518
f 1518 1517 1511 1512
f 1517 1515 1513 1511
f 1518 1512 1514 1516
g balcony_d_7_6
v 10.680596351623535 18 -2.7054316997528076
v 10.680596351623535 21 -2.7054316997528076
v 12.30085563659668 18 -2.7054316997528076
v 12.30085563659668 21 -2.7054316997528076
v 12.30085563659668 18 -3.8461496829986572
v 12.30085563659668 21 -3.8461496829986572
v 10.680596351623535 18 -3.8461496829986572
v 10.680596351623535 21 -3.8461496829986572
f 1520 1519 1521 1522
f 1522 1521 1523 1524
f 1524 1523 1525 1526
f 1526 1525 1519 1520
f 1525 1523 1521 1519
f 1526 1520 1522 1524
g balcony_d_7_5
v 2.8741428852081299 18 0.24828717112541199
v 2.8741428852081299 21 0.24828717112541199
v 5.8241429328918457 18 0.24828717112541199
v 5.8241429328918457 21 0.24828717112541199
v 5.8241429328918457 18 -1.2475488185882568
v 5.8241429328918457 21 -1.2475488185882568
v 2.8741428852081299 18 -1.2475488185882568
v 2.8741428852081299 21 -1.2475488185882568
f 1528 1527 1529 1530
f 1530 1529 1531 1532
f 1532 1531 1533 1534
f 1534 1533 1527 1528
f 1533 1531 1529 1527
f 1534 1528 1530 1532
g balcony_d_7_4
v 0.0017121488926932216 18 0.24828717112541199
v 0.0017121488926932216 21 0.24828717112541199
v 2.8741428852081299 18 0.24828717112541199
v 2.8741428852081299 21 0.24828717112541199
v 2.8741428852081299 18 -1.2475488185882568
v 2.8741428852081299 21 -1.2475488185882568
v 0.0017121488926932216 18 -1.2475488185882568
v 0.0017121488926932216 21 -1.2475488185882568
f 1536 1535 1537 1538
f 1538 1537 1539 1540
f 1540 1539 1541 1542
f 1542 1541 1535 1536
f 1541 1539 1537 1535
f 1542 1536 1538 1540
g balcony_d_7_3
v 2.8741428852081299 18 -1.2475488185882568
v 2.8741428852081299 21 -1.2475488185882568
v 5.8241429328918457 18 -1.2475488185882568
v 5.8241429328918457 21 -1.2475488185882568
v 5.8241429328918457 18 -5.2767128944396973
v 5.8241429328918457 21 -5.2767128944396973
v 2.8741428852081299 18 -5.2767128944396973
v 2.8741428852081299 21 -5.2767128944396973
f 1544 1543 1545 1546
f 1546 1545 1547 1548
f 1548 1547 1549 1550
f 1550 1549 1543 1544
f 1549 1547 1545 1543
f 1550 1544 1546 1548
g balcony_d_7_2
v 0.0017121488926932216 18 -6.4900670051574707
v 0.0017121488926932216 21 -6.4900670051574707
v 1.6245402097702026 18 -6.4900670051574707
v 1.6245402097702026 21 -6.4900670051574707
v 1.6245402097702026 18 -8.3084068298339844
v 1.6245402097702026 21 -8.3084068298339844
v 0.0017121488926932216 18 -8.3084068298339844
v 0.0017121488926932216 21 -8.3084068298339844
f 1552 1551 1553 1554
f 1554 1553 1555 1556
f 1556 1555 1557 1558
f 1558 1557 1551 1552
f 1557 1555 1553 1551
f 1558 1552 1554 1556
g balcony_d_7_1
v 0.0017121488926932216 18 -8.3084068298339844
v 0.0017121488926932216 21 -8.3084068298339844
v 3.7267119884490967 18 -8.3084068298339844
v 3.7267119884490967 21 -8.3084068298339844
v 3.7267119884490967 18 -12.245989799499512
v 3.7267119884490967 21 -12.245989799499512
v 0.0017121488926932216 18 -12.245989799499512
v 0.0017121488926932216 21 -12.245989799499512
f 1560 1559 1561 1562
f 1562 1561 1563 1564
f 1564 1563 1565 1566
f 1566 1565 1559 1560
f 1565 1563 1561 1559
f 1566 1560 1562 1564
g balcony_d_6_20
v 15.353425025939941 15 0.24828717112541199
v 15.353425025939941 18 0.24828717112541199
v 15.353425025939941 15 -5.2767128944396973
v 15.353425025939941 18 -5.2767128944396973
v 13.921114921569824 15 -5.2767128944396973
v 13.921114921569824 18 -5.2767128944396973
v 13.921114921569824 15 -2.7054316997528076
v 13.921114921569824 18 -2.7054316997528076
v 12.30085563659668 15 -2.7054316997528076
v 12.30085563659668 18 -2.7054316997528076
v 12.30085563659668 15 0.24828717112541199
v 12.30085563659668 18 0.24828717112541199
f 1577 1575 1573 1571 1569 1567
f 1578 1568 1570 1572 1574 1576
f 1568 1567 1569 1570
f 1570 1569 1571 1572
f 1572 1571 1573 1574
f 1574 1573 1575 1576
f 1576 1575 1577 1578
f 1578 1577 1567 1568
g balcony_d_6_19
v 13.921114921569824 15 -3.8461496829986572
v 13.921114921569824 18 -3.8461496829986572
v 13.921114921569824 15 -5.2767128944396973
v 13.921114921569824 18 -5.2767128944396973
v 12.30085563659668 15 -5.2767128944396973
v 12.30085563659668 18 -5.2767128944396973
v 12.30085563659668 15 -3.8461496829986572
v 12.30085563659668 18 -3.8461496829986572
f 1580 1579 1581 1582
f 1582 1581 1583 1584
f 1584 1583 1585 1586
f 1586 1585 1579 1580
f 1585 1583 1581 1579
f 1586 1580 1582 1584
g balcony_d_6_18
v 13.921114921569824 15 -2.7054316997528076
v 13.921114921569824 18 -2.7054316997528076
v 13.921114921569824 15 -3.8461496829986572
v 13.921114921569824 18 -3.8461496829986572
v 12.30085563659668 15 -3.8461496829986572
v 12.30085563659668 18 -3.8461496829986572
v 12.30085563659668 15 -2.7054316997528076
v 12.30085563659668 18 -2.7054316997528076
f 1588 1587 1589 1590
f 1590 1589 1591 1592
f 1592 1591 1593 1594
f 1594 1593 1587 1588
f 1593 1591 1589 1587
f 1594 1588 1590 1592
g balcony_d_6_17
v 5.8241429328918457 15 0.24828717112541199
v 5.8241429328918457 18 0.24828717112541199
v 9.248286247253418 15 0.24828717112541199
v 9.248286247253418 18 0.24828717112541199
v 9.248286247253418 15 -4.0767130851745605
v 9.248286247253418 18 -4.0767130851745605
v 5.8241429328918457 15 -4.0767130851745605
v 5.8241429328918457 18 -4.0767130851745605
f 1596 1595 1597 1598
f 1598 1597 1599 1600
f 1600 1599 1601 1602
f 1602 1601 1595 1596
f 1601 1599 1597 1595
f 1602 1596 1598 1600
g balcony_d_6_16
v 5.8241429328918457 15 -4.0767130851745605
v 5.8241429328918457 18 -4.0767130851745605
v 9.248286247253418 15 -4.0767130851745605
v 9.248286247253418 18 -4.0767130851745605
v 9.248286247253418 15 -5.2767128944396973
v 9.248286247253418 18 -5.2767128944396973
v 5.8241429328918457 15 -5.2767128944396973
v 5.8241429328918457 18 -5.2767128944396973
f 1604 1603 1605 1606
f 1606 1605 1607 1608
f 1608 1607 1609 1610
f 1610 1609 1603 1604
f 1609 1607 1605 1603
f 1610 1604 1606 1608
g balcony_d_6_15
v 8.1517124176025391 15 -5.2767128944396973
v 8.1517124176025391 18 -5.2767128944396973
v 12.30085563659668 18 -5.2767128944396973
v 16.44999885559082 15 -5.2767128944396973
v 16.44999885559082 18 -5.2767128944396973
v 12.30085563659668 15 -5.2767128944396973
v 16.44999885559082 15 -6.7982869148254395
v 16.44999885559082 18 -6.7982869148254395
v 14.198287010192871 15 -6.7982869148254395
v 14.198287010192871 18 -6.7982869148254395
v 14.198287010192871 15 -7.0050110816955566
v 14.198287010192871 18 -7.0050110816955566
v 10.403425216674805 15 -7.0050110816955566
v 10.403425216674805 18 -7.0050110816955566
v 10.403425216674805 15 -6.7982869148254395
v 10.403425216674805 18 -6.7982869148254395
v 8.1517124176025391 15 -6.7982869148254395
v 8.1517124176025391 18 -6.7982869148254395
f 1612 1611 1616 1614 1615 1613
f 1611 1627 1625 1623 1621 1619 1617 1614 1616
f 1626 1628 1612 1613 1615 1618 1620 1622 1624
f 1615 1614 1617 1618
f 1618 1617 1619 1620
f 1620 1619 1621 1622
f 1622 1621 1623 1624
f 1624 1623 1625 1626
f 1626 1625 1627 1628
f 1628 1627 1611 1612
g balcony_d_6_14
v 1.6245402097702026 15 -5.2767128944396973
v 1.6245402097702026 18 -5.2767128944396973
v 8.1517124176025391 15 -5.2767128944396973
v 8.1517124176025391 18 -5.2767128944396973
v 8.1517124176025391 15 -6.7982869148254395
v 8.1517124176025391 18 -6.7982869148254395
v 3.7267119884490967 15 -6.7982869148254395
v 3.7267119884490967 18 -6.7982869148254395
v 3.7267119884490967 15 -8.3084068298339844
v 3.7267119884490967 18 -8.3084068298339844
v 1.6245402097702026 15 -8.3084068298339844
v 1.6245402097702026 18 -8.3084068298339844
f 1637 1635 1633 1631 1629 1639
f 1638 1640 1630 1632 1634 1636
f 1630 1629 1631 1632
f 1632 1631 1633 1634
f 1634 1633 1635 1636
f 1636 1635 1637 1638
f 1638 1637 1639 1640
f 1640 1639 1629 1630
g balcony_d_6_13
v 0.0017121488926932216 15 -5.2767128944396973
v 0.0017121488926932216 18 -5.2767128944396973
v 1.6245402097702026 15 -5.2767128944396973
v 1.6245402097702026 18 -5.2767128944396973
v 1.6245402097702026 15 -6.4900670051574707
v 1.6245402097702026 18 -6.4900670051574707
v 0.0017121488926932216 15 -6.4900670051574707
v 0.0017121488926932216 18 -6.4900670051574707
f 1642 1641 1643 1644
f 1644 1643 1645 1646
f 1646 1645 1647 1648
f 1648 1647 1641 1642
f 1647 1645 1643 1641
f 1648 1642 1644 1646
g balcony_d_6_12
v 0.0017121488926932216 15 -1.2475488185882568
v 0.0017121488926932216 18 -1.2475488185882568
v 2.8741428852081299 15 -1.2475488185882568
v 2.8741428852081299 18 -1.2475488185882568
v 2.8741428852081299 15 -5.2767128944396973
v 2.8741428852081299 18 -5.2767128944396973
v 0.0017121488926932216 15 -5.2767128944396973
v 0.0017121488926932216 18 -5.2767128944396973
f 1650 1649 1651 1652
f 1652 1651 1653 1654
f 1654 1653 1655 1656
f 1656 1655 1649 1650
f 1655 1653 1651 1649
f 1656 1650 1652 1654
g balcony_d_6_11
v 3.7267119884490967 15 -6.7982869148254395
v 3.7267119884490967 18 -6.7982869148254395
v 7.1292824745178223 15 -6.7982869148254395
v 7.1292824745178223 18 -6.7982869148254395
v 7.1292824745178223 15 -12.245989799499512
v 7.1292824745178223 18 -12.245989799499512
v 3.7267119884490967 15 -12.245989799499512
v 3.7267119884490967 18 -12.245989799499512
f 1658 1657 1659 1660
f 1660 1659 1661 1662
f 1662 1661 1663 1664
f 1664 1663 1657 1658
f 1663 1661 1659 1657
f 1664 1658 1660 1662
g balcony_d_6_10
v 7.1292824745178223 15 -6.7982869148254395
v 7.1292824745178223 18 -6.7982869148254395
v 8.351506233215332 15 -6.7982869148254395
v 8.351506233215332 18 -6.7982869148254395
v 8.351506233215332 15 -8.0734529495239258
v 8.351506233215332 18 -8.0734529495239258
v 10.403425216674805 15 -8.0734529495239258
v 10.403425216674805 18 -8.0734529495239258
v 10.403425216674805 15 -12.245989799499512
v 10.403425216674805 18 -12.245989799499512
v 7.1292824745178223 15 -12.245989799499512
v 7.1292824745178223 18 -12.245989799499512
f 1665 1675 1673 1671 1669 1667
f 1676 1666 1668 1670 1672 1674
f 1666 1665 1667 1668
f 1668 1667 1669 1670
f 1670 1669 1671 1672
f 1672 1671 1673 1674
f 1674 1673 1675 1676
f 1676 1675 1665 1666
g balcony_d_6_9
v 8.351506233215332 15 -6.7982869148254395
v 8.351506233215332 18 -6.7982869148254395
v 10.403425216674805 15 -6.7982869148254395
v 10.403425216674805 18 -6.7982869148254395
v 10.403425216674805 15 -8.0734529495239258
v 10.403425216674805 18 -8.0734529495239258
v 8.351506233215332 15 -8.0734529495239258
v 8.351506233215332 18 -8.0734529495239258
f 1678 1677 1679 1680
f 1680 1679 1681 1682
f 1682 1681 1683 1684
f 1684 1683 1677 1678
f 1683 1681 1679 1677
f 1684 1678 1680 1682
g balcony_d_6_8
v 9.248286247253418 15 0.24828717112541199
v 9.248286247253418 18 0.24828717112541199
v 12.30085563659668 15 0.24828717112541199
v 12.30085563659668 18 0.24828717112541199
v 12.30085563659668 15 -2.7054316997528076
v 12.30085563659668 18 -2.7054316997528076
v 10.680596351623535 15 -2.7054316997528076
v 10.680596351623535 18 -2.7054316997528076
v 10.680596351623535 15 -5.2767128944396973
v 10.680596351623535 18 -5.2767128944396973
v 9.248286247253418 15 -5.2767128944396973
v 9.248286247253418 18 -5.2767128944396973
f 1685 1695 1693 1691 1689 1687
f 1696 1686 1688 1690 1692 1694
f 1686 1685 1687 1688
f 1688 1687 1689 1690
f 1690 1689 1691 1692
f 1692 1691 1693 1694
f 1694 1693 1695 1696
f 1696 1695 1685 1686
g balcony_d_6_7
v 10.680596351623535 15 -3.8461496829986572
v 10.680596351623535 18 -3.8461496829986572
v 12.30085563659668 15 -3.8461496829986572
v 12.30085563659668 18 -3.8461496829986572
v 12.30085563659668 15 -5.2767128944396973
v 12.30085563659668 18 -5.2767128944396973
v 10.680596351623535 15 -5.2767128944396973
v 10.680596351623535 18 -5.2767128944396973
f 1698 1697 1699 1700
f 1700 1699 1701 1702
f 1702 1701 1703 1704
f 1704 1703 1697 1698
f 1703 1701 1699 1697
f 1704 1698 1700 1702
g balcony_d_6_6
v 10.680596351623535 15 -2.7054316997528076
v 10.680596351623535 18 -2.7054316997528076
v 12.30085563659668 15 -2.7054316997528076
v 12.30085563659668 18 -2.7054316997528076
v 12.30085563659668 15 -3.8461496829986572
v 12.30085563659668 18 -3.8461496829986572
v 10.680596351623535 15 -3.8461496829986572
v 10.680596351623535 18 -3.8461496829986572
f 1706 1705 1707 1708
f 1708 1707 1709 1710
f 1710 1709 1711 1712
f 1712 1711 1705 1706
f 1711 1709 1707 1705
f 1712 1706 1708 1710
g balcony_d_6_5
v 2.8741428852081299 15 0.24828717112541199
v 2.8741428852081299 18 0.24828717112541199
v 5.8241429328918457 15 0.24828717112541199
v 5.8241429328918457 18 0.24828717112541199
v 5.8241429328918457 15 -1.2475488185882568
v 5.8241429328918457 18 -1.2475488185882568
v 2.8741428852081299 15 -1.2475488185882568
v 2.8741428852081299 18 -1.2475488185882568
f 1714 1713 1715 1716
f 1716 1715 1717 1718
f 1718 1717 1719 1720
f 1720 1719 1713 1714
f 1719 1717 1715 1713
f 1720 1714 1716 1718
g balcony_d_6_4
v 0.0017121488926932216 15 0.24828717112541199
v 0.0017121488926932216 18 0.24828717112541199
v 2.8741428852081299 15 0.24828717112541199
v 2.8741428852081299 18 0.24828717112541199
v 2.8741428852081299 15 -1.2475488185882568
v 2.8741428852081299 18 -1.2475488185882568
v 0.0017121488926932216 15 -1.2475488185882568
v 0.0017121488926932216 18 -1.2475488185882568
f 1722 1721 1723 1724
f 1724 1723 1725 1726
f 1726 1725 1727 1728
f 1728 1727 1721 1722
f 1727 1725 1723 1721
f 1728 1722 1724 1726
g balcony_d_6_3
v 2.8741428852081299 15 -1.2475488185882568
v 2.8741428852081299 18 -1.2475488185882568
v 5.8241429328918457 15 -1.2475488185882568
v 5.8241429328918457 18 -1.2475488185882568
v 5.8241429328918457 15 -5.2767128944396973
v 5.8241429328918457 18 -5.2767128944396973
v 2.8741428852081299 15 -5.2767128944396973
v 2.8741428852081299 18 -5.2767128944396973
f 1730 1729 1731 1732
f 1732 1731 1733 1734
f 1734 1733 1735 1736
f 1736 1735 1729 1730
f 1735 1733 1731 1729
f 1736 1730 1732 1734
g balcony_d_6_2
v 0.0017121488926932216 15 -6.4900670051574707
v 0.0017121488926932216 18 -6.4900670051574707
v 1.6245402097702026 15 -6.4900670051574707
v 1.6245402097702026 18 -6.4900670051574707
v 1.6245402097702026 15 -8.3084068298339844
v 1.6245402097702026 18 -8.3084068298339844
v 0.0017121488926932216 15 -8.3084068298339844
v 0.0017121488926932216 18 -8.3084068298339844
f 1738 1737 1739 1740
f 1740 1739 1741 1742
f 1742 1741 1743 1744
f 1744 1743 1737 1738
f 1743 1741 1739 1737
f 1744 1738 1740 1742
g balcony_d_6_1
v 0.0017121488926932216 15 -8.3084068298339844
v 0.0017121488926932216 18 -8.3084068298339844
v 3.7267119884490967 15 -8.3084068298339844
v 3.7267119884490967 18 -8.3084068298339844
v 3.7267119884490967 15 -12.245989799499512
v 3.7267119884490967 18 -12.245989799499512
v 0.0017121488926932216 15 -12.245989799499512
v 0.0017121488926932216 18 -12.245989799499512
f 1746 1745 1747 1748
f 1748 1747 1749 1750
f 1750 1749 1751 1752
f 1752 1751 1745 1746
f 1751 1749 1747 1745
f 1752 1746 1748 1750
g balcony_d_5_20
v 15.353425025939941 12 0.24828717112541199
v 15.353425025939941 15 0.24828717112541199
v 15.353425025939941 12 -5.2767128944396973
v 15.353425025939941 15 -5.2767128944396973
v 13.921114921569824 12 -5.2767128944396973
v 13.921114921569824 15 -5.2767128944396973
v 13.921114921569824 12 -2.7054316997528076
v 13.921114921569824 15 -2.7054316997528076
v 12.30085563659668 12 -2.7054316997528076
v 12.30085563659668 15 -2.7054316997528076
v 12.30085563659668 12 0.24828717112541199
v 12.30085563659668 15 0.24828717112541199
f 1763 1761 1759 1757 1755 1753
f 1764 1754 1756 1758 1760 1762
f 1754 1753 1755 1756
f 1756 1755 1757 1758
f 1758 1757 1759 1760
f 1760 1759 1761 1762
f 1762 1761 1763 1764
f 1764 1763 1753 1754
g balcony_d_5_19
v 13.921114921569824 12 -3.8461496829986572
v 13.921114921569824 15 -3.8461496829986572
v 13.921114921569824 12 -5.2767128944396973
v 13.921114921569824 15 -5.2767128944396973
v 12.30085563659668 12 -5.2767128944396973
v 12.30085563659668 15 -5.2767128944396973
v 12.30085563659668 12 -3.8461496829986572
v 12.30085563659668 15 -3.8461496829986572
f 1766 1765 1767 1768
f 1768 1767 1769 1770
f 1770 1769 1771 1772
f 1772 1771 1765 1766
f 1771 1769 1767 1765
f 1772 1766 1768 1770
g balcony_d_5_18
v 13.921114921569824 12 -2.7054316997528076
v 13.921114921569824 15 -2.7054316997528076
v 13.921114921569824 12 -3.8461496829986572
v 13.921114921569824 15 -3.8461496829986572
v 12.30085563659668 12 -3.8461496829986572
v 12.30085563659668 15 -3.8461496829986572
v 12.30085563659668 12 -2.7054316997528076
v 12.30085563659668 15 -2.7054316997528076
f 1774 1773 1775 1776
f 1776 1775 1777 1778
f 1778 1777 1779 1780
f 1780 1779 1773 1774
f 1779 1777 1775 1773
f 1780 1774 1776 1778
g balcony_d_5_17
v 5.8241429328918457 12 0.24828717112541199
v 5.8241429328918457 15 0.24828717112541199
v 9.248286247253418 12 0.24828717112541199
v 9.248286247253418 15 0.24828717112541199
v 9.248286247253418 12 -4.0767130851745605
v 9.248286247253418 15 -4.0767130851745605
v 5.8241429328918457 12 -4.0767130851745605
v 5.8241429328918457 15 -4.0767130851745605
f 1782 1781 1783 1784
f 1784 1783 1785 1786
f 1786 1785 1787 1788
f 1788 1787 1781 1782
f 1787 1785 1783 1781
f 1788 1782 1784 1786
g balcony_d_5_16
v 5.8241429328918457 12 -4.0767130851745605
v 5.8241429328918457 15 -4.0767130851745605
v 9.248286247253418 12 -4.0767130851745605
v 9.248286247253418 15 -4.0767130851745605
v 9.248286247253418 12 -5.2767128944396973
v 9.248286247253418 15 -5.2767128944396973
v 5.8241429328918457 12 -5.2767128944396973
v 5.8241429328918457 15 -5.2767128944396973
f 1790 1789 1791 1792
f 1792 1791 1793 1794
f 1794 1793 1795 1796
f 1796 1795 1789 1790
f 1795 1793 1791 1789
f 1796 1790 1792 1794
g balcony_d_5_15
v 8.1517124176025391 12 -5.2767128944396973
v 8.1517124176025391 15 -5.2767128944396973
v 12.30085563659668 15 -5.2767128944396973
v 16.44999885559082 12 -5.2767128944396973
v 16.44999885559082 15 -5.2767128944396973
v 12.30085563659668 12 -5.2767128944396973
v 16.44999885559082 12 -6.7982869148254395
v 16.44999885559082 15 -6.7982869148254395
v 14.198287010192871 12 -6.7982869148254395
v 14.198287010192871 15 -6.7982869148254395
v 14.198287010192871 12 -7.0050110816955566
v 14.198287010192871 15 -7.0050110816955566
v 10.403425216674805 12 -7.0050110816955566
v 10.403425216674805 15 -7.0050110816955566
v 10.403425216674805 12 -6.7982869148254395
v 10.403425216674805 15 -6.7982869148254395
v 8.1517124176025391 12 -6.7982869148254395
v 8.1517124176025391 15 -6.7982869148254395
f 1798 1797 1802 1800 1801 1799
f 1797 1813 1811 1809 1807 1805 1803 1800 1802
f 1812 1814 1798 1799 1801 1804 1806 1808 1810
f 1801 1800 1803 1804
f 1804 1803 1805 1806
f 1806 1805 1807 1808
f 1808 1807 1809 1810
f 1810 1809 1811 1812
f 1812 1811 1813 1814
f 1814 1813 1797 1798
g balcony_d_5_14
v 1.6245402097702026 12 -5.2767128944396973
v 1.6245402097702026 15 -5.2767128944396973
v 8.1517124176025391 12 -5.2767128944396973
v 8.1517124176025391 15 -5.2767128944396973
v 8.1517124176025391 12 -6.7982869148254395
v 8.1517124176025391 15 -6.7982869148254395
v 3.7267119884490967 12 -6.7982869148254395
v 3.7267119884490967 15 -6.7982869148254395
v 3.7267119884490967 12 -8.3084068298339844
v 3.7267119884490967 15 -8.3084068298339844
v 1.6245402097702026 12 -8.3084068298339844
v 1.6245402097702026 15 -8.3084068298339844
f 1823 1821 1819 1817 1815 1825
f 1824 1826 1816 1818 1820 1822
f 1816 1815 1817 1818
f 1818 1817 1819 1820
f 1820 1819 1821 1822
f 1822 1821 1823 1824
f 1824 1823 1825 1826
f 1826 1825 1815 1816
g balcony_d_5_13
v 0.0017121488926932216 12 -5.2767128944396973
v 0.0017121488926932216 15 -5.2767128944396973
v 1.6245402097702026 12 -5.2767128944396973
v 1.6245402097702026 15 -5.2767128944396973
v 1.6245402097702026 12 -6.4900670051574707
v 1.6245402097702026 15 -6.4900670051574707
v 0.0017121488926932216 12 -6.4900670051574707
v 0.0017121488926932216 15 -6.4900670051574707
f 1828 1827 1829 1830
f 1830 1829 1831 1832
f 1832 1831 1833 1834
f 1834 1833 1827 1828
f 1833 1831 1829 1827
f 1834 1828 1830 1832
g balcony_d_5_12
v 0.0017121488926932216 12 -1.2475488185882568
v 0.0017121488926932216 15 -1.2475488185882568
v 2.8741428852081299 12 -1.2475488185882568
v 2.8741428852081299 15 -1.2475488185882568
v 2.8741428852081299 12 -5.2767128944396973
v 2.8741428852081299 15 -5.2767128944396973
v 0.0017121488926932216 12 -5.2767128944396973
v 0.0017121488926932216 15 -5.2767128944396973
f 1836 1835 1837 1838
f 1838 1837 1839 1840
f 1840 1839 1841 1842
f 1842 1841 1835 1836
f 1841 1839 1837 1835
f 1842 1836 1838 1840
g balcony_d_5_11
v 3.7267119884490967 12 -6.7982869148254395
v 3.7267119884490967 15 -6.7982869148254395
v 7.1292824745178223 12 -6.7982869148254395
v 7.1292824745178223 15 -6.7982869148254395
v 7.1292824745178223 12 -12.245989799499512
v 7.1292824745178223 15 -12.245989799499512
v 3.7267119884490967 12 -12.245989799499512
v 3.7267119884490967 15 -12.245989799499512
f 1844 1843 1845 1846
f 1846 1845 1847 1848
f 1848 1847 1849 1850
f 1850 1849 1843 1844
f 1849 1847 1845 1843
f 1850 1844 1846 1848
g balcony_d_5_10
v 7.1292824745178223 12 -6.7982869148254395
v 7.1292824745178223 15 -6.7982869148254395
v 8.351506233215332 12 -6.7982869148254395
v 8.351506233215332 15 -6.7982869148254395
v 8.351506233215332 12 -8.0734529495239258
v 8.351506233215332 15 -8.0734529495239258
v 10.403425216674805 12 -8.0734529495239258
v 10.403425216674805 15 -8.0734529495239258
v 10.403425216674805 12 -12.245989799499512
v 10.403425216674805 15 -12.245989799499512
v 7.1292824745178223 12 -12.245989799499512
v 7.1292824745178223 15 -12.245989799499512
f 1851 1861 1859 1857 1855 1853
f 1862 1852 1854 1856 1858 1860
f 1852 1851 1853 1854
f 1854 1853 1855 1856
f 1856 1855 1857 1858
f 1858 1857 1859 1860
f 1860 1859 1861 1862
f 1862 1861 1851 1852
g balcony_d_5_9
v 8.351506233215332 12 -6.7982869148254395
v 8.351506233215332 15 -6.7982869148254395
v 10.403425216674805 12 -6.7982869148254395
v 10.403425216674805 15 -6.7982869148254395
v 10.403425216674805 12 -8.0734529495239258
v 10.403425216674805 15 -8.0734529495239258
v 8.351506233215332 12 -8.0734529495239258
v 8.351506233215332 15 -8.0734529495239258
f 1864 1863 1865 1866
f 1866 1865 1867 1868
f 1868 1867 1869 1870
f 1870 1869 1863 1864
f 1869 1867 1865 1863
f 1870 1864 1866 1868
g balcony_d_5_8
v 9.248286247253418 12 0.24828717112541199
v 9.248286247253418 15 0.24828717112541199
v 12.30085563659668 12 0.24828717112541199
v 12.30085563659668 15 0.24828717112541199
v 12.30085563659668 12 -2.7054316997528076
v 12.30085563659668 15 -2.7054316997528076
v 10.680596351623535 12 -2.7054316997528076
v 10.680596351623535 15 -2.7054316997528076
v 10.680596351623535 12 -5.2767128944396973
v 10.680596351623535 15 -5.2767128944396973
v 9.248286247253418 12 -5.2767128944396973
v 9.248286247253418 15 -5.2767128944396973
f 1871 1881 1879 1877 1875 1873
f 1882 1872 1874 1876 1878 1880
f 1872 1871 1873 1874
f 1874 1873 1875 1876
f 1876 1875 1877 1878
f 1878 1877 1879 1880
f 1880 1879 1881 1882
f 1882 1881 1871 1872
g balcony_d_5_7
v 10.680596351623535 12 -3.8461496829986572
v 10.680596351623535 15 -3.8461496829986572
v 12.30085563659668 12 -3.8461496829986572
v 12.30085563659668 15 -3.8461496829986572
v 12.30085563659668 12 -5.2767128944396973
v 12.30085563659668 15 -5.2767128944396973
v 10.680596351623535 12 -5.2767128944396973
v 10.680596351623535 15 -5.2767128944396973
f 1884 1883 1885 1886
f 1886 1885 1887 1888
f 1888 1887 1889 1890
f 1890 1889 1883 1884
f 1889 1887 1885 1883
f 1890 1884 1886 1888
g balcony_d_5_6
v 10.680596351623535 12 -2.7054316997528076
v 10.680596351623535 15 -2.7054316997528076
v 12.30085563659668 12 -2.7054316997528076
v 12.30085563659668 15 -2.7054316997528076
v 12.30085563659668 12 -3.8461496829986572
v 12.30085563659668 15 -3.8461496829986572
v 10.680596351623535 12 -3.8461496829986572
v 10.680596351623535 15 -3.8461496829986572
f 1892 1891 1893 1894
f 1894 1893 1895 1896
f 1896 1895 1897 1898
f 1898 1897 1891 1892
f 1897 1895 1893 1891
f 1898 1892 1894 1896
g balcony_d_5_5
v 2.8741428852081299 12 0.24828717112541199
v 2.8741428852081299 15 0.24828717112541199
v 5.8241429328918457 12 0.24828717112541199
v 5.8241429328918457 15 0.24828717112541199
v 5.8241429328918457 12 -1.2475488185882568
v 5.8241429328918457 15 -1.2475488185882568
v 2.8741428852081299 12 -1.2475488185882568
v 2.8741428852081299 15 -1.2475488185882568
f 1900 1899 1901 1902
f 1902 1901 1903 1904
f 1904 1903 1905 1906
f 1906 1905 1899 1900
f 1905 1903 1901 1899
f 1906 1900 1902 1904
g balcony_d_5_4
v 0.0017121488926932216 12 0.24828717112541199
v 0.0017121488926932216 15 0.24828717112541199
v 2.8741428852081299 12 0.24828717112541199
v 2.8741428852081299 15 0.24828717112541199
v 2.8741428852081299 12 -1.2475488185882568
v 2.8741428852081299 15 -1.2475488185882568
v 0.0017121488926932216 12 -1.2475488185882568
v 0.0017121488926932216 15 -1.2475488185882568
f 1908 1907 1909 1910
f 1910 1909 1911 1912
f 1912 1911 1913 1914
f 1914 1913 1907 1908
f 1913 1911 1909 1907
f 1914 1908 1910 1912
g balcony_d_5_3
v 2.8741428852081299 12 -1.2475488185882568
v 2.8741428852081299 15 -1.2475488185882568
v 5.8241429328918457 12 -1.2475488185882568
v 5.8241429328918457 15 -1.2475488185882568
v 5.8241429328918457 12 -5.2767128944396973
v 5.8241429328918457 15 -5.2767128944396973
v 2.8741428852081299 12 -5.2767128944396973
v 2.8741428852081299 15 -5.2767128944396973
f 1916 1915 1917 1918
f 1918 1917 1919 1920
f 1920 1919 1921 1922
f 1922 1921 1915 1916
f 1921 1919 1917 1915
f 1922 1916 1918 1920
g balcony_d_5_2
v 0.0017121488926932216 12 -6.4900670051574707
v 0.0017121488926932216 15 -6.4900670051574707
v 1.6245402097702026 12 -6.4900670051574707
v 1.6245402097702026 15 -6.4900670051574707
v 1.6245402097702026 12 -8.3084068298339844
v 1.6245402097702026 15 -8.3084068298339844
v 0.0017121488926932216 12 -8.3084068298339844
v 0.0017121488926932216 15 -8.3084068298339844
f 1924 1923 1925 1926
f 1926 1925 1927 1928
f 1928 1927 1929 1930
f 1930 1929 1923 1924
f 1929 1927 1925 1923
f 1930 1924 1926 1928
g balcony_d_5_1
v 0.0017121488926932216 12 -8.3084068298339844
v 0.0017121488926932216 15 -8.3084068298339844
v 3.7267119884490967 12 -8.3084068298339844
v 3.7267119884490967 15 -8.3084068298339844
v 3.7267119884490967 12 -12.245989799499512
v 3.7267119884490967 15 -12.245989799499512
v 0.0017121488926932216 12 -12.245989799499512
v 0.0017121488926932216 15 -12.245989799499512
f 1932 1931 1933 1934
f 1934 1933 1935 1936
f 1936 1935 1937 1938
f 1938 1937 1931 1932
f 1937 1935 1933 1931
f 1938 1932 1934 1936
g balcony_d_4_20
v 15.353425025939941 9 0.24828717112541199
v 15.353425025939941 12 0.24828717112541199
v 15.353425025939941 9 -5.2767128944396973
v 15.353425025939941 12 -5.2767128944396973
v 13.921114921569824 9 -5.2767128944396973
v 13.921114921569824 12 -5.2767128944396973
v 13.921114921569824 9 -2.7054316997528076
v 13.921114921569824 12 -2.7054316997528076
v 12.30085563659668 9 -2.7054316997528076
v 12.30085563659668 12 -2.7054316997528076
v 12.30085563659668 9 0.24828717112541199
v 12.30085563659668 12 0.24828717112541199
f 1949 1947 1945 1943 1941 1939
f 1950 1940 1942 1944 1946 1948
f 1940 1939 1941 1942
f 1942 1941 1943 1944
f 1944 1943 1945 1946
f 1946 1945 1947 1948
f 1948 1947 1949 1950
f 1950 1949 1939 1940
g balcony_d_4_19
v 13.921114921569824 9 -3.8461496829986572
v 13.921114921569824 12 -3.8461496829986572
v 13.921114921569824 9 -5.2767128944396973
v 13.921114921569824 12 -5.2767128944396973
v 12.30085563659668 9 -5.2767128944396973
v 12.30085563659668 12 -5.2767128944396973
v 12.30085563659668 9 -3.8461496829986572
v 12.30085563659668 12 -3.8461496829986572
f 1952 1951 1953 1954
f 1954 1953 1955 1956
f 1956 1955 1957 1958
f 1958 1957 1951 1952
f 1957 1955 1953 1951
f 1958 1952 1954 1956
g balcony_d_4_18
v 13.921114921569824 9 -2.7054316997528076
v 13.921114921569824 12 -2.7054316997528076
v 13.921114921569824 9 -3.8461496829986572
v 13.921114921569824 12 -3.8461496829986572
v 12.30085563659668 9 -3.8461496829986572
v 12.30085563659668 12 -3.8461496829986572
v 12.30085563659668 9 -2.7054316997528076
v 12.30085563659668 12 -2.7054316997528076
f 1960 1959 1961 1962
f 1962 1961 1963 1964
f 1964 1963 1965 1966
f 1966 1965 1959 1960
f 1965 1963 1961 1959
f 1966 1960 1962 1964
g balcony_d_4_17
v 5.8241429328918457 9 0.24828717112541199
v 5.8241429328918457 12 0.24828717112541199
v 9.248286247253418 9 0.24828717112541199
v 9.248286247253418 12 0.24828717112541199
v 9.248286247253418 9 -4.0767130851745605
v 9.248286247253418 12 -4.0767130851745605
v 5.8241429328918457 9 -4.0767130851745605
v 5.8241429328918457 12 -4.0767130851745605
f 1968 1967 1969 1970
f 1970 1969 1971 1972
f 1972 1971 1973 1974
f 1974 1973 1967 1968
f 1973 1971 1969 1967
f 1974 1968 1970 1972
g balcony_d_4_16
v 5.8241429328918457 9 -4.0767130851745605
v 5.8241429328918457 12 -4.0767130851745605
v 9.248286247253418 9 -4.0767130851745605
v 9.248286247253418 12 -4.0767130851745605
v 9.248286247253418 9 -5.2767128944396973
v 9.248286247253418 12 -5.2767128944396973
v 5.8241429328918457 9 -5.2767128944396973
v 5.8241429328918457 12 -5.2767128944396973
f 1976 1975 1977 1978
f 1978 1977 1979 1980
f 1980 1979 1981 1982
f 1982 1981 1975 1976
f 1981 1979 1977 1975
f 1982 1976 1978 1980
g balcony_d_4_15
v 8.1517124176025391 9 -5.2767128944396973
v 8.1517124176025391 12 -5.2767128944396973
v 12.30085563659668 12 -5.2767128944396973
v 16.44999885559082 9 -5.2767128944396973
v 16.44999885559082 12 -5.2767128944396973
v 12.30085563659668 9 -5.2767128944396973
v 16.44999885559082 9 -6.7982869148254395
v 16.44999885559082 12 -6.7982869148254395
v 14.198287010192871 9 -6.7982869148254395
v 14.198287010192871 12 -6.7982869148254395
v 14.198287010192871 9 -7.0050110816955566
v 14.198287010192871 12 -7.0050110816955566
v 10.403425216674805 9 -7.0050110816955566
v 10.403425216674805 12 -7.0050110816955566
v 10.403425216674805 9 -6.7982869148254395
v 10.403425216674805 12 -6.7982869148254395
v 8.1517124176025391 9 -6.7982869148254395
v 8.1517124176025391 12 -6.7982869148254395
f 1984 1983 1988 1986 1987 1985
f 1983 1999 1997 1995 1993 1991 1989 1986 1988
f 1998 2000 1984 1985 1987 1990 1992 1994 1996
f 1987 1986 1989 1990
f 1990 1989 1991 1992
f 1992 1991 1993 1994
f 1994 1993 1995 1996
f 1996 1995 1997 1998
f 1998 1997 1999 2000
f 2000 1999 1983 1984
g balcony_d_4_14
v 1.6245402097702026 9 -5.2767128944396973
v 1.6245402097702026 12 -5.2767128944396973
v 8.1517124176025391 9 -5.2767128944396973
v 8.1517124176025391 12 -5.2767128944396973
v 8.1517124176025391 9 -6.7982869148254395
v 8.1517124176025391 12 -6.7982869148254395
v 3.7267119884490967 9 -6.7982869148254395
v 3.7267119884490967 12 -6.7982869148254395
v 3.7267119884490967 9 -8.3084068298339844
v 3.7267119884490967 12 -8.3084068298339844
v 1.6245402097702026 9 -8.3084068298339844
v 1.6245402097702026 12 -8.3084068298339844
f 2009 2007 2005 2003 2001 2011
f 2010 2012 2002 2004 2006 2008
f 2002 2001 2003 2004
f 2004 2003 2005 2006
f 2006 2005 2007 2008
f 2008 2007 2009 2010
f 2010 2009 2011 2012
f 2012 2011 2001 2002
g balcony_d_4_13
v 0.0017121488926932216 9 -5.2767128944396973
v 0.0017121488926932216 12 -5.2767128944396973
v 1.6245402097702026 9 -5.2767128944396973
v 1.6245402097702026 12 -5.2767128944396973
v 1.6245402097702026 9 -6.4900670051574707
v 1.6245402097702026 12 -6.4900670051574707
v 0.0017121488926932216 9 -6.4900670051574707
v 0.0017121488926932216 12 -6.4900670051574707
f 2014 2013 2015 2016
f 2016 2015 2017 2018
f 2018 2017 2019 2020
f 2020 2019 2013 2014
f 2019 2017 2015 2013
f 2020 2014 2016 2018
g balcony_d_4_12
v 0.0017121488926932216 9 -1.2475488185882568
v 0.0017121488926932216 12 -1.2475488185882568
v 2.8741428852081299 9 -1.2475488185882568
v 2.8741428852081299 12 -1.2475488185882568
v 2.8741428852081299 9 -5.2767128944396973
v 2.8741428852081299 12 -5.2767128944396973
v 0.0017121488926932216 9 -5.2767128944396973
v 0.0017121488926932216 12 -5.2767128944396973
f 2022 2021 2023 2024
f 2024 2023 2025 2026
f 2026 2025 2027 2028
f 2028 2027 2021 2022
f 2027 2025 2023 2021
f 2028 2022 2024 2026
g balcony_d_4_11
v 3.7267119884490967 9 -6.7982869148254395
v 3.7267119884490967 12 -6.7982869148254395
v 7.1292824745178223 9 -6.7982869148254395
v 7.1292824745178223 12 -6.7982869148254395
v 7.1292824745178223 9 -12.245989799499512
v 7.1292824745178223 12 -12.245989799499512
v 3.7267119884490967 9 -12.245989799499512
v 3.7267119884490967 12 -12.245989799499512
f 2030 2029 2031 2032
f 2032 2031 2033 2034
f 2034 2033 2035 2036
f 2036 2035 2029 2030
f 2035 2033 2031 2029
f 2036 2030 2032 2034
g balcony_d_4_10
v 7.1292824745178223 9 -6.7982869148254395
v 7.1292824745178223 12 -6.7982869148254395
v 8.351506233215332 9 -6.7982869148254395
v 8.351506233215332 12 -6.7982869148254395
v 8.351506233215332 9 -8.0734529495239258
v 8.351506233215332 12 -8.0734529495239258
v 10.403425216674805 9 -8.0734529495239258
v 10.403425216674805 12 -8.0734529495239258
v 10.403425216674805 9 -12.245989799499512
v 10.403425216674805 12 -12.245989799499512
v 7.1292824745178223 9 -12.245989799499512
v 7.1292824745178223 12 -12.245989799499512
f 2037 2047 2045 2043 2041 2039
f 2048 2038 2040 2042 2044 2046
f 2038 2037 2039 2040
f 2040 2039 2041 2042
f 2042 2041 2043 2044
f 2044 2043 2045 2046
f 2046 2045 2047 2048
f 2048 2047 2037 2038
g balcony_d_4_9
v 8.351506233215332 9 -6.7982869148254395
v 8.351506233215332 12 -6.7982869148254395
v 10.403425216674805 9 -6.7982869148254395
v 10.403425216674805 12 -6.7982869148254395
v 10.403425216674805 9 -8.0734529495239258
v 10.403425216674805 12 -8.0734529495239258
v 8.351506233215332 9 -8.0734529495239258
v 8.351506233215332 12 -8.0734529495239258
f 2050 2049 2051 2052
f 2052 2051 2053 2054
f 2054 2053 2055 2056
f 2056 2055 2049 2050
f 2055 2053 2051 2049
f 2056 2050 2052 2054
g balcony_d_4_8
v 9.248286247253418 9 0.24828717112541199
v 9.248286247253418 12 0.24828717112541199
v 12.30085563659668 9 0.24828717112541199
v 12.30085563659668 12 0.24828717112541199
v 12.30085563659668 9 -2.7054316997528076
v 12.30085563659668 12 -2.7054316997528076
v 10.680596351623535 9 -2.7054316997528076
v 10.680596351623535 12 -2.7054316997528076
v 10.680596351623535 9 -5.2767128944396973
v 10.680596351623535 12 -5.2767128944396973
v 9.248286247253418 9 -5.2767128944396973
v 9.248286247253418 12 -5.2767128944396973
f 2057 2067 2065 2063 2061 2059
f 2068 2058 2060 2062 2064 2066
f 2058 2057 2059 2060
f 2060 2059 2061 2062
f 2062 2061 2063 2064
f 2064 2063 2065 2066
f 2066 2065 2067 2068
f 2068 2067 2057 2058
g balcony_d_4_7
v 10.680596351623535 9 -3.8461496829986572
v 10.680596351623535 12 -3.8461496829986572
v 12.30085563659668 9 -3.8461496829986572
v 12.30085563659668 12 -3.8461496829986572
v 12.30085563659668 9 -5.2767128944396973
v 12.30085563659668 12 -5.2767128944396973
v 10.680596351623535 9 -5.2767128944396973
v 10.680596351623535 12 -5.2767128944396973
f 2070 2069 2071 2072
f 2072 2071 2073 2074
f 2074 2073 2075 2076
f 2076 2075 2069 2070
f 2075 2073 2071 2069
f 2076 2070 2072 2074
g balcony_d_4_6
v 10.680596351623535 9 -2.7054316997528076
v 10.680596351623535 12 -2.7054316997528076
v 12.30085563659668 9 -2.7054316997528076
v 12.30085563659668 12 -2.7054316997528076
v 12.30085563659668 9 -3.8461496829986572
v 12.30085563659668 12 -3.8461496829986572
v 10.680596351623535 9 -3.8461496829986572
v 10.680596351623535 12 -3.8461496829986572
f 2078 2077 2079 2080
f 2080 2079 2081 2082
f 2082 2081 2083 2084
f 2084 2083 2077 2078
f 2083 2081 2079 2077
f 2084 2078 2080 2082
g balcony_d_4_5
v 2.8741428852081299 9 0.24828717112541199
v 2.8741428852081299 12 0.24828717112541199
v 5.8241429328918457 9 0.24828717112541199
v 5.8241429328918457 12 0.24828717112541199
v 5.8241429328918457 9 -1.2475488185882568
v 5.8241429328918457 12 -1.2475488185882568
v 2.8741428852081299 9 -1.2475488185882568
v 2.8741428852081299 12 -1.2475488185882568
f 2086 2085 2087 2088
f 2088 2087 2089 2090
f 2090 2089 2091 2092
f 2092 2091 2085 2086
f 2091 2089 2087 2085
f 2092 2086 2088 2090
g balcony_d_4_4
v 0.0017121488926932216 9 0.24828717112541199
v 0.0017121488926932216 12 0.24828717112541199
v 2.8741428852081299 9 0.24828717112541199
v 2.8741428852081299 12 0.24828717112541199
v 2.8741428852081299 9 -1.2475488185882568
v 2.8741428852081299 12 -1.2475488185882568
v 0.0017121488926932216 9 -1.2475488185882568
v 0.0017121488926932216 12 -1.2475488185882568
f 2094 2093 2095 2096
f 2096 2095 2097 2098
f 2098 2097 2099 2100
f 2100 2099 2093 2094
f 2099 2097 2095 2093
f 2100 2094 2096 2098
g balcony_d_4_3
v 2.8741428852081299 9 -1.2475488185882568
v 2.8741428852081299 12 -1.2475488185882568
v 5.8241429328918457 9 -1.2475488185882568
v 5.8241429328918457 12 -1.2475488185882568
v 5.8241429328918457 9 -5.2767128944396973
v 5.8241429328918457 12 -5.2767128944396973
v 2.8741428852081299 9 -5.2767128944396973
v 2.8741428852081299 12 -5.2767128944396973
f 2102 2101 2103 2104
f 2104 2103 2105 2106
f 2106 2105 2107 2108
f 2108 2107 2101 2102
f 2107 2105 2103 2101
f 2108 2102 2104 2106
g balcony_d_4_2
v 0.0017121488926932216 9 -6.4900670051574707
v 0.0017121488926932216 12 -6.4900670051574707
v 1.6245402097702026 9 -6.4900670051574707
v 1.6245402097702026 12 -6.4900670051574707
v 1.6245402097702026 9 -8.3084068298339844
v 1.6245402097702026 12 -8.3084068298339844
v 0.0017121488926932216 9 -8.3084068298339844
v 0.0017121488926932216 12 -8.3084068298339844
f 2110 2109 2111 2112
f 2112 2111 2113 2114
f 2114 2113 2115 2116
f 2116 2115 2109 2110
f 2115 2113 2111 2109
f 2116 2110 2112 2114
g balcony_d_4_1
v 0.0017121488926932216 9 -8.3084068298339844
v 0.0017121488926932216 12 -8.3084068298339844
v 3.7267119884490967 9 -8.3084068298339844
v 3.7267119884490967 12 -8.3084068298339844
v 3.7267119884490967 9 -12.245989799499512
v 3.7267119884490967 12 -12.245989799499512
v 0.0017121488926932216 9 -12.245989799499512
v 0.0017121488926932216 12 -12.245989799499512
f 2118 2117 2119 2120
f 2120 2119 2121 2122
f 2122 2121 2123 2124
f 2124 2123 2117 2118
f 2123 2121 2119 2117
f 2124 2118 2120 2122
g balcony_d_3_20
v 15.353425025939941 6 0.24828717112541199
v 15.353425025939941 9 0.24828717112541199
v 15.353425025939941 6 -5.2767128944396973
v 15.353425025939941 9 -5.2767128944396973
v 13.921114921569824 6 -5.2767128944396973
v 13.921114921569824 9 -5.2767128944396973
v 13.921114921569824 6 -2.7054316997528076
v 13.921114921569824 9 -2.7054316997528076
v 12.30085563659668 6 -2.7054316997528076
v 12.30085563659668 9 -2.7054316997528076
v 12.30085563659668 6 0.24828717112541199
v 12.30085563659668 9 0.24828717112541199
f 2135 2133 2131 2129 2127 2125
f 2136 2126 2128 2130 2132 2134
f 2126 2125 2127 2128
f 2128 2127 2129 2130
f 2130 2129 2131 2132
f 2132 2131 2133 2134
f 2134 2133 2135 2136
f 2136 2135 2125 2126
g balcony_d_3_19
v 13.921114921569824 6 -3.8461496829986572
v 13.921114921569824 9 -3.8461496829986572
v 13.921114921569824 6 -5.2767128944396973
v 13.921114921569824 9 -5.2767128944396973
v 12.30085563659668 6 -5.2767128944396973
v 12.30085563659668 9 -5.2767128944396973
v 12.30085563659668 6 -3.8461496829986572
v 12.30085563659668 9 -3.8461496829986572
f 2138 2137 2139 2140
f 2140 2139 2141 2142
f 2142 2141 2143 2144
f 2144 2143 2137 2138
f 2143 2141 2139 2137
f 2144 2138 2140 2142
g balcony_d_3_18
v 13.921114921569824 6 -2.7054316997528076
v 13.921114921569824 9 -2.7054316997528076
v 13.921114921569824 6 -3.8461496829986572
v 13.921114921569824 9 -3.8461496829986572
v 12.30085563659668 6 -3.8461496829986572
v 12.30085563659668 9 -3.8461496829986572
v 12.30085563659668 6 -2.7054316997528076
v 12.30085563659668 9 -2.7054316997528076
f 2146 2145 2147 2148
f 2148 2147 2149 2150
f 2150 2149 2151 2152
f 2152 2151 2145 2146
f 2151 2149 2147 2145
f 2152 2146 2148 2150
g balcony_d_3_17
v 5.8241429328918457 6 0.24828717112541199
v 5.8241429328918457 9 0.24828717112541199
v 9.248286247253418 6 0.24828717112541199
v 9.248286247253418 9 0.24828717112541199
v 9.248286247253418 6 -4.0767130851745605
v 9.248286247253418 9 -4.0767130851745605
v 5.8241429328918457 6 -4.0767130851745605
v 5.8241429328918457 9 -4.0767130851745605
f 2154 2153 2155 2156
f 2156 2155 2157 2158
f 2158 2157 2159 2160
f 2160 2159 2153 2154
f 2159 2157 2155 2153
f 2160 2154 2156 2158
g balcony_d_3_16
v 5.8241429328918457 6 -4.0767130851745605
v 5.8241429328918457 9 -4.0767130851745605
v 9.248286247253418 6 -4.0767130851745605
v 9.248286247253418 9 -4.0767130851745605
v 9.248286247253418 6 -5.2767128944396973
v 9.248286247253418 9 -5.2767128944396973
v 5.8241429328918457 6 -5.2767128944396973
v 5.8241429328918457 9 -5.2767128944396973
f 2162 2161 2163 2164
f 2164 2163 2165 2166
f 2166 2165 2167 2168
f 2168 2167 2161 2162
f 2167 2165 2163 2161
f 2168 2162 2164 2166
g balcony_d_3_15
v 8.1517124176025391 6 -5.2767128944396973
v 8.1517124176025391 9 -5.2767128944396973
v 12.30085563659668 9 -5.2767128944396973
v 16.44999885559082 6 -5.2767128944396973
v 16.44999885559082 9 -5.2767128944396973
v 12.30085563659668 6 -5.2767128944396973
v 16.44999885559082 6 -6.7982869148254395
v 16.44999885559082 9 -6.7982869148254395
v 14.198287010192871 6 -6.7982869148254395
v 14.198287010192871 9 -6.7982869148254395
v 14.198287010192871 6 -7.0050110816955566
v 14.198287010192871 9 -7.0050110816955566
v 10.403425216674805 6 -7.0050110816955566
v 10.403425216674805 9 -7.0050110816955566
v 10.403425216674805 6 -6.7982869148254395
v 10.403425216674805 9 -6.7982869148254395
v 8.1517124176025391 6 -6.7982869148254395
v 8.1517124176025391 9 -6.7982869148254395
f 2170 2169 2174 2172 2173 2171
f 2169 2185 2183 2181 2179 2177 2175 2172 2174
f 2184 2186 2170 2171 2173 2176 2178 2180 2182
f 2173 2172 2175 2176
f 2176 2175 2177 2178
f 2178 2177 2179 2180
f 2180 2179 2181 2182
f 2182 2181 2183 2184
f 2184 2183 2185 2186
f 2186 2185 2169 2170
g balcony_d_3_14
v 1.6245402097702026 6 -5.2767128944396973
v 1.6245402097702026 9 -5.2767128944396973
v 8.1517124176025391 6 -5.2767128944396973
v 8.1517124176025391 9 -5.2767128944396973
v 8.1517124176025391 6 -6.7982869148254395
v 8.1517124176025391 9 -6.7982869148254395
v 3.7267119884490967 6 -6.7982869148254395
v 3.7267119884490967 9 -6.7982869148254395
v 3.7267119884490967 6 -8.3084068298339844
v 3.7267119884490967 9 -8.3084068298339844
v 1.6245402097702026 6 -8.3084068298339844
v 1.6245402097702026 9 -8.3084068298339844
f 2195 2193 2191 2189 2187 2197
f 2196 2198 2188 2190 2192 2194
f 2188 2187 2189 2190
f 2190 2189 2191 2192
f 2192 2191 2193 2194
f 2194 2193 2195 2196
f 2196 2195 2197 2198
f 2198 2197 2187 2188
g balcony_d_3_13
v 0.0017121488926932216 6 -5.2767128944396973
v 0.0017121488926932216 9 -5.2767128944396973
v 1.6245402097702026 6 -5.2767128944396973
v 1.6245402097702026 9 -5.2767128944396973
v 1.6245402097702026 6 -6.4900670051574707
v 1.6245402097702026 9 -6.4900670051574707
v 0.0017121488926932216 6 -6.4900670051574707
v 0.0017121488926932216 9 -6.4900670051574707
f 2200 2199 2201 2202
f 2202 2201 2203 2204
f 2204 2203 2205 2206
f 2206 2205 2199 2200
f 2205 2203 2201 2199
f 2206 2200 2202 2204
g balcony_d_3_12
v 0.0017121488926932216 6 -1.2475488185882568
v 0.0017121488926932216 9 -1.2475488185882568
v 2.8741428852081299 6 -1.2475488185882568
v 2.8741428852081299 9 -1.2475488185882568
v 2.8741428852081299 6 -5.2767128944396973
v 2.8741428852081299 9 -5.2767128944396973
v 0.0017121488926932216 6 -5.2767128944396973
v 0.0017121488926932216 9 -5.2767128944396973
f 2208 2207 2209 2210
f 2210 2209 2211 2212
f 2212 2211 2213 2214
f 2214 2213 2207 2208
f 2213 2211 2209 2207
f 2214 2208 2210 2212
g balcony_d_3_11
v 3.7267119884490967 6 -6.7982869148254395
v 3.7267119884490967 9 -6.7982869148254395
v 7.1292824745178223 6 -6.7982869148254395
v 7.1292824745178223 9 -6.7982869148254395
v 7.1292824745178223 6 -12.245989799499512
v 7.1292824745178223 9 -12.245989799499512
v 3.7267119884490967 6 -12.245989799499512
v 3.7267119884490967 9 -12.245989799499512
f 2216 2215 2217 2218
f 2218 2217 2219 2220
f 2220 2219 2221 2222
f 2222 2221 2215 2216
f 2221 2219 2217 2215
f 2222 2216 2218 2220
g balcony_d_3_10
v 7.1292824745178223 6 -6.7982869148254395
v 7.1292824745178223 9 -6.7982869148254395
v 8.351506233215332 6 -6.7982869148254395
v 8.351506233215332 9 -6.7982869148254395
v 8.351506233215332 6 -8.0734529495239258
v 8.351506233215332 9 -8.0734529495239258
v 10.403425216674805 6 -8.0734529495239258
v 10.403425216674805 9 -8.0734529495239258
v 10.403425216674805 6 -12.245989799499512
v 10.403425216674805 9 -12.245989799499512
v 7.1292824745178223 6 -12.245989799499512
v 7.1292824745178223 9 -12.245989799499512
f 2223 2233 2231 2229 2227 2225
f 2234 2224 2226 2228 2230 2232
f 2224 2223 2225 2226
f 2226 2225 2227 2228
f 2228 2227 2229 2230
f 2230 2229 2231 2232
f 2232 2231 2233 2234
f 2234 2233 2223 2224
g balcony_d_3_9
v 8.351506233215332 6 -6.7982869148254395
v 8.351506233215332 9 -6.7982869148254395
v 10.403425216674805 6 -6.7982869148254395
v 10.403425216674805 9 -6.7982869148254395
v 10.403425216674805 6 -8.0734529495239258
v 10.403425216674805 9 -8.0734529495239258
v 8.351506233215332 6 -8.0734529495239258
v 8.351506233215332 9 -8.0734529495239258
f 2236 2235 2237 2238
f 2238 2237 2239 2240
f 2240 2239 2241 2242
f 2242 2241 2235 2236
f 2241 2239 2237 2235
f 2242 2236 2238 2240
g balcony_d_3_8
v 9.248286247253418 6 0.24828717112541199
v 9.248286247253418 9 0.24828717112541199
v 12.30085563659668 6 0.24828717112541199
v 12.30085563659668 9 0.24828717112541199
v 12.30085563659668 6 -2.7054316997528076
v 12.30085563659668 9 -2.7054316997528076
v 10.680596351623535 6 -2.7054316997528076
v 10.680596351623535 9 -2.7054316997528076
v 10.680596351623535 6 -5.2767128944396973
v 10.680596351623535 9 -5.2767128944396973
v 9.248286247253418 6 -5.2767128944396973
v 9.248286247253418 9 -5.2767128944396973
f 2243 2253 2251 2249 2247 2245
f 2254 2244 2246 2248 2250 2252
f 2244 2243 2245 2246
f 2246 2245 2247 2248
f 2248 2247 2249 2250
f 2250 2249 2251 2252
f 2252 2251 2253 2254
f 2254 2253 2243 2244
g balcony_d_3_7
v 10.680596351623535 6 -3.8461496829986572
v 10.680596351623535 9 -3.8461496829986572
v 12.30085563659668 6 -3.8461496829986572
v 12.30085563659668 9 -3.8461496829986572
v 12.30085563659668 6 -5.2767128944396973
v 12.30085563659668 9 -5.2767128944396973
v 10.680596351623535 6 -5.2767128944396973
v 10.680596351623535 9 -5.2767128944396973
f 2256 2255 2257 2258
f 2258 2257 2259 2260
f 2260 2259 2261 2262
f 2262 2261 2255 2256
f 2261 2259 2257 2255
f 2262 2256 2258 2260
g balcony_d_3_6
v 10.680596351623535 6 -2.7054316997528076
v 10.680596351623535 9 -2.7054316997528076
v 12.30085563659668 6 -2.7054316997528076
v 12.30085563659668 9 -2.7054316997528076
v 12.30085563659668 6 -3.8461496829986572
v 12.30085563659668 9 -3.8461496829986572
v 10.680596351623535 6 -3.8461496829986572
v 10.680596351623535 9 -3.8461496829986572
f 2264 2263 2265 2266
f 2266 2265 2267 2268
f 2268 2267 2269 2270
f 2270 2269 2263 2264
f 2269 2267 2265 2263
f 2270 2264 2266 2268
g balcony_d_3_5
v 2.8741428852081299 6 0.24828717112541199
v 2.8741428852081299 9 0.24828717112541199
v 5.8241429328918457 6 0.24828717112541199
v 5.8241429328918457 9 0.24828717112541199
v 5.8241429328918457 6 -1.2475488185882568
v 5.8241429328918457 9 -1.2475488185882568
v 2.8741428852081299 6 -1.2475488185882568
v 2.8741428852081299 9 -1.2475488185882568
f 2272 2271 2273 2274
f 2274 2273 2275 2276
f 2276 2275 2277 2278
f 2278 2277 2271 2272
f 2277 2275 2273 2271
f 2278 2272 2274 2276
g balcony_d_3_4
v 0.0017121488926932216 6 0.24828717112541199
v 0.0017121488926932216 9 0.24828717112541199
v 2.8741428852081299 6 0.24828717112541199
v 2.8741428852081299 9 0.24828717112541199
v 2.8741428852081299 6 -1.2475488185882568
v 2.8741428852081299 9 -1.2475488185882568
v 0.0017121488926932216 6 -1.2475488185882568
v 0.0017121488926932216 9 -1.2475488185882568
f 2280 2279 2281 2282
f 2282 2281 2283 2284
f 2284 2283 2285 2286
f 2286 2285 2279 2280
f 2285 2283 2281 2279
f 2286 2280 2282 2284
g balcony_d_3_3
v 2.8741428852081299 6 -1.2475488185882568
v 2.8741428852081299 9 -1.2475488185882568
v 5.8241429328918457 6 -1.2475488185882568
v 5.8241429328918457 9 -1.2475488185882568
v 5.8241429328918457 6 -5.2767128944396973
v 5.8241429328918457 9 -5.2767128944396973
v 2.8741428852081299 6 -5.2767128944396973
v 2.8741428852081299 9 -5.2767128944396973
f 2288 2287 2289 2290
f 2290 2289 2291 2292
f 2292 2291 2293 2294
f 2294 2293 2287 2288
f 2293 2291 2289 2287
f 2294 2288 2290 2292
g balcony_d_3_2
v 0.0017121488926932216 6 -6.4900670051574707
v 0.0017121488926932216 9 -6.4900670051574707
v 1.6245402097702026 6 -6.4900670051574707
v 1.6245402097702026 9 -6.4900670051574707
v 1.6245402097702026 6 -8.3084068298339844
v 1.6245402097702026 9 -8.3084068298339844
v 0.0017121488926932216 6 -8.3084068298339844
v 0.0017121488926932216 9 -8.3084068298339844
f 2296 2295 2297 2298
f 2298 2297 2299 2300
f 2300 2299 2301 2302
f 2302 2301 2295 2296
f 2301 2299 2297 2295
f 2302 2296 2298 2300
g balcony_d_3_1
v 0.0017121488926932216 6 -8.3084068298339844
v 0.0017121488926932216 9 -8.3084068298339844
v 3.7267119884490967 6 -8.3084068298339844
v 3.7267119884490967 9 -8.3084068298339844
v 3.7267119884490967 6 -12.245989799499512
v 3.7267119884490967 9 -12.245989799499512
v 0.0017121488926932216 6 -12.245989799499512
v 0.0017121488926932216 9 -12.245989799499512
f 2304 2303 2305 2306
f 2306 2305 2307 2308
f 2308 2307 2309 2310
f 2310 2309 2303 2304
f 2309 2307 2305 2303
f 2310 2304 2306 2308
g balcony_d_2_20
v 15.353425025939941 3 0.24828717112541199
v 15.353425025939941 6 0.24828717112541199
v 15.353425025939941 3 -5.2767128944396973
v 15.353425025939941 6 -5.2767128944396973
v 13.921114921569824 3 -5.2767128944396973
v 13.921114921569824 6 -5.2767128944396973
v 13.921114921569824 3 -2.7054316997528076
v 13.921114921569824 6 -2.7054316997528076
v 12.30085563659668 3 -2.7054316997528076
v 12.30085563659668 6 -2.7054316997528076
v 12.30085563659668 3 0.24828717112541199
v 12.30085563659668 6 0.24828717112541199
f 2321 2319 2317 2315 2313 2311
f 2322 2312 2314 2316 2318 2320
f 2312 2311 2313 2314
f 2314 2313 2315 2316
f 2316 2315 2317 2318
f 2318 2317 2319 2320
f 2320 2319 2321 2322
f 2322 2321 2311 2312
g balcony_d_2_19
v 13.921114921569824 3 -3.8461496829986572
v 13.921114921569824 6 -3.8461496829986572
v 13.921114921569824 3 -5.2767128944396973
v 13.921114921569824 6 -5.2767128944396973
v 12.30085563659668 3 -5.2767128944396973
v 12.30085563659668 6 -5.2767128944396973
v 12.30085563659668 3 -3.8461496829986572
v 12.30085563659668 6 -3.8461496829986572
f 2324 2323 2325 2326
f 2326 2325 2327 2328
f 2328 2327 2329 2330
f 2330 2329 2323 2324
f 2329 2327 2325 2323
f 2330 2324 2326 2328
g balcony_d_2_18
v 13.921114921569824 3 -2.7054316997528076
v 13.921114921569824 6 -2.7054316997528076
v 13.921114921569824 3 -3.8461496829986572
v 13.921114921569824 6 -3.8461496829986572
v 12.30085563659668 3 -3.8461496829986572
v 12.30085563659668 6 -3.8461496829986572
v 12.30085563659668 3 -2.7054316997528076
v 12.30085563659668 6 -2.7054316997528076
f 2332 2331 2333 2334
f 2334 2333 2335 2336
f 2336 2335 2337 2338
f 2338 2337 2331 2332
f 2337 2335 2333 2331
f 2338 2332 2334 2336
g balcony_d_2_17
v 5.8241429328918457 3 0.24828717112541199
v 5.8241429328918457 6 0.24828717112541199
v 9.248286247253418 3 0.24828717112541199
v 9.248286247253418 6 0.24828717112541199
v 9.248286247253418 3 -4.0767130851745605
v 9.248286247253418 6 -4.0767130851745605
v 5.8241429328918457 3 -4.0767130851745605
v 5.8241429328918457 6 -4.0767130851745605
f 2340 2339 2341 2342
f 2342 2341 2343 2344
f 2344 2343 2345 2346
f 2346 2345 2339 2340
f 2345 2343 2341 2339
f 2346 2340 2342 2344
g balcony_d_2_16
v 5.8241429328918457 3 -4.0767130851745605
v 5.8241429328918457 6 -4.0767130851745605
v 9.248286247253418 3 -4.0767130851745605
v 9.248286247253418 6 -4.0767130851745605
v 9.248286247253418 3 -5.2767128944396973
v 9.248286247253418 6 -5.2767128944396973
v 5.8241429328918457 3 -5.2767128944396973
v 5.8241429328918457 6 -5.2767128944396973
f 2348 2347 2349 2350
f 2350 2349 2351 2352
f 2352 2351 2353 2354
f 2354 2353 2347 2348
f 2353 2351 2349 2347
f 2354 2348 2350 2352
g balcony_d_2_15
v 8.1517124176025391 3 -5.2767128944396973
v 8.1517124176025391 6 -5.2767128944396973
v 12.30085563659668 6 -5.2767128944396973
v 16.44999885559082 3 -5.2767128944396973
v 16.44999885559082 6 -5.2767128944396973
v 12.30085563659668 3 -5.2767128944396973
v 16.44999885559082 3 -6.7982869148254395
v 16.44999885559082 6 -6.7982869148254395
v 14.198287010192871 3 -6.7982869148254395
v 14.198287010192871 6 -6.7982869148254395
v 14.198287010192871 3 -7.0050110816955566
v 14.198287010192871 6 -7.0050110816955566
v 10.403425216674805 3 -7.0050110816955566
v 10.403425216674805 6 -7.0050110816955566
v 10.403425216674805 3 -6.7982869148254395
v 10.403425216674805 6 -6.7982869148254395
v 8.1517124176025391 3 -6.7982869148254395
v 8.1517124176025391 6 -6.7982869148254395
f 2356 2355 2360 2358 2359 2357
f 2355 2371 2369 2367 2365 2363 2361 2358 2360
f 2370 2372 2356 2357 2359 2362 2364 2366 2368
f 2359 2358 2361 2362
f 2362 2361 2363 2364
f 2364 2363 2365 2366
f 2366 2365 2367 2368
f 2368 2367 2369 2370
f 2370 2369 2371 2372
f 2372 2371 2355 2356
g balcony_d_2_14
v 1.6245402097702026 3 -5.2767128944396973
v 1.6245402097702026 6 -5.2767128944396973
v 8.1517124176025391 3 -5.2767128944396973
v 8.1517124176025391 6 -5.2767128944396973
v 8.1517124176025391 3 -6.7982869148254395
v 8.1517124176025391 6 -6.7982869148254395
v 3.7267119884490967 3 -6.7982869148254395
v 3.7267119884490967 6 -6.7982869148254395
v 3.7267119884490967 3 -8.3084068298339844
v 3.7267119884490967 6 -8.3084068298339844
v 1.6245402097702026 3 -8.3084068298339844
v 1.6245402097702026 6 -8.3084068298339844
f 2381 2379 2377 2375 2373 2383
f 2382 2384 2374 2376 2378 2380
f 2374 2373 2375 2376
f 2376 2375 2377 2378
f 2378 2377 2379 2380
f 2380 2379 2381 2382
f 2382 2381 2383 2384
f 2384 2383 2373 2374
g balcony_d_2_13
v 0.0017121488926932216 3 -5.2767128944396973
v 0.0017121488926932216 6 -5.2767128944396973
v 1.6245402097702026 3 -5.2767128944396973
v 1.6245402097702026 6 -5.2767128944396973
v 1.6245402097702026 3 -6.4900670051574707
v 1.6245402097702026 6 -6.4900670051574707
v 0.0017121488926932216 3 -6.4900670051574707
v 0.0017121488926932216 6 -6.4900670051574707
f 2386 2385 2387 2388
f 2388 2387 2389 2390
f 2390 2389 2391 2392
f 2392 2391 2385 2386
f 2391 2389 2387 2385
f 2392 2386 2388 2390
g balcony_d_2_12
v 0.0017121488926932216 3 -1.2475488185882568
v 0.0017121488926932216 6 -1.2475488185882568
v 2.8741428852081299 3 -1.2475488185882568
v 2.8741428852081299 6 -1.2475488185882568
v 2.8741428852081299 3 -5.2767128944396973
v 2.8741428852081299 6 -5.2767128944396973
v 0.0017121488926932216 3 -5.2767128944396973
v 0.0017121488926932216 6 -5.2767128944396973
f 2394 2393 2395 2396
f 2396 2395 2397 2398
f 2398 2397 2399 2400
f 2400 2399 2393 2394
f 2399 2397 2395 2393
f 2400 2394 2396 2398
g balcony_d_2_11
v 3.7267119884490967 3 -6.7982869148254395
v 3.7267119884490967 6 -6.7982869148254395
v 7.1292824745178223 3 -6.7982869148254395
v 7.1292824745178223 6 -6.7982869148254395
v 7.1292824745178223 3 -12.245989799499512
v 7.1292824745178223 6 -12.245989799499512
v 3.7267119884490967 3 -12.245989799499512
v 3.7267119884490967 6 -12.245989799499512
f 2402 2401 2403 2404
f 2404 2403 2405 2406
f 2406 2405 2407 2408
f 2408 2407 2401 2402
f 2407 2405 2403 2401
f 2408 2402 2404 2406
g balcony_d_2_10
v 7.1292824745178223 3 -6.7982869148254395
v 7.1292824745178223 6 -6.7982869148254395
v 8.351506233215332 3 -6.7982869148254395
v 8.351506233215332 6 -6.7982869148254395
v 8.351506233215332 3 -8.0734529495239258
v 8.351506233215332 6 -8.0734529495239258
v 10.403425216674805 3 -8.0734529495239258
v 10.403425216674805 6 -8.0734529495239258
v 10.403425216674805 3 -12.245989799499512
v 10.403425216674805 6 -12.245989799499512
v 7.1292824745178223 3 -12.245989799499512
v 7.1292824745178223 6 -12.245989799499512
f 2409 2419 2417 2415 2413 2411
f 2420 2410 2412 2414 2416 2418
f 2410 2409 2411 2412
f 2412 2411 2413 2414
f 2414 2413 2415 2416
f 2416 2415 2417 2418
f 2418 2417 2419 2420
f 2420 2419 2409 2410
g balcony_d_2_9
v 8.351506233215332 3 -6.7982869148254395
v 8.351506233215332 6 -6.7982869148254395
v 10.403425216674805 3 -6.7982869148254395
v 10.403425216674805 6 -6.7982869148254395
v 10.403425216674805 3 -8.0734529495239258
v 10.403425216674805 6 -8.0734529495239258
v 8.351506233215332 3 -8.0734529495239258
v 8.351506233215332 6 -8.0734529495239258
f 2422 2421 2423 2424
f 2424 2423 2425 2426
f 2426 2425 2427 2428
f 2428 2427 2421 2422
f 2427 2425 2423 2421
f 2428 2422 2424 2426
g balcony_d_2_8
v 9.248286247253418 3 0.24828717112541199
v 9.248286247253418 6 0.24828717112541199
v 12.30085563659668 3 0.24828717112541199
v 12.30085563659668 6 0.24828717112541199
v 12.30085563659668 3 -2.7054316997528076
v 12.30085563659668 6 -2.7054316997528076
v 10.680596351623535 3 -2.7054316997528076
v 10.680596351623535 6 -2.7054316997528076
v 10.680596351623535 3 -5.2767128944396973
v 10.680596351623535 6 -5.2767128944396973
v 9.248286247253418 3 -5.2767128944396973
v 9.248286247253418 6 -5.2767128944396973
f 2429 2439 2437 2435 2433 2431
f 2440 2430 2432 2434 2436 2438
f 2430 2429 2431 2432
f 2432 2431 2433 2434
f 2434 2433 2435 2436
f 2436 2435 2437 2438
f 2438 2437 2439 2440
f 2440 2439 2429 2430
g balcony_d_2_7
v 10.680596351623535 3 -3.8461496829986572
v 10.680596351623535 6 -3.8461496829986572
v 12.30085563659668 3 -3.8461496829986572
v 12.30085563659668 6 -3.8461496829986572
v 12.30085563659668 3 -5.2767128944396973
v 12.30085563659668 6 -5.2767128944396973
v 10.680596351623535 3 -5.2767128944396973
v 10.680596351623535 6 -5.2767128944396973
f 2442 2441 2443 2444
f 2444 2443 2445 2446
f 2446 2445 2447 2448
f 2448 2447 2441 2442
f 2447 2445 2443 2441
f 2448 2442 2444 2446
g balcony_d_2_6
v 10.680596351623535 3 -2.7054316997528076
v 10.680596351623535 6 -2.7054316997528076
v 12.30085563659668 3 -2.7054316997528076
v 12.30085563659668 6 -2.7054316997528076
v 12.30085563659668 3 -3.8461496829986572
v 12.30085563659668 6 -3.8461496829986572
v 10.680596351623535 3 -3.8461496829986572
v 10.680596351623535 6 -3.8461496829986572
f 2450 2449 2451 2452
f 2452 2451 2453 2454
f 2454 2453 2455 2456
f 2456 2455 2449 2450
f 2455 2453 2451 2449
f 2456 2450 2452 2454
g balcony_d_2_5
v 2.8741428852081299 3 0.24828717112541199
v 2.8741428852081299 6 0.24828717112541199
v 5.8241429328918457 3 0.24828717112541199
v 5.8241429328918457 6 0.24828717112541199
v 5.8241429328918457 3 -1.2475488185882568
v 5.8241429328918457 6 -1.2475488185882568
v 2.8741428852081299 3 -1.2475488185882568
v 2.8741428852081299 6 -1.2475488185882568
f 2458 2457 2459 2460
f 2460 2459 2461 2462
f 2462 2461 2463 2464
f 2464 2463 2457 2458
f 2463 2461 2459 2457
f 2464 2458 2460 2462
g balcony_d_2_4
v 0.0017121488926932216 3 0.24828717112541199
v 0.0017121488926932216 6 0.24828717112541199
v 2.8741428852081299 3 0.24828717112541199
v 2.8741428852081299 6 0.24828717112541199
v 2.8741428852081299 3 -1.2475488185882568
v 2.8741428852081299 6 -1.2475488185882568
v 0.0017121488926932216 3 -1.2475488185882568
v 0.0017121488926932216 6 -1.2475488185882568
f 2466 2465 2467 2468
f 2468 2467 2469 2470
f 2470 2469 2471 2472
f 2472 2471 2465 2466
f 2471 2469 2467 2465
f 2472 2466 2468 2470
g balcony_d_2_3
v 2.8741428852081299 3 -1.2475488185882568
v 2.8741428852081299 6 -1.2475488185882568
v 5.8241429328918457 3 -1.2475488185882568
v 5.8241429328918457 6 -1.2475488185882568
v 5.8241429328918457 3 -5.2767128944396973
v 5.8241429328918457 6 -5.2767128944396973
v 2.8741428852081299 3 -5.2767128944396973
v 2.8741428852081299 6 -5.2767128944396973
f 2474 2473 2475 2476
f 2476 2475 2477 2478
f 2478 2477 2479 2480
f 2480 2479 2473 2474
f 2479 2477 2475 2473
f 2480 2474 2476 2478
g balcony_d_2_2
v 0.0017121488926932216 3 -6.4900670051574707
v 0.0017121488926932216 6 -6.4900670051574707
v 1.6245402097702026 3 -6.4900670051574707
v 1.6245402097702026 6 -6.4900670051574707
v 1.6245402097702026 3 -8.3084068298339844
v 1.6245402097702026 6 -8.3084068298339844
v 0.0017121488926932216 3 -8.3084068298339844
v 0.0017121488926932216 6 -8.3084068298339844
f 2482 2481 2483 2484
f 2484 2483 2485 2486
f 2486 2485 2487 2488
f 2488 2487 2481 2482
f 2487 2485 2483 2481
f 2488 2482 2484 2486
g balcony_d_2_1
v 0.0017121488926932216 3 -8.3084068298339844
v 0.0017121488926932216 6 -8.3084068298339844
v 3.7267119884490967 3 -8.3084068298339844
v 3.7267119884490967 6 -8.3084068298339844
v 3.7267119884490967 3 -12.245989799499512
v 3.7267119884490967 6 -12.245989799499512
v 0.0017121488926932216 3 -12.245989799499512
v 0.0017121488926932216 6 -12.245989799499512
f 2490 2489 2491 2492
f 2492 2491 2493 2494
f 2494 2493 2495 2496
f 2496 2495 2489 2490
f 2495 2493 2491 2489
f 2496 2490 2492 2494
g balcony_d_1_20
v 15.353425025939941 0 0.24828717112541199
v 15.353425025939941 3 0.24828717112541199
v 15.353425025939941 0 -5.2767128944396973
v 15.353425025939941 3 -5.2767128944396973
v 13.921114921569824 0 -5.2767128944396973
v 13.921114921569824 3 -5.2767128944396973
v 13.921114921569824 0 -2.7054316997528076
v 13.921114921569824 3 -2.7054316997528076
v 12.30085563659668 0 -2.7054316997528076
v 12.30085563659668 3 -2.7054316997528076
v 12.30085563659668 0 0.24828717112541199
v 12.30085563659668 3 0.24828717112541199
f 2507 2505 2503 2501 2499 2497
f 2508 2498 2500 2502 2504 2506
f 2498 2497 2499 2500
f 2500 2499 2501 2502
f 2502 2501 2503 2504
f 2504 2503 2505 2506
f 2506 2505 2507 2508
f 2508 2507 2497 2498
g balcony_d_1_19
v 13.921114921569824 0 -3.8461496829986572
v 13.921114921569824 3 -3.8461496829986572
v 13.921114921569824 0 -5.2767128944396973
v 13.921114921569824 3 -5.2767128944396973
v 12.30085563659668 0 -5.2767128944396973
v 12.30085563659668 3 -5.2767128944396973
v 12.30085563659668 0 -3.8461496829986572
v 12.30085563659668 3 -3.8461496829986572
f 2510 2509 2511 2512
f 2512 2511 2513 2514
f 2514 2513 2515 2516
f 2516 2515 2509 2510
f 2515 2513 2511 2509
f 2516 2510 2512 2514
g balcony_d_1_18
v 13.921114921569824 0 -2.7054316997528076
v 13.921114921569824 3 -2.7054316997528076
v 13.921114921569824 0 -3.8461496829986572
v 13.921114921569824 3 -3.8461496829986572
v 12.30085563659668 0 -3.8461496829986572
v 12.30085563659668 3 -3.8461496829986572
v 12.30085563659668 0 -2.7054316997528076
v 12.30085563659668 3 -2.7054316997528076
f 2518 2517 2519 2520
f 2520 2519 2521 2522
f 2522 2521 2523 2524
f 2524 2523 2517 2518
f 2523 2521 2519 2517
f 2524 2518 2520 2522
g balcony_d_1_17
v 5.8241429328918457 0 0.24828717112541199
v 5.8241429328918457 3 0.24828717112541199
v 9.248286247253418 0 0.24828717112541199
v 9.248286247253418 3 0.24828717112541199
v 9.248286247253418 0 -4.0767130851745605
v 9.248286247253418 3 -4.0767130851745605
v 5.8241429328918457 0 -4.0767130851745605
v 5.8241429328918457 3 -4.0767130851745605
f 2526 2525 2527 2528
f 2528 2527 2529 2530
f 2530 2529 2531 2532
f 2532 2531 2525 2526
f 2531 2529 2527 2525
f 2532 2526 2528 2530
g balcony_d_1_16
v 5.8241429328918457 0 -4.0767130851745605
v 5.8241429328918457 3 -4.0767130851745605
v 9.248286247253418 0 -4.0767130851745605
v 9.248286247253418 3 -4.0767130851745605
v 9.248286247253418 0 -5.2767128944396973
v 9.248286247253418 3 -5.2767128944396973
v 5.8241429328918457 0 -5.2767128944396973
v 5.8241429328918457 3 -5.2767128944396973
f 2534 2533 2535 2536
f 2536 2535 2537 2538
f 2538 2537 2539 2540
f 2540 2539 2533 2534
f 2539 2537 2535 2533
f 2540 2534 2536 2538
g balcony_d_1_15
v 8.1517124176025391 0 -5.2767128944396973
v 8.1517124176025391 3 -5.2767128944396973
v 12.30085563659668 3 -5.2767128944396973
v 16.44999885559082 0 -5.2767128944396973
v 16.44999885559082 3 -5.2767128944396973
v 12.30085563659668 0 -5.2767128944396973
v 16.44999885559082 0 -6.7982869148254395
v 16.44999885559082 3 -6.7982869148254395
v 14.198287010192871 0 -6.7982869148254395
v 14.198287010192871 3 -6.7982869148254395
v 14.198287010192871 0 -7.0050110816955566
v 14.198287010192871 3 -7.0050110816955566
v 10.403425216674805 0 -7.0050110816955566
v 10.403425216674805 3 -7.0050110816955566
v 10.403425216674805 0 -6.7982869148254395
v 10.403425216674805 3 -6.7982869148254395
v 8.1517124176025391 0 -6.7982869148254395
v 8.1517124176025391 3 -6.7982869148254395
f 2542 2541 2546 2544 2545 2543
f 2541 2557 2555 2553 2551 2549 2547 2544 2546
f 2556 2558 2542 2543 2545 2548 2550 2552 2554
f 2545 2544 2547 2548
f 2548 2547 2549 2550
f 2550 2549 2551 2552
f 2552 2551 2553 2554
f 2554 2553 2555 2556
f 2556 2555 2557 2558
f 2558 2557 2541 2542
g balcony_d_1_14
v 1.6245402097702026 0 -5.2767128944396973
v 1.6245402097702026 3 -5.2767128944396973
v 8.1517124176025391 0 -5.2767128944396973
v 8.1517124176025391 3 -5.2767128944396973
v 8.1517124176025391 0 -6.7982869148254395
v 8.1517124176025391 3 -6.7982869148254395
v 3.7267119884490967 0 -6.7982869148254395
v 3.7267119884490967 3 -6.7982869148254395
v 3.7267119884490967 0 -8.3084068298339844
v 3.7267119884490967 3 -8.3084068298339844
v 1.6245402097702026 0 -8.3084068298339844
v 1.6245402097702026 3 -8.3084068298339844
f 2567 2565 2563 2561 2559 2569
f 2568 2570 2560 2562 2564 2566
f 2560 2559 2561 2562
f 2562 2561 2563 2564
f 2564 2563 2565 2566
f 2566 2565 2567 2568
f 2568 2567 2569 2570
f 2570 2569 2559 2560
g balcony_d_1_13
v 0.0017121488926932216 0 -5.2767128944396973
v 0.0017121488926932216 3 -5.2767128944396973
v 1.6245402097702026 0 -5.2767128944396973
v 1.6245402097702026 3 -5.2767128944396973
v 1.6245402097702026 0 -6.4900670051574707
v 1.6245402097702026 3 -6.4900670051574707
v 0.0017121488926932216 0 -6.4900670051574707
v 0.0017121488926932216 3 -6.4900670051574707
f 2572 2571 2573 2574
f 2574 2573 2575 2576
f 2576 2575 2577 2578
f 2578 2577 2571 2572
f 2577 2575 2573 2571
f 2578 2572 2574 2576
g balcony_d_1_12
v 0.0017121488926932216 0 -1.2475488185882568
v 0.0017121488926932216 3 -1.2475488185882568
v 2.8741428852081299 0 -1.2475488185882568
v 2.8741428852081299 3 -1.2475488185882568
v 2.8741428852081299 0 -5.2767128944396973
v 2.8741428852081299 3 -5.2767128944396973
v 0.0017121488926932216 0 -5.2767128944396973
v 0.0017121488926932216 3 -5.2767128944396973
f 2580 2579 2581 2582
f 2582 2581 2583 2584
f 2584 2583 2585 2586
f 2586 2585 2579 2580
f 2585 2583 2581 2579
f 2586 2580 2582 2584
g balcony_d_1_11
v 3.7267119884490967 0 -6.7982869148254395
v 3.7267119884490967 3 -6.7982869148254395
v 7.1292824745178223 0 -6.7982869148254395
v 7.1292824745178223 3 -6.7982869148254395
v 7.1292824745178223 0 -12.245989799499512
v 7.1292824745178223 3 -12.245989799499512
v 3.7267119884490967 0 -12.245989799499512
v 3.7267119884490967 3 -12.245989799499512
f 2588 2587 2589 2590
f 2590 2589 2591 2592
f 2592 2591 2593 2594
f 2594 2593 2587 2588
f 2593 2591 2589 2587
f 2594 2588 2590 2592
g balcony_d_1_10
v 7.1292824745178223 0 -6.7982869148254395
v 7.1292824745178223 3 -6.7982869148254395
v 8.351506233215332 0 -6.7982869148254395
v 8.351506233215332 3 -6.7982869148254395
v 8.351506233215332 0 -8.0734529495239258
v 8.351506233215332 3 -8.0734529495239258
v 10.403425216674805 0 -8.0734529495239258
v 10.403425216674805 3 -8.0734529495239258
v 10.403425216674805 0 -12.245989799499512
v 10.403425216674805 3 -12.245989799499512
v 7.1292824745178223 0 -12.245989799499512
v 7.1292824745178223 3 -12.245989799499512
f 2595 2605 2603 2601 2599 2597
f 2606 2596 2598 2600 2602 2604
f 2596 2595 2597 2598
f 2598 2597 2599 2600
f 2600 2599 2601 2602
f 2602 2601 2603 2604
f 2604 2603 2605 2606
f 2606 2605 2595 2596
g balcony_d_1_9
v 8.351506233215332 0 -6.7982869148254395
v 8.351506233215332 3 -6.7982869148254395
v 10.403425216674805 0 -6.7982869148254395
v 10.403425216674805 3 -6.7982869148254395
v 10.403425216674805 0 -8.0734529495239258
v 10.403425216674805 3 -8.0734529495239258
v 8.351506233215332 0 -8.0734529495239258
v 8.351506233215332 3 -8.0734529495239258
f 2608 2607 2609 2610
f 2610 2609 2611 2612
f 2612 2611 2613 2614
f 2614 2613 2607 2608
f 2613 2611 2609 2607
f 2614 2608 2610 2612
g balcony_d_1_8
v 9.248286247253418 0 0.24828717112541199
v 9.248286247253418 3 0.24828717112541199
v 12.30085563659668 0 0.24828717112541199
v 12.30085563659668 3 0.24828717112541199
v 12.30085563659668 0 -2.7054316997528076
v 12.30085563659668 3 -2.7054316997528076
v 10.680596351623535 0 -2.7054316997528076
v 10.680596351623535 3 -2.7054316997528076
v 10.680596351623535 0 -5.2767128944396973
v 10.680596351623535 3 -5.2767128944396973
v 9.248286247253418 0 -5.2767128944396973
v 9.248286247253418 3 -5.2767128944396973
f 2615 2625 2623 2621 2619 2617
f 2626 2616 2618 2620 2622 2624
f 2616 2615 2617 2618
f 2618 2617 2619 2620
f 2620 2619 2621 2622
f 2622 2621 2623 2624
f 2624 2623 2625 2626
f 2626 2625 2615 2616
g balcony_d_1_7
v 10.680596351623535 0 -3.8461496829986572
v 10.680596351623535 3 -3.8461496829986572
v 12.30085563659668 0 -3.8461496829986572
v 12.30085563659668 3 -3.8461496829986572
v 12.30085563659668 0 -5.2767128944396973
v 12.30085563659668 3 -5.2767128944396973
v 10.680596351623535 0 -5.2767128944396973
v 10.680596351623535 3 -5.2767128944396973
f 2628 2627 2629 2630
f 2630 2629 2631 2632
f 2632 2631 2633 2634
f 2634 2633 2627 2628
f 2633 2631 2629 2627
f 2634 2628 2630 2632
g balcony_d_1_6
v 10.680596351623535 0 -2.7054316997528076
v 10.680596351623535 3 -2.7054316997528076
v 12.30085563659668 0 -2.7054316997528076
v 12.30085563659668 3 -2.7054316997528076
v 12.30085563659668 0 -3.8461496829986572
v 12.30085563659668 3 -3.8461496829986572
v 10.680596351623535 0 -3.8461496829986572
v 10.680596351623535 3 -3.8461496829986572
f 2636 2635 2637 2638
f 2638 2637 2639 2640
f 2640 2639 2641 2642
f 2642 2641 2635 2636
f 2641 2639 2637 2635
f 2642 2636 2638 2640
g balcony_d_1_5
v 2.8741428852081299 0 0.24828717112541199
v 2.8741428852081299 3 0.24828717112541199
v 5.8241429328918457 0 0.24828717112541199
v 5.8241429328918457 3 0.24828717112541199
v 5.8241429328918457 0 -1.2475488185882568
v 5.8241429328918457 3 -1.2475488185882568
v 2.8741428852081299 0 -1.2475488185882568
v 2.8741428852081299 3 -1.2475488185882568
f 2644 2643 2645 2646
f 2646 2645 2647 2648
f 2648 2647 2649 2650
f 2650 2649 2643 2644
f 2649 2647 2645 2643
f 2650 2644 2646 2648
g balcony_d_1_4
v 0.0017121488926932216 0 0.24828717112541199
v 0.0017121488926932216 3 0.24828717112541199
v 2.8741428852081299 0 0.24828717112541199
v 2.8741428852081299 3 0.24828717112541199
v 2.8741428852081299 0 -1.2475488185882568
v 2.8741428852081299 3 -1.2475488185882568
v 0.0017121488926932216 0 -1.2475488185882568
v 0.0017121488926932216 3 -1.2475488185882568
f 2652 2651 2653 2654
f 2654 2653 2655 2656
f 2656 2655 2657 2658
f 2658 2657 2651 2652
f 2657 2655 2653 2651
f 2658 2652 2654 2656
g balcony_d_1_3
v 2.8741428852081299 0 -1.2475488185882568
v 2.8741428852081299 3 -1.2475488185882568
v 5.8241429328918457 0 -1.2475488185882568
v 5.8241429328918457 3 -1.2475488185882568
v 5.8241429328918457 0 -5.2767128944396973
v 5.8241429328918457 3 -5.2767128944396973
v 2.8741428852081299 0 -5.2767128944396973
v 2.8741428852081299 3 -5.2767128944396973
f 2660 2659 2661 2662
f 2662 2661 2663 2664
f 2664 2663 2665 2666
f 2666 2665 2659 2660
f 2665 2663 2661 2659
f 2666 2660 2662 2664
g balcony_d_1_2
v 0.0017121488926932216 0 -6.4900670051574707
v 0.0017121488926932216 3 -6.4900670051574707
v 1.6245402097702026 0 -6.4900670051574707
v 1.6245402097702026 3 -6.4900670051574707
v 1.6245402097702026 0 -8.3084068298339844
v 1.6245402097702026 3 -8.3084068298339844
v 0.0017121488926932216 0 -8.3084068298339844
v 0.0017121488926932216 3 -8.3084068298339844
f 2668 2667 2669 2670
f 2670 2669 2671 2672
f 2672 2671 2673 2674
f 2674 2673 2667 2668
f 2673 2671 2669 2667
f 2674 2668 2670 2672
g balcony_d_1_1
v 0.0017121488926932216 0 -8.3084068298339844
v 0.0017121488926932216 3 -8.3084068298339844
v 3.7267119884490967 0 -8.3084068298339844
v 3.7267119884490967 3 -8.3084068298339844
v 3.7267119884490967 0 -12.245989799499512
v 3.7267119884490967 3 -12.245989799499512
v 0.0017121488926932216 0 -12.245989799499512
v 0.0017121488926932216 3 -12.245989799499512
f 2676 2675 2677 2678
f 2678 2677 2679 2680
f 2680 2679 2681 2682
f 2682 2681 2675 2676
f 2681 2679 2677 2675
f 2682 2676 2678 2680
g stairs_d_1_1
v 10.403425216674805 0 -7.0050110816955566
v 10.403425216674805 27 -7.0050110816955566
v 14.19999885559082 0 -7.0050110816955566
v 14.19999885559082 27 -7.0050110816955566
v 14.19999885559082 0 -11.745989799499512
v 14.19999885559082 27 -11.745989799499512
v 10.403425216674805 0 -11.745989799499512
v 10.403425216674805 27 -11.745989799499512
f 2684 2683 2685 2686
f 2686 2685 2687 2688
f 2688 2687 2689 2690
f 2690 2689 2683 2684
f 2689 2687 2685 2683
f 2690 2684 2686 2688
