# Rhino

g livingroom_9_33
v 43.375858306884766 24 0.24828717112541199
v 43.375858306884766 27 0.24828717112541199
v 43.375858306884766 24 -4.0767130851745605
v 43.375858306884766 27 -4.0767130851745605
v 39.951713562011719 24 -4.0767130851745605
v 39.951713562011719 27 -4.0767130851745605
v 39.951713562011719 24 0.24828717112541199
v 39.951713562011719 27 0.24828717112541199
f 2 1 3 4
f 4 3 5 6
f 6 5 7 8
f 8 7 1 2
f 7 5 3 1
f 8 2 4 6
g corridor_9_32
v 43.375858306884766 24 -4.0767130851745605
v 43.375858306884766 27 -4.0767130851745605
v 43.375858306884766 24 -5.2767128944396973
v 43.375858306884766 27 -5.2767128944396973
v 39.951713562011719 24 -5.2767128944396973
v 39.951713562011719 27 -5.2767128944396973
v 39.951713562011719 24 -4.0767130851745605
v 39.951713562011719 27 -4.0767130851745605
f 10 9 11 12
f 12 11 13 14
f 14 13 15 16
f 16 15 9 10
f 15 13 11 9
f 16 10 12 14
g corridor_9_31
v 47.575458526611328 24 -5.2767128944396973
v 47.575458526611328 27 -5.2767128944396973
v 47.575458526611328 24 -8.3084068298339844
v 47.575458526611328 27 -8.3084068298339844
v 45.473285675048828 24 -8.3084068298339844
v 45.473285675048828 27 -8.3084068298339844
v 45.473285675048828 24 -6.7982869148254395
v 45.473285675048828 27 -6.7982869148254395
v 41.048286437988281 24 -6.7982869148254395
v 41.048286437988281 27 -6.7982869148254395
v 41.048286437988281 24 -5.2767128944396973
v 41.048286437988281 27 -5.2767128944396973
f 27 25 23 21 19 17
f 28 18 20 22 24 26
f 18 17 19 20
f 20 19 21 22
f 22 21 23 24
f 24 23 25 26
f 26 25 27 28
f 28 27 17 18
g bathroom_9_30
v 49.198287963867188 24 -5.2767128944396973
v 49.198287963867188 27 -5.2767128944396973
v 49.198287963867188 24 -6.4900670051574707
v 49.198287963867188 27 -6.4900670051574707
v 47.575458526611328 24 -6.4900670051574707
v 47.575458526611328 27 -6.4900670051574707
v 47.575458526611328 24 -5.2767128944396973
v 47.575458526611328 27 -5.2767128944396973
f 30 29 31 32
f 32 31 33 34
f 34 33 35 36
f 36 35 29 30
f 35 33 31 29
f 36 30 32 34
g bedroom_9_29
v 49.198287963867188 24 -1.2475488185882568
v 49.198287963867188 27 -1.2475488185882568
v 49.198287963867188 24 -5.2767128944396973
v 49.198287963867188 27 -5.2767128944396973
v 46.325855255126953 24 -5.2767128944396973
v 46.325855255126953 27 -5.2767128944396973
v 46.325855255126953 24 -1.2475488185882568
v 46.325855255126953 27 -1.2475488185882568
f 38 37 39 40
f 40 39 41 42
f 42 41 43 44
f 44 43 37 38
f 43 41 39 37
f 44 38 40 42
g livingroom_9_28
v 45.473285675048828 24 -6.7982869148254395
v 45.473285675048828 27 -6.7982869148254395
v 45.473285675048828 24 -12.245989799499512
v 45.473285675048828 27 -12.245989799499512
v 42.070716857910156 24 -12.245989799499512
v 42.070716857910156 27 -12.245989799499512
v 42.070716857910156 24 -6.7982869148254395
v 42.070716857910156 27 -6.7982869148254395
f 46 45 47 48
f 48 47 49 50
f 50 49 51 52
f 52 51 45 46
f 51 49 47 45
f 52 46 48 50
g kitchen_9_27
v 42.070716857910156 24 -6.7982869148254395
v 42.070716857910156 27 -6.7982869148254395
v 42.070716857910156 24 -12.245989799499512
v 42.070716857910156 27 -12.245989799499512
v 38.796573638916016 24 -12.245989799499512
v 38.796573638916016 27 -12.245989799499512
v 38.796573638916016 24 -8.0734529495239258
v 38.796573638916016 27 -8.0734529495239258
v 40.848491668701172 24 -8.0734529495239258
v 40.848491668701172 27 -8.0734529495239258
v 40.848491668701172 24 -6.7982869148254395
v 40.848491668701172 27 -6.7982869148254395
f 63 61 59 57 55 53
f 64 54 56 58 60 62
f 54 53 55 56
f 56 55 57 58
f 58 57 59 60
f 60 59 61 62
f 62 61 63 64
f 64 63 53 54
g storeroom_9_26
v 40.848491668701172 24 -6.7982869148254395
v 40.848491668701172 27 -6.7982869148254395
v 40.848491668701172 24 -8.0734529495239258
v 40.848491668701172 27 -8.0734529495239258
v 38.796573638916016 24 -8.0734529495239258
v 38.796573638916016 27 -8.0734529495239258
v 38.796573638916016 24 -6.7982869148254395
v 38.796573638916016 27 -6.7982869148254395
f 66 65 67 68
f 68 67 69 70
f 70 69 71 72
f 72 71 65 66
f 71 69 67 65
f 72 66 68 70
g kitchen_9_25
v 39.951713562011719 24 0.24828717112541199
v 39.951713562011719 27 0.24828717112541199
v 39.951713562011719 24 -5.2767128944396973
v 39.951713562011719 27 -5.2767128944396973
v 38.519401550292969 24 -5.2767128944396973
v 38.519401550292969 27 -5.2767128944396973
v 38.519401550292969 24 -2.7054316997528076
v 38.519401550292969 27 -2.7054316997528076
v 36.899143218994141 24 -2.7054316997528076
v 36.899143218994141 27 -2.7054316997528076
v 36.899143218994141 24 0.24828717112541199
v 36.899143218994141 27 0.24828717112541199
f 83 81 79 77 75 73
f 84 74 76 78 80 82
f 74 73 75 76
f 76 75 77 78
f 78 77 79 80
f 80 79 81 82
f 82 81 83 84
f 84 83 73 74
g bathroom_9_24
v 38.519401550292969 24 -3.8461496829986572
v 38.519401550292969 27 -3.8461496829986572
v 38.519401550292969 24 -5.2767128944396973
v 38.519401550292969 27 -5.2767128944396973
v 36.899143218994141 24 -5.2767128944396973
v 36.899143218994141 27 -5.2767128944396973
v 36.899143218994141 24 -3.8461496829986572
v 36.899143218994141 27 -3.8461496829986572
f 86 85 87 88
f 88 87 89 90
f 90 89 91 92
f 92 91 85 86
f 91 89 87 85
f 92 86 88 90
g bathroom_9_23
v 38.519401550292969 24 -2.7054316997528076
v 38.519401550292969 27 -2.7054316997528076
v 38.519401550292969 24 -3.8461496829986572
v 38.519401550292969 27 -3.8461496829986572
v 36.899143218994141 24 -3.8461496829986572
v 36.899143218994141 27 -3.8461496829986572
v 36.899143218994141 24 -2.7054316997528076
v 36.899143218994141 27 -2.7054316997528076
f 94 93 95 96
f 96 95 97 98
f 98 97 99 100
f 100 99 93 94
f 99 97 95 93
f 100 94 96 98
g balcony_9_22
v 46.325855255126953 24 0.24828717112541199
v 46.325855255126953 27 0.24828717112541199
v 46.325855255126953 24 -1.2475488185882568
v 46.325855255126953 27 -1.2475488185882568
v 43.375858306884766 24 -1.2475488185882568
v 43.375858306884766 27 -1.2475488185882568
v 43.375858306884766 24 0.24828717112541199
v 43.375858306884766 27 0.24828717112541199
f 102 101 103 104
f 104 103 105 106
f 106 105 107 108
f 108 107 101 102
f 107 105 103 101
f 108 102 104 106
g balcony_9_21
v 49.198287963867188 24 0.24828717112541199
v 49.198287963867188 27 0.24828717112541199
v 49.198287963867188 24 -1.2475488185882568
v 49.198287963867188 27 -1.2475488185882568
v 46.325855255126953 24 -1.2475488185882568
v 46.325855255126953 27 -1.2475488185882568
v 46.325855255126953 24 0.24828717112541199
v 46.325855255126953 27 0.24828717112541199
f 110 109 111 112
f 112 111 113 114
f 114 113 115 116
f 116 115 109 110
f 115 113 111 109
f 116 110 112 114
g bedroom_9_20
v 46.325855255126953 24 -1.2475488185882568
v 46.325855255126953 27 -1.2475488185882568
v 46.325855255126953 24 -5.2767128944396973
v 46.325855255126953 27 -5.2767128944396973
v 43.375858306884766 24 -5.2767128944396973
v 43.375858306884766 27 -5.2767128944396973
v 43.375858306884766 24 -1.2475488185882568
v 43.375858306884766 27 -1.2475488185882568
f 118 117 119 120
f 120 119 121 122
f 122 121 123 124
f 124 123 117 118
f 123 121 119 117
f 124 118 120 122
g bathroom_9_19
v 49.198287963867188 24 -6.4900670051574707
v 49.198287963867188 27 -6.4900670051574707
v 49.198287963867188 24 -8.3084068298339844
v 49.198287963867188 27 -8.3084068298339844
v 47.575458526611328 24 -8.3084068298339844
v 47.575458526611328 27 -8.3084068298339844
v 47.575458526611328 24 -6.4900670051574707
v 47.575458526611328 27 -6.4900670051574707
f 126 125 127 128
f 128 127 129 130
f 130 129 131 132
f 132 131 125 126
f 131 129 127 125
f 132 126 128 130
g bedroom_9_18
v 49.198287963867188 24 -8.3084068298339844
v 49.198287963867188 27 -8.3084068298339844
v 49.198287963867188 24 -12.245989799499512
v 49.198287963867188 27 -12.245989799499512
v 45.473285675048828 24 -12.245989799499512
v 45.473285675048828 27 -12.245989799499512
v 45.473285675048828 24 -8.3084068298339844
v 45.473285675048828 27 -8.3084068298339844
f 134 133 135 136
f 136 135 137 138
f 138 137 139 140
f 140 139 133 134
f 139 137 135 133
f 140 134 136 138
g livingroom_9_17
v 30.422430038452148 24 0.24828717112541199
v 30.422430038452148 27 0.24828717112541199
v 33.846572875976562 24 0.24828717112541199
v 33.846572875976562 27 0.24828717112541199
v 33.846572875976562 24 -4.0767130851745605
v 33.846572875976562 27 -4.0767130851745605
v 30.422430038452148 24 -4.0767130851745605
v 30.422430038452148 27 -4.0767130851745605
f 142 141 143 144
f 144 143 145 146
f 146 145 147 148
f 148 147 141 142
f 147 145 143 141
f 148 142 144 146
g corridor_9_16
v 30.422430038452148 24 -4.0767130851745605
v 30.422430038452148 27 -4.0767130851745605
v 33.846572875976562 24 -4.0767130851745605
v 33.846572875976562 27 -4.0767130851745605
v 33.846572875976562 24 -5.2767128944396973
v 33.846572875976562 27 -5.2767128944396973
v 30.422430038452148 24 -5.2767128944396973
v 30.422430038452148 27 -5.2767128944396973
f 150 149 151 152
f 152 151 153 154
f 154 153 155 156
f 156 155 149 150
f 155 153 151 149
f 156 150 152 154
g corridor_9_15
v 32.75 24 -5.2767128944396973
v 32.75 27 -5.2767128944396973
v 36.899143218994141 27 -5.2767128944396973
v 41.048286437988281 24 -5.2767128944396973
v 41.048286437988281 27 -5.2767128944396973
v 36.899143218994141 24 -5.2767128944396973
v 41.048286437988281 24 -6.7982869148254395
v 41.048286437988281 27 -6.7982869148254395
v 38.796573638916016 24 -6.7982869148254395
v 38.796573638916016 27 -6.7982869148254395
v 38.796573638916016 24 -7.0050110816955566
v 38.796573638916016 27 -7.0050110816955566
v 35.001712799072266 24 -7.0050110816955566
v 35.001712799072266 27 -7.0050110816955566
v 35.001712799072266 24 -6.7982869148254395
v 35.001712799072266 27 -6.7982869148254395
v 32.75 24 -6.7982869148254395
v 32.75 27 -6.7982869148254395
f 158 157 162 160 161 159
f 157 173 171 169 167 165 163 160 162
f 172 174 158 159 161 164 166 168 170
f 161 160 163 164
f 164 163 165 166
f 166 165 167 168
f 168 167 169 170
f 170 169 171 172
f 172 171 173 174
f 174 173 157 158
g corridor_9_14
v 26.222827911376953 24 -5.2767128944396973
v 26.222827911376953 27 -5.2767128944396973
v 32.75 24 -5.2767128944396973
v 32.75 27 -5.2767128944396973
v 32.75 24 -6.7982869148254395
v 32.75 27 -6.7982869148254395
v 28.32499885559082 24 -6.7982869148254395
v 28.32499885559082 27 -6.7982869148254395
v 28.32499885559082 24 -8.3084068298339844
v 28.32499885559082 27 -8.3084068298339844
v 26.222827911376953 24 -8.3084068298339844
v 26.222827911376953 27 -8.3084068298339844
f 183 181 179 177 175 185
f 184 186 176 178 180 182
f 176 175 177 178
f 178 177 179 180
f 180 179 181 182
f 182 181 183 184
f 184 183 185 186
f 186 185 175 176
g bathroom_9_13
v 24.600000381469727 24 -5.2767128944396973
v 24.600000381469727 27 -5.2767128944396973
v 26.222827911376953 24 -5.2767128944396973
v 26.222827911376953 27 -5.2767128944396973
v 26.222827911376953 24 -6.4900670051574707
v 26.222827911376953 27 -6.4900670051574707
v 24.600000381469727 24 -6.4900670051574707
v 24.600000381469727 27 -6.4900670051574707
f 188 187 189 190
f 190 189 191 192
f 192 191 193 194
f 194 193 187 188
f 193 191 189 187
f 194 188 190 192
g bedroom_9_12
v 24.600000381469727 24 -1.2475488185882568
v 24.600000381469727 27 -1.2475488185882568
v 27.472431182861328 24 -1.2475488185882568
v 27.472431182861328 27 -1.2475488185882568
v 27.472431182861328 24 -5.2767128944396973
v 27.472431182861328 27 -5.2767128944396973
v 24.600000381469727 24 -5.2767128944396973
v 24.600000381469727 27 -5.2767128944396973
f 196 195 197 198
f 198 197 199 200
f 200 199 201 202
f 202 201 195 196
f 201 199 197 195
f 202 196 198 200
g livingroom_9_11
v 28.32499885559082 24 -6.7982869148254395
v 28.32499885559082 27 -6.7982869148254395
v 31.727569580078125 24 -6.7982869148254395
v 31.727569580078125 27 -6.7982869148254395
v 31.727569580078125 24 -12.245989799499512
v 31.727569580078125 27 -12.245989799499512
v 28.32499885559082 24 -12.245989799499512
v 28.32499885559082 27 -12.245989799499512
f 204 203 205 206
f 206 205 207 208
f 208 207 209 210
f 210 209 203 204
f 209 207 205 203
f 210 204 206 208
g kitchen_9_10
v 31.727569580078125 24 -6.7982869148254395
v 31.727569580078125 27 -6.7982869148254395
v 32.949794769287109 24 -6.7982869148254395
v 32.949794769287109 27 -6.7982869148254395
v 32.949794769287109 24 -8.0734529495239258
v 32.949794769287109 27 -8.0734529495239258
v 35.001712799072266 24 -8.0734529495239258
v 35.001712799072266 27 -8.0734529495239258
v 35.001712799072266 24 -12.245989799499512
v 35.001712799072266 27 -12.245989799499512
v 31.727569580078125 24 -12.245989799499512
v 31.727569580078125 27 -12.245989799499512
f 211 221 219 217 215 213
f 222 212 214 216 218 220
f 212 211 213 214
f 214 213 215 216
f 216 215 217 218
f 218 217 219 220
f 220 219 221 222
f 222 221 211 212
g storeroom_9_9
v 32.949794769287109 24 -6.7982869148254395
v 32.949794769287109 27 -6.7982869148254395
v 35.001712799072266 24 -6.7982869148254395
v 35.001712799072266 27 -6.7982869148254395
v 35.001712799072266 24 -8.0734529495239258
v 35.001712799072266 27 -8.0734529495239258
v 32.949794769287109 24 -8.0734529495239258
v 32.949794769287109 27 -8.0734529495239258
f 224 223 225 226
f 226 225 227 228
f 228 227 229 230
f 230 229 223 224
f 229 227 225 223
f 230 224 226 228
g kitchen_9_8
v 33.846572875976562 24 0.24828717112541199
v 33.846572875976562 27 0.24828717112541199
v 36.899143218994141 24 0.24828717112541199
v 36.899143218994141 27 0.24828717112541199
v 36.899143218994141 24 -2.7054316997528076
v 36.899143218994141 27 -2.7054316997528076
v 35.278884887695312 24 -2.7054316997528076
v 35.278884887695312 27 -2.7054316997528076
v 35.278884887695312 24 -5.2767128944396973
v 35.278884887695312 27 -5.2767128944396973
v 33.846572875976562 24 -5.2767128944396973
v 33.846572875976562 27 -5.2767128944396973
f 231 241 239 237 235 233
f 242 232 234 236 238 240
f 232 231 233 234
f 234 233 235 236
f 236 235 237 238
f 238 237 239 240
f 240 239 241 242
f 242 241 231 232
g bathroom_9_7
v 35.278884887695312 24 -3.8461496829986572
v 35.278884887695312 27 -3.8461496829986572
v 36.899143218994141 24 -3.8461496829986572
v 36.899143218994141 27 -3.8461496829986572
v 36.899143218994141 24 -5.2767128944396973
v 36.899143218994141 27 -5.2767128944396973
v 35.278884887695312 24 -5.2767128944396973
v 35.278884887695312 27 -5.2767128944396973
f 244 243 245 246
f 246 245 247 248
f 248 247 249 250
f 250 249 243 244
f 249 247 245 243
f 250 244 246 248
g bathroom_9_6
v 35.278884887695312 24 -2.7054316997528076
v 35.278884887695312 27 -2.7054316997528076
v 36.899143218994141 24 -2.7054316997528076
v 36.899143218994141 27 -2.7054316997528076
v 36.899143218994141 24 -3.8461496829986572
v 36.899143218994141 27 -3.8461496829986572
v 35.278884887695312 24 -3.8461496829986572
v 35.278884887695312 27 -3.8461496829986572
f 252 251 253 254
f 254 253 255 256
f 256 255 257 258
f 258 257 251 252
f 257 255 253 251
f 258 252 254 256
g balcony_9_5
v 27.472431182861328 24 0.24828717112541199
v 27.472431182861328 27 0.24828717112541199
v 30.422430038452148 24 0.24828717112541199
v 30.422430038452148 27 0.24828717112541199
v 30.422430038452148 24 -1.2475488185882568
v 30.422430038452148 27 -1.2475488185882568
v 27.472431182861328 24 -1.2475488185882568
v 27.472431182861328 27 -1.2475488185882568
f 260 259 261 262
f 262 261 263 264
f 264 263 265 266
f 266 265 259 260
f 265 263 261 259
f 266 260 262 264
g balcony_9_4
v 24.600000381469727 24 0.24828717112541199
v 24.600000381469727 27 0.24828717112541199
v 27.472431182861328 24 0.24828717112541199
v 27.472431182861328 27 0.24828717112541199
v 27.472431182861328 24 -1.2475488185882568
v 27.472431182861328 27 -1.2475488185882568
v 24.600000381469727 24 -1.2475488185882568
v 24.600000381469727 27 -1.2475488185882568
f 268 267 269 270
f 270 269 271 272
f 272 271 273 274
f 274 273 267 268
f 273 271 269 267
f 274 268 270 272
g bedroom_9_3
v 27.472431182861328 24 -1.2475488185882568
v 27.472431182861328 27 -1.2475488185882568
v 30.422430038452148 24 -1.2475488185882568
v 30.422430038452148 27 -1.2475488185882568
v 30.422430038452148 24 -5.2767128944396973
v 30.422430038452148 27 -5.2767128944396973
v 27.472431182861328 24 -5.2767128944396973
v 27.472431182861328 27 -5.2767128944396973
f 276 275 277 278
f 278 277 279 280
f 280 279 281 282
f 282 281 275 276
f 281 279 277 275
f 282 276 278 280
g bathroom_9_2
v 24.600000381469727 24 -6.4900670051574707
v 24.600000381469727 27 -6.4900670051574707
v 26.222827911376953 24 -6.4900670051574707
v 26.222827911376953 27 -6.4900670051574707
v 26.222827911376953 24 -8.3084068298339844
v 26.222827911376953 27 -8.3084068298339844
v 24.600000381469727 24 -8.3084068298339844
v 24.600000381469727 27 -8.3084068298339844
f 284 283 285 286
f 286 285 287 288
f 288 287 289 290
f 290 289 283 284
f 289 287 285 283
f 290 284 286 288
g bedroom_9_1
v 24.600000381469727 24 -8.3084068298339844
v 24.600000381469727 27 -8.3084068298339844
v 28.32499885559082 24 -8.3084068298339844
v 28.32499885559082 27 -8.3084068298339844
v 28.32499885559082 24 -12.245989799499512
v 28.32499885559082 27 -12.245989799499512
v 24.600000381469727 24 -12.245989799499512
v 24.600000381469727 27 -12.245989799499512
f 292 291 293 294
f 294 293 295 296
f 296 295 297 298
f 298 297 291 292
f 297 295 293 291
f 298 292 294 296
g livingroom_8_33
v 43.375858306884766 21 0.24828717112541199
v 43.375858306884766 24 0.24828717112541199
v 43.375858306884766 21 -4.0767130851745605
v 43.375858306884766 24 -4.0767130851745605
v 39.951713562011719 21 -4.0767130851745605
v 39.951713562011719 24 -4.0767130851745605
v 39.951713562011719 21 0.24828717112541199
v 39.951713562011719 24 0.24828717112541199
f 300 299 301 302
f 302 301 303 304
f 304 303 305 306
f 306 305 299 300
f 305 303 301 299
f 306 300 302 304
g corridor_8_32
v 43.375858306884766 21 -4.0767130851745605
v 43.375858306884766 24 -4.0767130851745605
v 43.375858306884766 21 -5.2767128944396973
v 43.375858306884766 24 -5.2767128944396973
v 39.951713562011719 21 -5.2767128944396973
v 39.951713562011719 24 -5.2767128944396973
v 39.951713562011719 21 -4.0767130851745605
v 39.951713562011719 24 -4.0767130851745605
f 308 307 309 310
f 310 309 311 312
f 312 311 313 314
f 314 313 307 308
f 313 311 309 307
f 314 308 310 312
g corridor_8_31
v 47.575458526611328 21 -5.2767128944396973
v 47.575458526611328 24 -5.2767128944396973
v 47.575458526611328 21 -8.3084068298339844
v 47.575458526611328 24 -8.3084068298339844
v 45.473285675048828 21 -8.3084068298339844
v 45.473285675048828 24 -8.3084068298339844
v 45.473285675048828 21 -6.7982869148254395
v 45.473285675048828 24 -6.7982869148254395
v 41.048286437988281 21 -6.7982869148254395
v 41.048286437988281 24 -6.7982869148254395
v 41.048286437988281 21 -5.2767128944396973
v 41.048286437988281 24 -5.2767128944396973
f 325 323 321 319 317 315
f 326 316 318 320 322 324
f 316 315 317 318
f 318 317 319 320
f 320 319 321 322
f 322 321 323 324
f 324 323 325 326
f 326 325 315 316
g bathroom_8_30
v 49.198287963867188 21 -5.2767128944396973
v 49.198287963867188 24 -5.2767128944396973
v 49.198287963867188 21 -6.4900670051574707
v 49.198287963867188 24 -6.4900670051574707
v 47.575458526611328 21 -6.4900670051574707
v 47.575458526611328 24 -6.4900670051574707
v 47.575458526611328 21 -5.2767128944396973
v 47.575458526611328 24 -5.2767128944396973
f 328 327 329 330
f 330 329 331 332
f 332 331 333 334
f 334 333 327 328
f 333 331 329 327
f 334 328 330 332
g bedroom_8_29
v 49.198287963867188 21 -1.2475488185882568
v 49.198287963867188 24 -1.2475488185882568
v 49.198287963867188 21 -5.2767128944396973
v 49.198287963867188 24 -5.2767128944396973
v 46.325855255126953 21 -5.2767128944396973
v 46.325855255126953 24 -5.2767128944396973
v 46.325855255126953 21 -1.2475488185882568
v 46.325855255126953 24 -1.2475488185882568
f 336 335 337 338
f 338 337 339 340
f 340 339 341 342
f 342 341 335 336
f 341 339 337 335
f 342 336 338 340
g livingroom_8_28
v 45.473285675048828 21 -6.7982869148254395
v 45.473285675048828 24 -6.7982869148254395
v 45.473285675048828 21 -12.245989799499512
v 45.473285675048828 24 -12.245989799499512
v 42.070716857910156 21 -12.245989799499512
v 42.070716857910156 24 -12.245989799499512
v 42.070716857910156 21 -6.7982869148254395
v 42.070716857910156 24 -6.7982869148254395
f 344 343 345 346
f 346 345 347 348
f 348 347 349 350
f 350 349 343 344
f 349 347 345 343
f 350 344 346 348
g kitchen_8_27
v 42.070716857910156 21 -6.7982869148254395
v 42.070716857910156 24 -6.7982869148254395
v 42.070716857910156 21 -12.245989799499512
v 42.070716857910156 24 -12.245989799499512
v 38.796573638916016 21 -12.245989799499512
v 38.796573638916016 24 -12.245989799499512
v 38.796573638916016 21 -8.0734529495239258
v 38.796573638916016 24 -8.0734529495239258
v 40.848491668701172 21 -8.0734529495239258
v 40.848491668701172 24 -8.0734529495239258
v 40.848491668701172 21 -6.7982869148254395
v 40.848491668701172 24 -6.7982869148254395
f 361 359 357 355 353 351
f 362 352 354 356 358 360
f 352 351 353 354
f 354 353 355 356
f 356 355 357 358
f 358 357 359 360
f 360 359 361 362
f 362 361 351 352
g storeroom_8_26
v 40.848491668701172 21 -6.7982869148254395
v 40.848491668701172 24 -6.7982869148254395
v 40.848491668701172 21 -8.0734529495239258
v 40.848491668701172 24 -8.0734529495239258
v 38.796573638916016 21 -8.0734529495239258
v 38.796573638916016 24 -8.0734529495239258
v 38.796573638916016 21 -6.7982869148254395
v 38.796573638916016 24 -6.7982869148254395
f 364 363 365 366
f 366 365 367 368
f 368 367 369 370
f 370 369 363 364
f 369 367 365 363
f 370 364 366 368
g kitchen_8_25
v 39.951713562011719 21 0.24828717112541199
v 39.951713562011719 24 0.24828717112541199
v 39.951713562011719 21 -5.2767128944396973
v 39.951713562011719 24 -5.2767128944396973
v 38.519401550292969 21 -5.2767128944396973
v 38.519401550292969 24 -5.2767128944396973
v 38.519401550292969 21 -2.7054316997528076
v 38.519401550292969 24 -2.7054316997528076
v 36.899143218994141 21 -2.7054316997528076
v 36.899143218994141 24 -2.7054316997528076
v 36.899143218994141 21 0.24828717112541199
v 36.899143218994141 24 0.24828717112541199
f 381 379 377 375 373 371
f 382 372 374 376 378 380
f 372 371 373 374
f 374 373 375 376
f 376 375 377 378
f 378 377 379 380
f 380 379 381 382
f 382 381 371 372
g bathroom_8_24
v 38.519401550292969 21 -3.8461496829986572
v 38.519401550292969 24 -3.8461496829986572
v 38.519401550292969 21 -5.2767128944396973
v 38.519401550292969 24 -5.2767128944396973
v 36.899143218994141 21 -5.2767128944396973
v 36.899143218994141 24 -5.2767128944396973
v 36.899143218994141 21 -3.8461496829986572
v 36.899143218994141 24 -3.8461496829986572
f 384 383 385 386
f 386 385 387 388
f 388 387 389 390
f 390 389 383 384
f 389 387 385 383
f 390 384 386 388
g bathroom_8_23
v 38.519401550292969 21 -2.7054316997528076
v 38.519401550292969 24 -2.7054316997528076
v 38.519401550292969 21 -3.8461496829986572
v 38.519401550292969 24 -3.8461496829986572
v 36.899143218994141 21 -3.8461496829986572
v 36.899143218994141 24 -3.8461496829986572
v 36.899143218994141 21 -2.7054316997528076
v 36.899143218994141 24 -2.7054316997528076
f 392 391 393 394
f 394 393 395 396
f 396 395 397 398
f 398 397 391 392
f 397 395 393 391
f 398 392 394 396
g balcony_8_22
v 46.325855255126953 21 0.24828717112541199
v 46.325855255126953 24 0.24828717112541199
v 46.325855255126953 21 -1.2475488185882568
v 46.325855255126953 24 -1.2475488185882568
v 43.375858306884766 21 -1.2475488185882568
v 43.375858306884766 24 -1.2475488185882568
v 43.375858306884766 21 0.24828717112541199
v 43.375858306884766 24 0.24828717112541199
f 400 399 401 402
f 402 401 403 404
f 404 403 405 406
f 406 405 399 400
f 405 403 401 399
f 406 400 402 404
g balcony_8_21
v 49.198287963867188 21 0.24828717112541199
v 49.198287963867188 24 0.24828717112541199
v 49.198287963867188 21 -1.2475488185882568
v 49.198287963867188 24 -1.2475488185882568
v 46.325855255126953 21 -1.2475488185882568
v 46.325855255126953 24 -1.2475488185882568
v 46.325855255126953 21 0.24828717112541199
v 46.325855255126953 24 0.24828717112541199
f 408 407 409 410
f 410 409 411 412
f 412 411 413 414
f 414 413 407 408
f 413 411 409 407
f 414 408 410 412
g bedroom_8_20
v 46.325855255126953 21 -1.2475488185882568
v 46.325855255126953 24 -1.2475488185882568
v 46.325855255126953 21 -5.2767128944396973
v 46.325855255126953 24 -5.2767128944396973
v 43.375858306884766 21 -5.2767128944396973
v 43.375858306884766 24 -5.2767128944396973
v 43.375858306884766 21 -1.2475488185882568
v 43.375858306884766 24 -1.2475488185882568
f 416 415 417 418
f 418 417 419 420
f 420 419 421 422
f 422 421 415 416
f 421 419 417 415
f 422 416 418 420
g bathroom_8_19
v 49.198287963867188 21 -6.4900670051574707
v 49.198287963867188 24 -6.4900670051574707
v 49.198287963867188 21 -8.3084068298339844
v 49.198287963867188 24 -8.3084068298339844
v 47.575458526611328 21 -8.3084068298339844
v 47.575458526611328 24 -8.3084068298339844
v 47.575458526611328 21 -6.4900670051574707
v 47.575458526611328 24 -6.4900670051574707
f 424 423 425 426
f 426 425 427 428
f 428 427 429 430
f 430 429 423 424
f 429 427 425 423
f 430 424 426 428
g bedroom_8_18
v 49.198287963867188 21 -8.3084068298339844
v 49.198287963867188 24 -8.3084068298339844
v 49.198287963867188 21 -12.245989799499512
v 49.198287963867188 24 -12.245989799499512
v 45.473285675048828 21 -12.245989799499512
v 45.473285675048828 24 -12.245989799499512
v 45.473285675048828 21 -8.3084068298339844
v 45.473285675048828 24 -8.3084068298339844
f 432 431 433 434
f 434 433 435 436
f 436 435 437 438
f 438 437 431 432
f 437 435 433 431
f 438 432 434 436
g livingroom_8_17
v 30.422430038452148 21 0.24828717112541199
v 30.422430038452148 24 0.24828717112541199
v 33.846572875976562 21 0.24828717112541199
v 33.846572875976562 24 0.24828717112541199
v 33.846572875976562 21 -4.0767130851745605
v 33.846572875976562 24 -4.0767130851745605
v 30.422430038452148 21 -4.0767130851745605
v 30.422430038452148 24 -4.0767130851745605
f 440 439 441 442
f 442 441 443 444
f 444 443 445 446
f 446 445 439 440
f 445 443 441 439
f 446 440 442 444
g corridor_8_16
v 30.422430038452148 21 -4.0767130851745605
v 30.422430038452148 24 -4.0767130851745605
v 33.846572875976562 21 -4.0767130851745605
v 33.846572875976562 24 -4.0767130851745605
v 33.846572875976562 21 -5.2767128944396973
v 33.846572875976562 24 -5.2767128944396973
v 30.422430038452148 21 -5.2767128944396973
v 30.422430038452148 24 -5.2767128944396973
f 448 447 449 450
f 450 449 451 452
f 452 451 453 454
f 454 453 447 448
f 453 451 449 447
f 454 448 450 452
g corridor_8_15
v 32.75 21 -5.2767128944396973
v 32.75 24 -5.2767128944396973
v 36.899143218994141 24 -5.2767128944396973
v 41.048286437988281 21 -5.2767128944396973
v 41.048286437988281 24 -5.2767128944396973
v 36.899143218994141 21 -5.2767128944396973
v 41.048286437988281 21 -6.7982869148254395
v 41.048286437988281 24 -6.7982869148254395
v 38.796573638916016 21 -6.7982869148254395
v 38.796573638916016 24 -6.7982869148254395
v 38.796573638916016 21 -7.0050110816955566
v 38.796573638916016 24 -7.0050110816955566
v 35.001712799072266 21 -7.0050110816955566
v 35.001712799072266 24 -7.0050110816955566
v 35.001712799072266 21 -6.7982869148254395
v 35.001712799072266 24 -6.7982869148254395
v 32.75 21 -6.7982869148254395
v 32.75 24 -6.7982869148254395
f 456 455 460 458 459 457
f 455 471 469 467 465 463 461 458 460
f 470 472 456 457 459 462 464 466 468
f 459 458 461 462
f 462 461 463 464
f 464 463 465 466
f 466 465 467 468
f 468 467 469 470
f 470 469 471 472
f 472 471 455 456
g corridor_8_14
v 26.222827911376953 21 -5.2767128944396973
v 26.222827911376953 24 -5.2767128944396973
v 32.75 21 -5.2767128944396973
v 32.75 24 -5.2767128944396973
v 32.75 21 -6.7982869148254395
v 32.75 24 -6.7982869148254395
v 28.32499885559082 21 -6.7982869148254395
v 28.32499885559082 24 -6.7982869148254395
v 28.32499885559082 21 -8.3084068298339844
v 28.32499885559082 24 -8.3084068298339844
v 26.222827911376953 21 -8.3084068298339844
v 26.222827911376953 24 -8.3084068298339844
f 481 479 477 475 473 483
f 482 484 474 476 478 480
f 474 473 475 476
f 476 475 477 478
f 478 477 479 480
f 480 479 481 482
f 482 481 483 484
f 484 483 473 474
g bathroom_8_13
v 24.600000381469727 21 -5.2767128944396973
v 24.600000381469727 24 -5.2767128944396973
v 26.222827911376953 21 -5.2767128944396973
v 26.222827911376953 24 -5.2767128944396973
v 26.222827911376953 21 -6.4900670051574707
v 26.222827911376953 24 -6.4900670051574707
v 24.600000381469727 21 -6.4900670051574707
v 24.600000381469727 24 -6.4900670051574707
f 486 485 487 488
f 488 487 489 490
f 490 489 491 492
f 492 491 485 486
f 491 489 487 485
f 492 486 488 490
g bedroom_8_12
v 24.600000381469727 21 -1.2475488185882568
v 24.600000381469727 24 -1.2475488185882568
v 27.472431182861328 21 -1.2475488185882568
v 27.472431182861328 24 -1.2475488185882568
v 27.472431182861328 21 -5.2767128944396973
v 27.472431182861328 24 -5.2767128944396973
v 24.600000381469727 21 -5.2767128944396973
v 24.600000381469727 24 -5.2767128944396973
f 494 493 495 496
f 496 495 497 498
f 498 497 499 500
f 500 499 493 494
f 499 497 495 493
f 500 494 496 498
g livingroom_8_11
v 28.32499885559082 21 -6.7982869148254395
v 28.32499885559082 24 -6.7982869148254395
v 31.727569580078125 21 -6.7982869148254395
v 31.727569580078125 24 -6.7982869148254395
v 31.727569580078125 21 -12.245989799499512
v 31.727569580078125 24 -12.245989799499512
v 28.32499885559082 21 -12.245989799499512
v 28.32499885559082 24 -12.245989799499512
f 502 501 503 504
f 504 503 505 506
f 506 505 507 508
f 508 507 501 502
f 507 505 503 501
f 508 502 504 506
g kitchen_8_10
v 31.727569580078125 21 -6.7982869148254395
v 31.727569580078125 24 -6.7982869148254395
v 32.949794769287109 21 -6.7982869148254395
v 32.949794769287109 24 -6.7982869148254395
v 32.949794769287109 21 -8.0734529495239258
v 32.949794769287109 24 -8.0734529495239258
v 35.001712799072266 21 -8.0734529495239258
v 35.001712799072266 24 -8.0734529495239258
v 35.001712799072266 21 -12.245989799499512
v 35.001712799072266 24 -12.245989799499512
v 31.727569580078125 21 -12.245989799499512
v 31.727569580078125 24 -12.245989799499512
f 509 519 517 515 513 511
f 520 510 512 514 516 518
f 510 509 511 512
f 512 511 513 514
f 514 513 515 516
f 516 515 517 518
f 518 517 519 520
f 520 519 509 510
g storeroom_8_9
v 32.949794769287109 21 -6.7982869148254395
v 32.949794769287109 24 -6.7982869148254395
v 35.001712799072266 21 -6.7982869148254395
v 35.001712799072266 24 -6.7982869148254395
v 35.001712799072266 21 -8.0734529495239258
v 35.001712799072266 24 -8.0734529495239258
v 32.949794769287109 21 -8.0734529495239258
v 32.949794769287109 24 -8.0734529495239258
f 522 521 523 524
f 524 523 525 526
f 526 525 527 528
f 528 527 521 522
f 527 525 523 521
f 528 522 524 526
g kitchen_8_8
v 33.846572875976562 21 0.24828717112541199
v 33.846572875976562 24 0.24828717112541199
v 36.899143218994141 21 0.24828717112541199
v 36.899143218994141 24 0.24828717112541199
v 36.899143218994141 21 -2.7054316997528076
v 36.899143218994141 24 -2.7054316997528076
v 35.278884887695312 21 -2.7054316997528076
v 35.278884887695312 24 -2.7054316997528076
v 35.278884887695312 21 -5.2767128944396973
v 35.278884887695312 24 -5.2767128944396973
v 33.846572875976562 21 -5.2767128944396973
v 33.846572875976562 24 -5.2767128944396973
f 529 539 537 535 533 531
f 540 530 532 534 536 538
f 530 529 531 532
f 532 531 533 534
f 534 533 535 536
f 536 535 537 538
f 538 537 539 540
f 540 539 529 530
g bathroom_8_7
v 35.278884887695312 21 -3.8461496829986572
v 35.278884887695312 24 -3.8461496829986572
v 36.899143218994141 21 -3.8461496829986572
v 36.899143218994141 24 -3.8461496829986572
v 36.899143218994141 21 -5.2767128944396973
v 36.899143218994141 24 -5.2767128944396973
v 35.278884887695312 21 -5.2767128944396973
v 35.278884887695312 24 -5.2767128944396973
f 542 541 543 544
f 544 543 545 546
f 546 545 547 548
f 548 547 541 542
f 547 545 543 541
f 548 542 544 546
g bathroom_8_6
v 35.278884887695312 21 -2.7054316997528076
v 35.278884887695312 24 -2.7054316997528076
v 36.899143218994141 21 -2.7054316997528076
v 36.899143218994141 24 -2.7054316997528076
v 36.899143218994141 21 -3.8461496829986572
v 36.899143218994141 24 -3.8461496829986572
v 35.278884887695312 21 -3.8461496829986572
v 35.278884887695312 24 -3.8461496829986572
f 550 549 551 552
f 552 551 553 554
f 554 553 555 556
f 556 555 549 550
f 555 553 551 549
f 556 550 552 554
g balcony_8_5
v 27.472431182861328 21 0.24828717112541199
v 27.472431182861328 24 0.24828717112541199
v 30.422430038452148 21 0.24828717112541199
v 30.422430038452148 24 0.24828717112541199
v 30.422430038452148 21 -1.2475488185882568
v 30.422430038452148 24 -1.2475488185882568
v 27.472431182861328 21 -1.2475488185882568
v 27.472431182861328 24 -1.2475488185882568
f 558 557 559 560
f 560 559 561 562
f 562 561 563 564
f 564 563 557 558
f 563 561 559 557
f 564 558 560 562
g balcony_8_4
v 24.600000381469727 21 0.24828717112541199
v 24.600000381469727 24 0.24828717112541199
v 27.472431182861328 21 0.24828717112541199
v 27.472431182861328 24 0.24828717112541199
v 27.472431182861328 21 -1.2475488185882568
v 27.472431182861328 24 -1.2475488185882568
v 24.600000381469727 21 -1.2475488185882568
v 24.600000381469727 24 -1.2475488185882568
f 566 565 567 568
f 568 567 569 570
f 570 569 571 572
f 572 571 565 566
f 571 569 567 565
f 572 566 568 570
g bedroom_8_3
v 27.472431182861328 21 -1.2475488185882568
v 27.472431182861328 24 -1.2475488185882568
v 30.422430038452148 21 -1.2475488185882568
v 30.422430038452148 24 -1.2475488185882568
v 30.422430038452148 21 -5.2767128944396973
v 30.422430038452148 24 -5.2767128944396973
v 27.472431182861328 21 -5.2767128944396973
v 27.472431182861328 24 -5.2767128944396973
f 574 573 575 576
f 576 575 577 578
f 578 577 579 580
f 580 579 573 574
f 579 577 575 573
f 580 574 576 578
g bathroom_8_2
v 24.600000381469727 21 -6.4900670051574707
v 24.600000381469727 24 -6.4900670051574707
v 26.222827911376953 21 -6.4900670051574707
v 26.222827911376953 24 -6.4900670051574707
v 26.222827911376953 21 -8.3084068298339844
v 26.222827911376953 24 -8.3084068298339844
v 24.600000381469727 21 -8.3084068298339844
v 24.600000381469727 24 -8.3084068298339844
f 582 581 583 584
f 584 583 585 586
f 586 585 587 588
f 588 587 581 582
f 587 585 583 581
f 588 582 584 586
g bedroom_8_1
v 24.600000381469727 21 -8.3084068298339844
v 24.600000381469727 24 -8.3084068298339844
v 28.32499885559082 21 -8.3084068298339844
v 28.32499885559082 24 -8.3084068298339844
v 28.32499885559082 21 -12.245989799499512
v 28.32499885559082 24 -12.245989799499512
v 24.600000381469727 21 -12.245989799499512
v 24.600000381469727 24 -12.245989799499512
f 590 589 591 592
f 592 591 593 594
f 594 593 595 596
f 596 595 589 590
f 595 593 591 589
f 596 590 592 594
g livingroom_7_33
v 43.375858306884766 18 0.24828717112541199
v 43.375858306884766 21 0.24828717112541199
v 43.375858306884766 18 -4.0767130851745605
v 43.375858306884766 21 -4.0767130851745605
v 39.951713562011719 18 -4.0767130851745605
v 39.951713562011719 21 -4.0767130851745605
v 39.951713562011719 18 0.24828717112541199
v 39.951713562011719 21 0.24828717112541199
f 598 597 599 600
f 600 599 601 602
f 602 601 603 604
f 604 603 597 598
f 603 601 599 597
f 604 598 600 602
g corridor_7_32
v 43.375858306884766 18 -4.0767130851745605
v 43.375858306884766 21 -4.0767130851745605
v 43.375858306884766 18 -5.2767128944396973
v 43.375858306884766 21 -5.2767128944396973
v 39.951713562011719 18 -5.2767128944396973
v 39.951713562011719 21 -5.2767128944396973
v 39.951713562011719 18 -4.0767130851745605
v 39.951713562011719 21 -4.0767130851745605
f 606 605 607 608
f 608 607 609 610
f 610 609 611 612
f 612 611 605 606
f 611 609 607 605
f 612 606 608 610
g corridor_7_31
v 47.575458526611328 18 -5.2767128944396973
v 47.575458526611328 21 -5.2767128944396973
v 47.575458526611328 18 -8.3084068298339844
v 47.575458526611328 21 -8.3084068298339844
v 45.473285675048828 18 -8.3084068298339844
v 45.473285675048828 21 -8.3084068298339844
v 45.473285675048828 18 -6.7982869148254395
v 45.473285675048828 21 -6.7982869148254395
v 41.048286437988281 18 -6.7982869148254395
v 41.048286437988281 21 -6.7982869148254395
v 41.048286437988281 18 -5.2767128944396973
v 41.048286437988281 21 -5.2767128944396973
f 623 621 619 617 615 613
f 624 614 616 618 620 622
f 614 613 615 616
f 616 615 617 618
f 618 617 619 620
f 620 619 621 622
f 622 621 623 624
f 624 623 613 614
g bathroom_7_30
v 49.198287963867188 18 -5.2767128944396973
v 49.198287963867188 21 -5.2767128944396973
v 49.198287963867188 18 -6.4900670051574707
v 49.198287963867188 21 -6.4900670051574707
v 47.575458526611328 18 -6.4900670051574707
v 47.575458526611328 21 -6.4900670051574707
v 47.575458526611328 18 -5.2767128944396973
v 47.575458526611328 21 -5.2767128944396973
f 626 625 627 628
f 628 627 629 630
f 630 629 631 632
f 632 631 625 626
f 631 629 627 625
f 632 626 628 630
g bedroom_7_29
v 49.198287963867188 18 -1.2475488185882568
v 49.198287963867188 21 -1.2475488185882568
v 49.198287963867188 18 -5.2767128944396973
v 49.198287963867188 21 -5.2767128944396973
v 46.325855255126953 18 -5.2767128944396973
v 46.325855255126953 21 -5.2767128944396973
v 46.325855255126953 18 -1.2475488185882568
v 46.325855255126953 21 -1.2475488185882568
f 634 633 635 636
f 636 635 637 638
f 638 637 639 640
f 640 639 633 634
f 639 637 635 633
f 640 634 636 638
g livingroom_7_28
v 45.473285675048828 18 -6.7982869148254395
v 45.473285675048828 21 -6.7982869148254395
v 45.473285675048828 18 -12.245989799499512
v 45.473285675048828 21 -12.245989799499512
v 42.070716857910156 18 -12.245989799499512
v 42.070716857910156 21 -12.245989799499512
v 42.070716857910156 18 -6.7982869148254395
v 42.070716857910156 21 -6.7982869148254395
f 642 641 643 644
f 644 643 645 646
f 646 645 647 648
f 648 647 641 642
f 647 645 643 641
f 648 642 644 646
g kitchen_7_27
v 42.070716857910156 18 -6.7982869148254395
v 42.070716857910156 21 -6.7982869148254395
v 42.070716857910156 18 -12.245989799499512
v 42.070716857910156 21 -12.245989799499512
v 38.796573638916016 18 -12.245989799499512
v 38.796573638916016 21 -12.245989799499512
v 38.796573638916016 18 -8.0734529495239258
v 38.796573638916016 21 -8.0734529495239258
v 40.848491668701172 18 -8.0734529495239258
v 40.848491668701172 21 -8.0734529495239258
v 40.848491668701172 18 -6.7982869148254395
v 40.848491668701172 21 -6.7982869148254395
f 659 657 655 653 651 649
f 660 650 652 654 656 658
f 650 649 651 652
f 652 651 653 654
f 654 653 655 656
f 656 655 657 658
f 658 657 659 660
f 660 659 649 650
g storeroom_7_26
v 40.848491668701172 18 -6.7982869148254395
v 40.848491668701172 21 -6.7982869148254395
v 40.848491668701172 18 -8.0734529495239258
v 40.848491668701172 21 -8.0734529495239258
v 38.796573638916016 18 -8.0734529495239258
v 38.796573638916016 21 -8.0734529495239258
v 38.796573638916016 18 -6.7982869148254395
v 38.796573638916016 21 -6.7982869148254395
f 662 661 663 664
f 664 663 665 666
f 666 665 667 668
f 668 667 661 662
f 667 665 663 661
f 668 662 664 666
g kitchen_7_25
v 39.951713562011719 18 0.24828717112541199
v 39.951713562011719 21 0.24828717112541199
v 39.951713562011719 18 -5.2767128944396973
v 39.951713562011719 21 -5.2767128944396973
v 38.519401550292969 18 -5.2767128944396973
v 38.519401550292969 21 -5.2767128944396973
v 38.519401550292969 18 -2.7054316997528076
v 38.519401550292969 21 -2.7054316997528076
v 36.899143218994141 18 -2.7054316997528076
v 36.899143218994141 21 -2.7054316997528076
v 36.899143218994141 18 0.24828717112541199
v 36.899143218994141 21 0.24828717112541199
f 679 677 675 673 671 669
f 680 670 672 674 676 678
f 670 669 671 672
f 672 671 673 674
f 674 673 675 676
f 676 675 677 678
f 678 677 679 680
f 680 679 669 670
g bathroom_7_24
v 38.519401550292969 18 -3.8461496829986572
v 38.519401550292969 21 -3.8461496829986572
v 38.519401550292969 18 -5.2767128944396973
v 38.519401550292969 21 -5.2767128944396973
v 36.899143218994141 18 -5.2767128944396973
v 36.899143218994141 21 -5.2767128944396973
v 36.899143218994141 18 -3.8461496829986572
v 36.899143218994141 21 -3.8461496829986572
f 682 681 683 684
f 684 683 685 686
f 686 685 687 688
f 688 687 681 682
f 687 685 683 681
f 688 682 684 686
g bathroom_7_23
v 38.519401550292969 18 -2.7054316997528076
v 38.519401550292969 21 -2.7054316997528076
v 38.519401550292969 18 -3.8461496829986572
v 38.519401550292969 21 -3.8461496829986572
v 36.899143218994141 18 -3.8461496829986572
v 36.899143218994141 21 -3.8461496829986572
v 36.899143218994141 18 -2.7054316997528076
v 36.899143218994141 21 -2.7054316997528076
f 690 689 691 692
f 692 691 693 694
f 694 693 695 696
f 696 695 689 690
f 695 693 691 689
f 696 690 692 694
g balcony_7_22
v 46.325855255126953 18 0.24828717112541199
v 46.325855255126953 21 0.24828717112541199
v 46.325855255126953 18 -1.2475488185882568
v 46.325855255126953 21 -1.2475488185882568
v 43.375858306884766 18 -1.2475488185882568
v 43.375858306884766 21 -1.2475488185882568
v 43.375858306884766 18 0.24828717112541199
v 43.375858306884766 21 0.24828717112541199
f 698 697 699 700
f 700 699 701 702
f 702 701 703 704
f 704 703 697 698
f 703 701 699 697
f 704 698 700 702
g balcony_7_21
v 49.198287963867188 18 0.24828717112541199
v 49.198287963867188 21 0.24828717112541199
v 49.198287963867188 18 -1.2475488185882568
v 49.198287963867188 21 -1.2475488185882568
v 46.325855255126953 18 -1.2475488185882568
v 46.325855255126953 21 -1.2475488185882568
v 46.325855255126953 18 0.24828717112541199
v 46.325855255126953 21 0.24828717112541199
f 706 705 707 708
f 708 707 709 710
f 710 709 711 712
f 712 711 705 706
f 711 709 707 705
f 712 706 708 710
g bedroom_7_20
v 46.325855255126953 18 -1.2475488185882568
v 46.325855255126953 21 -1.2475488185882568
v 46.325855255126953 18 -5.2767128944396973
v 46.325855255126953 21 -5.2767128944396973
v 43.375858306884766 18 -5.2767128944396973
v 43.375858306884766 21 -5.2767128944396973
v 43.375858306884766 18 -1.2475488185882568
v 43.375858306884766 21 -1.2475488185882568
f 714 713 715 716
f 716 715 717 718
f 718 717 719 720
f 720 719 713 714
f 719 717 715 713
f 720 714 716 718
g bathroom_7_19
v 49.198287963867188 18 -6.4900670051574707
v 49.198287963867188 21 -6.4900670051574707
v 49.198287963867188 18 -8.3084068298339844
v 49.198287963867188 21 -8.3084068298339844
v 47.575458526611328 18 -8.3084068298339844
v 47.575458526611328 21 -8.3084068298339844
v 47.575458526611328 18 -6.4900670051574707
v 47.575458526611328 21 -6.4900670051574707
f 722 721 723 724
f 724 723 725 726
f 726 725 727 728
f 728 727 721 722
f 727 725 723 721
f 728 722 724 726
g bedroom_7_18
v 49.198287963867188 18 -8.3084068298339844
v 49.198287963867188 21 -8.3084068298339844
v 49.198287963867188 18 -12.245989799499512
v 49.198287963867188 21 -12.245989799499512
v 45.473285675048828 18 -12.245989799499512
v 45.473285675048828 21 -12.245989799499512
v 45.473285675048828 18 -8.3084068298339844
v 45.473285675048828 21 -8.3084068298339844
f 730 729 731 732
f 732 731 733 734
f 734 733 735 736
f 736 735 729 730
f 735 733 731 729
f 736 730 732 734
g livingroom_7_17
v 30.422430038452148 18 0.24828717112541199
v 30.422430038452148 21 0.24828717112541199
v 33.846572875976562 18 0.24828717112541199
v 33.846572875976562 21 0.24828717112541199
v 33.846572875976562 18 -4.0767130851745605
v 33.846572875976562 21 -4.0767130851745605
v 30.422430038452148 18 -4.0767130851745605
v 30.422430038452148 21 -4.0767130851745605
f 738 737 739 740
f 740 739 741 742
f 742 741 743 744
f 744 743 737 738
f 743 741 739 737
f 744 738 740 742
g corridor_7_16
v 30.422430038452148 18 -4.0767130851745605
v 30.422430038452148 21 -4.0767130851745605
v 33.846572875976562 18 -4.0767130851745605
v 33.846572875976562 21 -4.0767130851745605
v 33.846572875976562 18 -5.2767128944396973
v 33.846572875976562 21 -5.2767128944396973
v 30.422430038452148 18 -5.2767128944396973
v 30.422430038452148 21 -5.2767128944396973
f 746 745 747 748
f 748 747 749 750
f 750 749 751 752
f 752 751 745 746
f 751 749 747 745
f 752 746 748 750
g corridor_7_15
v 32.75 18 -5.2767128944396973
v 32.75 21 -5.2767128944396973
v 36.899143218994141 21 -5.2767128944396973
v 41.048286437988281 18 -5.2767128944396973
v 41.048286437988281 21 -5.2767128944396973
v 36.899143218994141 18 -5.2767128944396973
v 41.048286437988281 18 -6.7982869148254395
v 41.048286437988281 21 -6.7982869148254395
v 38.796573638916016 18 -6.7982869148254395
v 38.796573638916016 21 -6.7982869148254395
v 38.796573638916016 18 -7.0050110816955566
v 38.796573638916016 21 -7.0050110816955566
v 35.001712799072266 18 -7.0050110816955566
v 35.001712799072266 21 -7.0050110816955566
v 35.001712799072266 18 -6.7982869148254395
v 35.001712799072266 21 -6.7982869148254395
v 32.75 18 -6.7982869148254395
v 32.75 21 -6.7982869148254395
f 754 753 758 756 757 755
f 753 769 767 765 763 761 759 756 758
f 768 770 754 755 757 760 762 764 766
f 757 756 759 760
f 760 759 761 762
f 762 761 763 764
f 764 763 765 766
f 766 765 767 768
f 768 767 769 770
f 770 769 753 754
g corridor_7_14
v 26.222827911376953 18 -5.2767128944396973
v 26.222827911376953 21 -5.2767128944396973
v 32.75 18 -5.2767128944396973
v 32.75 21 -5.2767128944396973
v 32.75 18 -6.7982869148254395
v 32.75 21 -6.7982869148254395
v 28.32499885559082 18 -6.7982869148254395
v 28.32499885559082 21 -6.7982869148254395
v 28.32499885559082 18 -8.3084068298339844
v 28.32499885559082 21 -8.3084068298339844
v 26.222827911376953 18 -8.3084068298339844
v 26.222827911376953 21 -8.3084068298339844
f 779 777 775 773 771 781
f 780 782 772 774 776 778
f 772 771 773 774
f 774 773 775 776
f 776 775 777 778
f 778 777 779 780
f 780 779 781 782
f 782 781 771 772
g bathroom_7_13
v 24.600000381469727 18 -5.2767128944396973
v 24.600000381469727 21 -5.2767128944396973
v 26.222827911376953 18 -5.2767128944396973
v 26.222827911376953 21 -5.2767128944396973
v 26.222827911376953 18 -6.4900670051574707
v 26.222827911376953 21 -6.4900670051574707
v 24.600000381469727 18 -6.4900670051574707
v 24.600000381469727 21 -6.4900670051574707
f 784 783 785 786
f 786 785 787 788
f 788 787 789 790
f 790 789 783 784
f 789 787 785 783
f 790 784 786 788
g bedroom_7_12
v 24.600000381469727 18 -1.2475488185882568
v 24.600000381469727 21 -1.2475488185882568
v 27.472431182861328 18 -1.2475488185882568
v 27.472431182861328 21 -1.2475488185882568
v 27.472431182861328 18 -5.2767128944396973
v 27.472431182861328 21 -5.2767128944396973
v 24.600000381469727 18 -5.2767128944396973
v 24.600000381469727 21 -5.2767128944396973
f 792 791 793 794
f 794 793 795 796
f 796 795 797 798
f 798 797 791 792
f 797 795 793 791
f 798 792 794 796
g livingroom_7_11
v 28.32499885559082 18 -6.7982869148254395
v 28.32499885559082 21 -6.7982869148254395
v 31.727569580078125 18 -6.7982869148254395
v 31.727569580078125 21 -6.7982869148254395
v 31.727569580078125 18 -12.245989799499512
v 31.727569580078125 21 -12.245989799499512
v 28.32499885559082 18 -12.245989799499512
v 28.32499885559082 21 -12.245989799499512
f 800 799 801 802
f 802 801 803 804
f 804 803 805 806
f 806 805 799 800
f 805 803 801 799
f 806 800 802 804
g kitchen_7_10
v 31.727569580078125 18 -6.7982869148254395
v 31.727569580078125 21 -6.7982869148254395
v 32.949794769287109 18 -6.7982869148254395
v 32.949794769287109 21 -6.7982869148254395
v 32.949794769287109 18 -8.0734529495239258
v 32.949794769287109 21 -8.0734529495239258
v 35.001712799072266 18 -8.0734529495239258
v 35.001712799072266 21 -8.0734529495239258
v 35.001712799072266 18 -12.245989799499512
v 35.001712799072266 21 -12.245989799499512
v 31.727569580078125 18 -12.245989799499512
v 31.727569580078125 21 -12.245989799499512
f 807 817 815 813 811 809
f 818 808 810 812 814 816
f 808 807 809 810
f 810 809 811 812
f 812 811 813 814
f 814 813 815 816
f 816 815 817 818
f 818 817 807 808
g storeroom_7_9
v 32.949794769287109 18 -6.7982869148254395
v 32.949794769287109 21 -6.7982869148254395
v 35.001712799072266 18 -6.7982869148254395
v 35.001712799072266 21 -6.7982869148254395
v 35.001712799072266 18 -8.0734529495239258
v 35.001712799072266 21 -8.0734529495239258
v 32.949794769287109 18 -8.0734529495239258
v 32.949794769287109 21 -8.0734529495239258
f 820 819 821 822
f 822 821 823 824
f 824 823 825 826
f 826 825 819 820
f 825 823 821 819
f 826 820 822 824
g kitchen_7_8
v 33.846572875976562 18 0.24828717112541199
v 33.846572875976562 21 0.24828717112541199
v 36.899143218994141 18 0.24828717112541199
v 36.899143218994141 21 0.24828717112541199
v 36.899143218994141 18 -2.7054316997528076
v 36.899143218994141 21 -2.7054316997528076
v 35.278884887695312 18 -2.7054316997528076
v 35.278884887695312 21 -2.7054316997528076
v 35.278884887695312 18 -5.2767128944396973
v 35.278884887695312 21 -5.2767128944396973
v 33.846572875976562 18 -5.2767128944396973
v 33.846572875976562 21 -5.2767128944396973
f 827 837 835 833 831 829
f 838 828 830 832 834 836
f 828 827 829 830
f 830 829 831 832
f 832 831 833 834
f 834 833 835 836
f 836 835 837 838
f 838 837 827 828
g bathroom_7_7
v 35.278884887695312 18 -3.8461496829986572
v 35.278884887695312 21 -3.8461496829986572
v 36.899143218994141 18 -3.8461496829986572
v 36.899143218994141 21 -3.8461496829986572
v 36.899143218994141 18 -5.2767128944396973
v 36.899143218994141 21 -5.2767128944396973
v 35.278884887695312 18 -5.2767128944396973
v 35.278884887695312 21 -5.2767128944396973
f 840 839 841 842
f 842 841 843 844
f 844 843 845 846
f 846 845 839 840
f 845 843 841 839
f 846 840 842 844
g bathroom_7_6
v 35.278884887695312 18 -2.7054316997528076
v 35.278884887695312 21 -2.7054316997528076
v 36.899143218994141 18 -2.7054316997528076
v 36.899143218994141 21 -2.7054316997528076
v 36.899143218994141 18 -3.8461496829986572
v 36.899143218994141 21 -3.8461496829986572
v 35.278884887695312 18 -3.8461496829986572
v 35.278884887695312 21 -3.8461496829986572
f 848 847 849 850
f 850 849 851 852
f 852 851 853 854
f 854 853 847 848
f 853 851 849 847
f 854 848 850 852
g balcony_7_5
v 27.472431182861328 18 0.24828717112541199
v 27.472431182861328 21 0.24828717112541199
v 30.422430038452148 18 0.24828717112541199
v 30.422430038452148 21 0.24828717112541199
v 30.422430038452148 18 -1.2475488185882568
v 30.422430038452148 21 -1.2475488185882568
v 27.472431182861328 18 -1.2475488185882568
v 27.472431182861328 21 -1.2475488185882568
f 856 855 857 858
f 858 857 859 860
f 860 859 861 862
f 862 861 855 856
f 861 859 857 855
f 862 856 858 860
g balcony_7_4
v 24.600000381469727 18 0.24828717112541199
v 24.600000381469727 21 0.24828717112541199
v 27.472431182861328 18 0.24828717112541199
v 27.472431182861328 21 0.24828717112541199
v 27.472431182861328 18 -1.2475488185882568
v 27.472431182861328 21 -1.2475488185882568
v 24.600000381469727 18 -1.2475488185882568
v 24.600000381469727 21 -1.2475488185882568
f 864 863 865 866
f 866 865 867 868
f 868 867 869 870
f 870 869 863 864
f 869 867 865 863
f 870 864 866 868
g bedroom_7_3
v 27.472431182861328 18 -1.2475488185882568
v 27.472431182861328 21 -1.2475488185882568
v 30.422430038452148 18 -1.2475488185882568
v 30.422430038452148 21 -1.2475488185882568
v 30.422430038452148 18 -5.2767128944396973
v 30.422430038452148 21 -5.2767128944396973
v 27.472431182861328 18 -5.2767128944396973
v 27.472431182861328 21 -5.2767128944396973
f 872 871 873 874
f 874 873 875 876
f 876 875 877 878
f 878 877 871 872
f 877 875 873 871
f 878 872 874 876
g bathroom_7_2
v 24.600000381469727 18 -6.4900670051574707
v 24.600000381469727 21 -6.4900670051574707
v 26.222827911376953 18 -6.4900670051574707
v 26.222827911376953 21 -6.4900670051574707
v 26.222827911376953 18 -8.3084068298339844
v 26.222827911376953 21 -8.3084068298339844
v 24.600000381469727 18 -8.3084068298339844
v 24.600000381469727 21 -8.3084068298339844
f 880 879 881 882
f 882 881 883 884
f 884 883 885 886
f 886 885 879 880
f 885 883 881 879
f 886 880 882 884
g bedroom_7_1
v 24.600000381469727 18 -8.3084068298339844
v 24.600000381469727 21 -8.3084068298339844
v 28.32499885559082 18 -8.3084068298339844
v 28.32499885559082 21 -8.3084068298339844
v 28.32499885559082 18 -12.245989799499512
v 28.32499885559082 21 -12.245989799499512
v 24.600000381469727 18 -12.245989799499512
v 24.600000381469727 21 -12.245989799499512
f 888 887 889 890
f 890 889 891 892
f 892 891 893 894
f 894 893 887 888
f 893 891 889 887
f 894 888 890 892
g livingroom_6_33
v 43.375858306884766 15 0.24828717112541199
v 43.375858306884766 18 0.24828717112541199
v 43.375858306884766 15 -4.0767130851745605
v 43.375858306884766 18 -4.0767130851745605
v 39.951713562011719 15 -4.0767130851745605
v 39.951713562011719 18 -4.0767130851745605
v 39.951713562011719 15 0.24828717112541199
v 39.951713562011719 18 0.24828717112541199
f 896 895 897 898
f 898 897 899 900
f 900 899 901 902
f 902 901 895 896
f 901 899 897 895
f 902 896 898 900
g corridor_6_32
v 43.375858306884766 15 -4.0767130851745605
v 43.375858306884766 18 -4.0767130851745605
v 43.375858306884766 15 -5.2767128944396973
v 43.375858306884766 18 -5.2767128944396973
v 39.951713562011719 15 -5.2767128944396973
v 39.951713562011719 18 -5.2767128944396973
v 39.951713562011719 15 -4.0767130851745605
v 39.951713562011719 18 -4.0767130851745605
f 904 903 905 906
f 906 905 907 908
f 908 907 909 910
f 910 909 903 904
f 909 907 905 903
f 910 904 906 908
g corridor_6_31
v 47.575458526611328 15 -5.2767128944396973
v 47.575458526611328 18 -5.2767128944396973
v 47.575458526611328 15 -8.3084068298339844
v 47.575458526611328 18 -8.3084068298339844
v 45.473285675048828 15 -8.3084068298339844
v 45.473285675048828 18 -8.3084068298339844
v 45.473285675048828 15 -6.7982869148254395
v 45.473285675048828 18 -6.7982869148254395
v 41.048286437988281 15 -6.7982869148254395
v 41.048286437988281 18 -6.7982869148254395
v 41.048286437988281 15 -5.2767128944396973
v 41.048286437988281 18 -5.2767128944396973
f 921 919 917 915 913 911
f 922 912 914 916 918 920
f 912 911 913 914
f 914 913 915 916
f 916 915 917 918
f 918 917 919 920
f 920 919 921 922
f 922 921 911 912
g bathroom_6_30
v 49.198287963867188 15 -5.2767128944396973
v 49.198287963867188 18 -5.2767128944396973
v 49.198287963867188 15 -6.4900670051574707
v 49.198287963867188 18 -6.4900670051574707
v 47.575458526611328 15 -6.4900670051574707
v 47.575458526611328 18 -6.4900670051574707
v 47.575458526611328 15 -5.2767128944396973
v 47.575458526611328 18 -5.2767128944396973
f 924 923 925 926
f 926 925 927 928
f 928 927 929 930
f 930 929 923 924
f 929 927 925 923
f 930 924 926 928
g bedroom_6_29
v 49.198287963867188 15 -1.2475488185882568
v 49.198287963867188 18 -1.2475488185882568
v 49.198287963867188 15 -5.2767128944396973
v 49.198287963867188 18 -5.2767128944396973
v 46.325855255126953 15 -5.2767128944396973
v 46.325855255126953 18 -5.2767128944396973
v 46.325855255126953 15 -1.2475488185882568
v 46.325855255126953 18 -1.2475488185882568
f 932 931 933 934
f 934 933 935 936
f 936 935 937 938
f 938 937 931 932
f 937 935 933 931
f 938 932 934 936
g livingroom_6_28
v 45.473285675048828 15 -6.7982869148254395
v 45.473285675048828 18 -6.7982869148254395
v 45.473285675048828 15 -12.245989799499512
v 45.473285675048828 18 -12.245989799499512
v 42.070716857910156 15 -12.245989799499512
v 42.070716857910156 18 -12.245989799499512
v 42.070716857910156 15 -6.7982869148254395
v 42.070716857910156 18 -6.7982869148254395
f 940 939 941 942
f 942 941 943 944
f 944 943 945 946
f 946 945 939 940
f 945 943 941 939
f 946 940 942 944
g kitchen_6_27
v 42.070716857910156 15 -6.7982869148254395
v 42.070716857910156 18 -6.7982869148254395
v 42.070716857910156 15 -12.245989799499512
v 42.070716857910156 18 -12.245989799499512
v 38.796573638916016 15 -12.245989799499512
v 38.796573638916016 18 -12.245989799499512
v 38.796573638916016 15 -8.0734529495239258
v 38.796573638916016 18 -8.0734529495239258
v 40.848491668701172 15 -8.0734529495239258
v 40.848491668701172 18 -8.0734529495239258
v 40.848491668701172 15 -6.7982869148254395
v 40.848491668701172 18 -6.7982869148254395
f 957 955 953 951 949 947
f 958 948 950 952 954 956
f 948 947 949 950
f 950 949 951 952
f 952 951 953 954
f 954 953 955 956
f 956 955 957 958
f 958 957 947 948
g storeroom_6_26
v 40.848491668701172 15 -6.7982869148254395
v 40.848491668701172 18 -6.7982869148254395
v 40.848491668701172 15 -8.0734529495239258
v 40.848491668701172 18 -8.0734529495239258
v 38.796573638916016 15 -8.0734529495239258
v 38.796573638916016 18 -8.0734529495239258
v 38.796573638916016 15 -6.7982869148254395
v 38.796573638916016 18 -6.7982869148254395
f 960 959 961 962
f 962 961 963 964
f 964 963 965 966
f 966 965 959 960
f 965 963 961 959
f 966 960 962 964
g kitchen_6_25
v 39.951713562011719 15 0.24828717112541199
v 39.951713562011719 18 0.24828717112541199
v 39.951713562011719 15 -5.2767128944396973
v 39.951713562011719 18 -5.2767128944396973
v 38.519401550292969 15 -5.2767128944396973
v 38.519401550292969 18 -5.2767128944396973
v 38.519401550292969 15 -2.7054316997528076
v 38.519401550292969 18 -2.7054316997528076
v 36.899143218994141 15 -2.7054316997528076
v 36.899143218994141 18 -2.7054316997528076
v 36.899143218994141 15 0.24828717112541199
v 36.899143218994141 18 0.24828717112541199
f 977 975 973 971 969 967
f 978 968 970 972 974 976
f 968 967 969 970
f 970 969 971 972
f 972 971 973 974
f 974 973 975 976
f 976 975 977 978
f 978 977 967 968
g bathroom_6_24
v 38.519401550292969 15 -3.8461496829986572
v 38.519401550292969 18 -3.8461496829986572
v 38.519401550292969 15 -5.2767128944396973
v 38.519401550292969 18 -5.2767128944396973
v 36.899143218994141 15 -5.2767128944396973
v 36.899143218994141 18 -5.2767128944396973
v 36.899143218994141 15 -3.8461496829986572
v 36.899143218994141 18 -3.8461496829986572
f 980 979 981 982
f 982 981 983 984
f 984 983 985 986
f 986 985 979 980
f 985 983 981 979
f 986 980 982 984
g bathroom_6_23
v 38.519401550292969 15 -2.7054316997528076
v 38.519401550292969 18 -2.7054316997528076
v 38.519401550292969 15 -3.8461496829986572
v 38.519401550292969 18 -3.8461496829986572
v 36.899143218994141 15 -3.8461496829986572
v 36.899143218994141 18 -3.8461496829986572
v 36.899143218994141 15 -2.7054316997528076
v 36.899143218994141 18 -2.7054316997528076
f 988 987 989 990
f 990 989 991 992
f 992 991 993 994
f 994 993 987 988
f 993 991 989 987
f 994 988 990 992
g balcony_6_22
v 46.325855255126953 15 0.24828717112541199
v 46.325855255126953 18 0.24828717112541199
v 46.325855255126953 15 -1.2475488185882568
v 46.325855255126953 18 -1.2475488185882568
v 43.375858306884766 15 -1.2475488185882568
v 43.375858306884766 18 -1.2475488185882568
v 43.375858306884766 15 0.24828717112541199
v 43.375858306884766 18 0.24828717112541199
f 996 995 997 998
f 998 997 999 1000
f 1000 999 1001 1002
f 1002 1001 995 996
f 1001 999 997 995
f 1002 996 998 1000
g balcony_6_21
v 49.198287963867188 15 0.24828717112541199
v 49.198287963867188 18 0.24828717112541199
v 49.198287963867188 15 -1.2475488185882568
v 49.198287963867188 18 -1.2475488185882568
v 46.325855255126953 15 -1.2475488185882568
v 46.325855255126953 18 -1.2475488185882568
v 46.325855255126953 15 0.24828717112541199
v 46.325855255126953 18 0.24828717112541199
f 1004 1003 1005 1006
f 1006 1005 1007 1008
f 1008 1007 1009 1010
f 1010 1009 1003 1004
f 1009 1007 1005 1003
f 1010 1004 1006 1008
g bedroom_6_20
v 46.325855255126953 15 -1.2475488185882568
v 46.325855255126953 18 -1.2475488185882568
v 46.325855255126953 15 -5.2767128944396973
v 46.325855255126953 18 -5.2767128944396973
v 43.375858306884766 15 -5.2767128944396973
v 43.375858306884766 18 -5.2767128944396973
v 43.375858306884766 15 -1.2475488185882568
v 43.375858306884766 18 -1.2475488185882568
f 1012 1011 1013 1014
f 1014 1013 1015 1016
f 1016 1015 1017 1018
f 1018 1017 1011 1012
f 1017 1015 1013 1011
f 1018 1012 1014 1016
g bathroom_6_19
v 49.198287963867188 15 -6.4900670051574707
v 49.198287963867188 18 -6.4900670051574707
v 49.198287963867188 15 -8.3084068298339844
v 49.198287963867188 18 -8.3084068298339844
v 47.575458526611328 15 -8.3084068298339844
v 47.575458526611328 18 -8.3084068298339844
v 47.575458526611328 15 -6.4900670051574707
v 47.575458526611328 18 -6.4900670051574707
f 1020 1019 1021 1022
f 1022 1021 1023 1024
f 1024 1023 1025 1026
f 1026 1025 1019 1020
f 1025 1023 1021 1019
f 1026 1020 1022 1024
g bedroom_6_18
v 49.198287963867188 15 -8.3084068298339844
v 49.198287963867188 18 -8.3084068298339844
v 49.198287963867188 15 -12.245989799499512
v 49.198287963867188 18 -12.245989799499512
v 45.473285675048828 15 -12.245989799499512
v 45.473285675048828 18 -12.245989799499512
v 45.473285675048828 15 -8.3084068298339844
v 45.473285675048828 18 -8.3084068298339844
f 1028 1027 1029 1030
f 1030 1029 1031 1032
f 1032 1031 1033 1034
f 1034 1033 1027 1028
f 1033 1031 1029 1027
f 1034 1028 1030 1032
g livingroom_6_17
v 30.422430038452148 15 0.24828717112541199
v 30.422430038452148 18 0.24828717112541199
v 33.846572875976562 15 0.24828717112541199
v 33.846572875976562 18 0.24828717112541199
v 33.846572875976562 15 -4.0767130851745605
v 33.846572875976562 18 -4.0767130851745605
v 30.422430038452148 15 -4.0767130851745605
v 30.422430038452148 18 -4.0767130851745605
f 1036 1035 1037 1038
f 1038 1037 1039 1040
f 1040 1039 1041 1042
f 1042 1041 1035 1036
f 1041 1039 1037 1035
f 1042 1036 1038 1040
g corridor_6_16
v 30.422430038452148 15 -4.0767130851745605
v 30.422430038452148 18 -4.0767130851745605
v 33.846572875976562 15 -4.0767130851745605
v 33.846572875976562 18 -4.0767130851745605
v 33.846572875976562 15 -5.2767128944396973
v 33.846572875976562 18 -5.2767128944396973
v 30.422430038452148 15 -5.2767128944396973
v 30.422430038452148 18 -5.2767128944396973
f 1044 1043 1045 1046
f 1046 1045 1047 1048
f 1048 1047 1049 1050
f 1050 1049 1043 1044
f 1049 1047 1045 1043
f 1050 1044 1046 1048
g corridor_6_15
v 32.75 15 -5.2767128944396973
v 32.75 18 -5.2767128944396973
v 36.899143218994141 18 -5.2767128944396973
v 41.048286437988281 15 -5.2767128944396973
v 41.048286437988281 18 -5.2767128944396973
v 36.899143218994141 15 -5.2767128944396973
v 41.048286437988281 15 -6.7982869148254395
v 41.048286437988281 18 -6.7982869148254395
v 38.796573638916016 15 -6.7982869148254395
v 38.796573638916016 18 -6.7982869148254395
v 38.796573638916016 15 -7.0050110816955566
v 38.796573638916016 18 -7.0050110816955566
v 35.001712799072266 15 -7.0050110816955566
v 35.001712799072266 18 -7.0050110816955566
v 35.001712799072266 15 -6.7982869148254395
v 35.001712799072266 18 -6.7982869148254395
v 32.75 15 -6.7982869148254395
v 32.75 18 -6.7982869148254395
f 1052 1051 1056 1054 1055 1053
f 1051 1067 1065 1063 1061 1059 1057 1054 1056
f 1066 1068 1052 1053 1055 1058 1060 1062 1064
f 1055 1054 1057 1058
f 1058 1057 1059 1060
f 1060 1059 1061 1062
f 1062 1061 1063 1064
f 1064 1063 1065 1066
f 1066 1065 1067 1068
f 1068 1067 1051 1052
g corridor_6_14
v 26.222827911376953 15 -5.2767128944396973
v 26.222827911376953 18 -5.2767128944396973
v 32.75 15 -5.2767128944396973
v 32.75 18 -5.2767128944396973
v 32.75 15 -6.7982869148254395
v 32.75 18 -6.7982869148254395
v 28.32499885559082 15 -6.7982869148254395
v 28.32499885559082 18 -6.7982869148254395
v 28.32499885559082 15 -8.3084068298339844
v 28.32499885559082 18 -8.3084068298339844
v 26.222827911376953 15 -8.3084068298339844
v 26.222827911376953 18 -8.3084068298339844
f 1077 1075 1073 1071 1069 1079
f 1078 1080 1070 1072 1074 1076
f 1070 1069 1071 1072
f 1072 1071 1073 1074
f 1074 1073 1075 1076
f 1076 1075 1077 1078
f 1078 1077 1079 1080
f 1080 1079 1069 1070
g bathroom_6_13
v 24.600000381469727 15 -5.2767128944396973
v 24.600000381469727 18 -5.2767128944396973
v 26.222827911376953 15 -5.2767128944396973
v 26.222827911376953 18 -5.2767128944396973
v 26.222827911376953 15 -6.4900670051574707
v 26.222827911376953 18 -6.4900670051574707
v 24.600000381469727 15 -6.4900670051574707
v 24.600000381469727 18 -6.4900670051574707
f 1082 1081 1083 1084
f 1084 1083 1085 1086
f 1086 1085 1087 1088
f 1088 1087 1081 1082
f 1087 1085 1083 1081
f 1088 1082 1084 1086
g bedroom_6_12
v 24.600000381469727 15 -1.2475488185882568
v 24.600000381469727 18 -1.2475488185882568
v 27.472431182861328 15 -1.2475488185882568
v 27.472431182861328 18 -1.2475488185882568
v 27.472431182861328 15 -5.2767128944396973
v 27.472431182861328 18 -5.2767128944396973
v 24.600000381469727 15 -5.2767128944396973
v 24.600000381469727 18 -5.2767128944396973
f 1090 1089 1091 1092
f 1092 1091 1093 1094
f 1094 1093 1095 1096
f 1096 1095 1089 1090
f 1095 1093 1091 1089
f 1096 1090 1092 1094
g livingroom_6_11
v 28.32499885559082 15 -6.7982869148254395
v 28.32499885559082 18 -6.7982869148254395
v 31.727569580078125 15 -6.7982869148254395
v 31.727569580078125 18 -6.7982869148254395
v 31.727569580078125 15 -12.245989799499512
v 31.727569580078125 18 -12.245989799499512
v 28.32499885559082 15 -12.245989799499512
v 28.32499885559082 18 -12.245989799499512
f 1098 1097 1099 1100
f 1100 1099 1101 1102
f 1102 1101 1103 1104
f 1104 1103 1097 1098
f 1103 1101 1099 1097
f 1104 1098 1100 1102
g kitchen_6_10
v 31.727569580078125 15 -6.7982869148254395
v 31.727569580078125 18 -6.7982869148254395
v 32.949794769287109 15 -6.7982869148254395
v 32.949794769287109 18 -6.7982869148254395
v 32.949794769287109 15 -8.0734529495239258
v 32.949794769287109 18 -8.0734529495239258
v 35.001712799072266 15 -8.0734529495239258
v 35.001712799072266 18 -8.0734529495239258
v 35.001712799072266 15 -12.245989799499512
v 35.001712799072266 18 -12.245989799499512
v 31.727569580078125 15 -12.245989799499512
v 31.727569580078125 18 -12.245989799499512
f 1105 1115 1113 1111 1109 1107
f 1116 1106 1108 1110 1112 1114
f 1106 1105 1107 1108
f 1108 1107 1109 1110
f 1110 1109 1111 1112
f 1112 1111 1113 1114
f 1114 1113 1115 1116
f 1116 1115 1105 1106
g storeroom_6_9
v 32.949794769287109 15 -6.7982869148254395
v 32.949794769287109 18 -6.7982869148254395
v 35.001712799072266 15 -6.7982869148254395
v 35.001712799072266 18 -6.7982869148254395
v 35.001712799072266 15 -8.0734529495239258
v 35.001712799072266 18 -8.0734529495239258
v 32.949794769287109 15 -8.0734529495239258
v 32.949794769287109 18 -8.0734529495239258
f 1118 1117 1119 1120
f 1120 1119 1121 1122
f 1122 1121 1123 1124
f 1124 1123 1117 1118
f 1123 1121 1119 1117
f 1124 1118 1120 1122
g kitchen_6_8
v 33.846572875976562 15 0.24828717112541199
v 33.846572875976562 18 0.24828717112541199
v 36.899143218994141 15 0.24828717112541199
v 36.899143218994141 18 0.24828717112541199
v 36.899143218994141 15 -2.7054316997528076
v 36.899143218994141 18 -2.7054316997528076
v 35.278884887695312 15 -2.7054316997528076
v 35.278884887695312 18 -2.7054316997528076
v 35.278884887695312 15 -5.2767128944396973
v 35.278884887695312 18 -5.2767128944396973
v 33.846572875976562 15 -5.2767128944396973
v 33.846572875976562 18 -5.2767128944396973
f 1125 1135 1133 1131 1129 1127
f 1136 1126 1128 1130 1132 1134
f 1126 1125 1127 1128
f 1128 1127 1129 1130
f 1130 1129 1131 1132
f 1132 1131 1133 1134
f 1134 1133 1135 1136
f 1136 1135 1125 1126
g bathroom_6_7
v 35.278884887695312 15 -3.8461496829986572
v 35.278884887695312 18 -3.8461496829986572
v 36.899143218994141 15 -3.8461496829986572
v 36.899143218994141 18 -3.8461496829986572
v 36.899143218994141 15 -5.2767128944396973
v 36.899143218994141 18 -5.2767128944396973
v 35.278884887695312 15 -5.2767128944396973
v 35.278884887695312 18 -5.2767128944396973
f 1138 1137 1139 1140
f 1140 1139 1141 1142
f 1142 1141 1143 1144
f 1144 1143 1137 1138
f 1143 1141 1139 1137
f 1144 1138 1140 1142
g bathroom_6_6
v 35.278884887695312 15 -2.7054316997528076
v 35.278884887695312 18 -2.7054316997528076
v 36.899143218994141 15 -2.7054316997528076
v 36.899143218994141 18 -2.7054316997528076
v 36.899143218994141 15 -3.8461496829986572
v 36.899143218994141 18 -3.8461496829986572
v 35.278884887695312 15 -3.8461496829986572
v 35.278884887695312 18 -3.8461496829986572
f 1146 1145 1147 1148
f 1148 1147 1149 1150
f 1150 1149 1151 1152
f 1152 1151 1145 1146
f 1151 1149 1147 1145
f 1152 1146 1148 1150
g balcony_6_5
v 27.472431182861328 15 0.24828717112541199
v 27.472431182861328 18 0.24828717112541199
v 30.422430038452148 15 0.24828717112541199
v 30.422430038452148 18 0.24828717112541199
v 30.422430038452148 15 -1.2475488185882568
v 30.422430038452148 18 -1.2475488185882568
v 27.472431182861328 15 -1.2475488185882568
v 27.472431182861328 18 -1.2475488185882568
f 1154 1153 1155 1156
f 1156 1155 1157 1158
f 1158 1157 1159 1160
f 1160 1159 1153 1154
f 1159 1157 1155 1153
f 1160 1154 1156 1158
g balcony_6_4
v 24.600000381469727 15 0.24828717112541199
v 24.600000381469727 18 0.24828717112541199
v 27.472431182861328 15 0.24828717112541199
v 27.472431182861328 18 0.24828717112541199
v 27.472431182861328 15 -1.2475488185882568
v 27.472431182861328 18 -1.2475488185882568
v 24.600000381469727 15 -1.2475488185882568
v 24.600000381469727 18 -1.2475488185882568
f 1162 1161 1163 1164
f 1164 1163 1165 1166
f 1166 1165 1167 1168
f 1168 1167 1161 1162
f 1167 1165 1163 1161
f 1168 1162 1164 1166
g bedroom_6_3
v 27.472431182861328 15 -1.2475488185882568
v 27.472431182861328 18 -1.2475488185882568
v 30.422430038452148 15 -1.2475488185882568
v 30.422430038452148 18 -1.2475488185882568
v 30.422430038452148 15 -5.2767128944396973
v 30.422430038452148 18 -5.2767128944396973
v 27.472431182861328 15 -5.2767128944396973
v 27.472431182861328 18 -5.2767128944396973
f 1170 1169 1171 1172
f 1172 1171 1173 1174
f 1174 1173 1175 1176
f 1176 1175 1169 1170
f 1175 1173 1171 1169
f 1176 1170 1172 1174
g bathroom_6_2
v 24.600000381469727 15 -6.4900670051574707
v 24.600000381469727 18 -6.4900670051574707
v 26.222827911376953 15 -6.4900670051574707
v 26.222827911376953 18 -6.4900670051574707
v 26.222827911376953 15 -8.3084068298339844
v 26.222827911376953 18 -8.3084068298339844
v 24.600000381469727 15 -8.3084068298339844
v 24.600000381469727 18 -8.3084068298339844
f 1178 1177 1179 1180
f 1180 1179 1181 1182
f 1182 1181 1183 1184
f 1184 1183 1177 1178
f 1183 1181 1179 1177
f 1184 1178 1180 1182
g bedroom_6_1
v 24.600000381469727 15 -8.3084068298339844
v 24.600000381469727 18 -8.3084068298339844
v 28.32499885559082 15 -8.3084068298339844
v 28.32499885559082 18 -8.3084068298339844
v 28.32499885559082 15 -12.245989799499512
v 28.32499885559082 18 -12.245989799499512
v 24.600000381469727 15 -12.245989799499512
v 24.600000381469727 18 -12.245989799499512
f 1186 1185 1187 1188
f 1188 1187 1189 1190
f 1190 1189 1191 1192
f 1192 1191 1185 1186
f 1191 1189 1187 1185
f 1192 1186 1188 1190
g livingroom_5_33
v 43.375858306884766 12 0.24828717112541199
v 43.375858306884766 15 0.24828717112541199
v 43.375858306884766 12 -4.0767130851745605
v 43.375858306884766 15 -4.0767130851745605
v 39.951713562011719 12 -4.0767130851745605
v 39.951713562011719 15 -4.0767130851745605
v 39.951713562011719 12 0.24828717112541199
v 39.951713562011719 15 0.24828717112541199
f 1194 1193 1195 1196
f 1196 1195 1197 1198
f 1198 1197 1199 1200
f 1200 1199 1193 1194
f 1199 1197 1195 1193
f 1200 1194 1196 1198
g corridor_5_32
v 43.375858306884766 12 -4.0767130851745605
v 43.375858306884766 15 -4.0767130851745605
v 43.375858306884766 12 -5.2767128944396973
v 43.375858306884766 15 -5.2767128944396973
v 39.951713562011719 12 -5.2767128944396973
v 39.951713562011719 15 -5.2767128944396973
v 39.951713562011719 12 -4.0767130851745605
v 39.951713562011719 15 -4.0767130851745605
f 1202 1201 1203 1204
f 1204 1203 1205 1206
f 1206 1205 1207 1208
f 1208 1207 1201 1202
f 1207 1205 1203 1201
f 1208 1202 1204 1206
g corridor_5_31
v 47.575458526611328 12 -5.2767128944396973
v 47.575458526611328 15 -5.2767128944396973
v 47.575458526611328 12 -8.3084068298339844
v 47.575458526611328 15 -8.3084068298339844
v 45.473285675048828 12 -8.3084068298339844
v 45.473285675048828 15 -8.3084068298339844
v 45.473285675048828 12 -6.7982869148254395
v 45.473285675048828 15 -6.7982869148254395
v 41.048286437988281 12 -6.7982869148254395
v 41.048286437988281 15 -6.7982869148254395
v 41.048286437988281 12 -5.2767128944396973
v 41.048286437988281 15 -5.2767128944396973
f 1219 1217 1215 1213 1211 1209
f 1220 1210 1212 1214 1216 1218
f 1210 1209 1211 1212
f 1212 1211 1213 1214
f 1214 1213 1215 1216
f 1216 1215 1217 1218
f 1218 1217 1219 1220
f 1220 1219 1209 1210
g bathroom_5_30
v 49.198287963867188 12 -5.2767128944396973
v 49.198287963867188 15 -5.2767128944396973
v 49.198287963867188 12 -6.4900670051574707
v 49.198287963867188 15 -6.4900670051574707
v 47.575458526611328 12 -6.4900670051574707
v 47.575458526611328 15 -6.4900670051574707
v 47.575458526611328 12 -5.2767128944396973
v 47.575458526611328 15 -5.2767128944396973
f 1222 1221 1223 1224
f 1224 1223 1225 1226
f 1226 1225 1227 1228
f 1228 1227 1221 1222
f 1227 1225 1223 1221
f 1228 1222 1224 1226
g bedroom_5_29
v 49.198287963867188 12 -1.2475488185882568
v 49.198287963867188 15 -1.2475488185882568
v 49.198287963867188 12 -5.2767128944396973
v 49.198287963867188 15 -5.2767128944396973
v 46.325855255126953 12 -5.2767128944396973
v 46.325855255126953 15 -5.2767128944396973
v 46.325855255126953 12 -1.2475488185882568
v 46.325855255126953 15 -1.2475488185882568
f 1230 1229 1231 1232
f 1232 1231 1233 1234
f 1234 1233 1235 1236
f 1236 1235 1229 1230
f 1235 1233 1231 1229
f 1236 1230 1232 1234
g livingroom_5_28
v 45.473285675048828 12 -6.7982869148254395
v 45.473285675048828 15 -6.7982869148254395
v 45.473285675048828 12 -12.245989799499512
v 45.473285675048828 15 -12.245989799499512
v 42.070716857910156 12 -12.245989799499512
v 42.070716857910156 15 -12.245989799499512
v 42.070716857910156 12 -6.7982869148254395
v 42.070716857910156 15 -6.7982869148254395
f 1238 1237 1239 1240
f 1240 1239 1241 1242
f 1242 1241 1243 1244
f 1244 1243 1237 1238
f 1243 1241 1239 1237
f 1244 1238 1240 1242
g kitchen_5_27
v 42.070716857910156 12 -6.7982869148254395
v 42.070716857910156 15 -6.7982869148254395
v 42.070716857910156 12 -12.245989799499512
v 42.070716857910156 15 -12.245989799499512
v 38.796573638916016 12 -12.245989799499512
v 38.796573638916016 15 -12.245989799499512
v 38.796573638916016 12 -8.0734529495239258
v 38.796573638916016 15 -8.0734529495239258
v 40.848491668701172 12 -8.0734529495239258
v 40.848491668701172 15 -8.0734529495239258
v 40.848491668701172 12 -6.7982869148254395
v 40.848491668701172 15 -6.7982869148254395
f 1255 1253 1251 1249 1247 1245
f 1256 1246 1248 1250 1252 1254
f 1246 1245 1247 1248
f 1248 1247 1249 1250
f 1250 1249 1251 1252
f 1252 1251 1253 1254
f 1254 1253 1255 1256
f 1256 1255 1245 1246
g storeroom_5_26
v 40.848491668701172 12 -6.7982869148254395
v 40.848491668701172 15 -6.7982869148254395
v 40.848491668701172 12 -8.0734529495239258
v 40.848491668701172 15 -8.0734529495239258
v 38.796573638916016 12 -8.0734529495239258
v 38.796573638916016 15 -8.0734529495239258
v 38.796573638916016 12 -6.7982869148254395
v 38.796573638916016 15 -6.7982869148254395
f 1258 1257 1259 1260
f 1260 1259 1261 1262
f 1262 1261 1263 1264
f 1264 1263 1257 1258
f 1263 1261 1259 1257
f 1264 1258 1260 1262
g kitchen_5_25
v 39.951713562011719 12 0.24828717112541199
v 39.951713562011719 15 0.24828717112541199
v 39.951713562011719 12 -5.2767128944396973
v 39.951713562011719 15 -5.2767128944396973
v 38.519401550292969 12 -5.2767128944396973
v 38.519401550292969 15 -5.2767128944396973
v 38.519401550292969 12 -2.7054316997528076
v 38.519401550292969 15 -2.7054316997528076
v 36.899143218994141 12 -2.7054316997528076
v 36.899143218994141 15 -2.7054316997528076
v 36.899143218994141 12 0.24828717112541199
v 36.899143218994141 15 0.24828717112541199
f 1275 1273 1271 1269 1267 1265
f 1276 1266 1268 1270 1272 1274
f 1266 1265 1267 1268
f 1268 1267 1269 1270
f 1270 1269 1271 1272
f 1272 1271 1273 1274
f 1274 1273 1275 1276
f 1276 1275 1265 1266
g bathroom_5_24
v 38.519401550292969 12 -3.8461496829986572
v 38.519401550292969 15 -3.8461496829986572
v 38.519401550292969 12 -5.2767128944396973
v 38.519401550292969 15 -5.2767128944396973
v 36.899143218994141 12 -5.2767128944396973
v 36.899143218994141 15 -5.2767128944396973
v 36.899143218994141 12 -3.8461496829986572
v 36.899143218994141 15 -3.8461496829986572
f 1278 1277 1279 1280
f 1280 1279 1281 1282
f 1282 1281 1283 1284
f 1284 1283 1277 1278
f 1283 1281 1279 1277
f 1284 1278 1280 1282
g bathroom_5_23
v 38.519401550292969 12 -2.7054316997528076
v 38.519401550292969 15 -2.7054316997528076
v 38.519401550292969 12 -3.8461496829986572
v 38.519401550292969 15 -3.8461496829986572
v 36.899143218994141 12 -3.8461496829986572
v 36.899143218994141 15 -3.8461496829986572
v 36.899143218994141 12 -2.7054316997528076
v 36.899143218994141 15 -2.7054316997528076
f 1286 1285 1287 1288
f 1288 1287 1289 1290
f 1290 1289 1291 1292
f 1292 1291 1285 1286
f 1291 1289 1287 1285
f 1292 1286 1288 1290
g balcony_5_22
v 46.325855255126953 12 0.24828717112541199
v 46.325855255126953 15 0.24828717112541199
v 46.325855255126953 12 -1.2475488185882568
v 46.325855255126953 15 -1.2475488185882568
v 43.375858306884766 12 -1.2475488185882568
v 43.375858306884766 15 -1.2475488185882568
v 43.375858306884766 12 0.24828717112541199
v 43.375858306884766 15 0.24828717112541199
f 1294 1293 1295 1296
f 1296 1295 1297 1298
f 1298 1297 1299 1300
f 1300 1299 1293 1294
f 1299 1297 1295 1293
f 1300 1294 1296 1298
g balcony_5_21
v 49.198287963867188 12 0.24828717112541199
v 49.198287963867188 15 0.24828717112541199
v 49.198287963867188 12 -1.2475488185882568
v 49.198287963867188 15 -1.2475488185882568
v 46.325855255126953 12 -1.2475488185882568
v 46.325855255126953 15 -1.2475488185882568
v 46.325855255126953 12 0.24828717112541199
v 46.325855255126953 15 0.24828717112541199
f 1302 1301 1303 1304
f 1304 1303 1305 1306
f 1306 1305 1307 1308
f 1308 1307 1301 1302
f 1307 1305 1303 1301
f 1308 1302 1304 1306
g bedroom_5_20
v 46.325855255126953 12 -1.2475488185882568
v 46.325855255126953 15 -1.2475488185882568
v 46.325855255126953 12 -5.2767128944396973
v 46.325855255126953 15 -5.2767128944396973
v 43.375858306884766 12 -5.2767128944396973
v 43.375858306884766 15 -5.2767128944396973
v 43.375858306884766 12 -1.2475488185882568
v 43.375858306884766 15 -1.2475488185882568
f 1310 1309 1311 1312
f 1312 1311 1313 1314
f 1314 1313 1315 1316
f 1316 1315 1309 1310
f 1315 1313 1311 1309
f 1316 1310 1312 1314
g bathroom_5_19
v 49.198287963867188 12 -6.4900670051574707
v 49.198287963867188 15 -6.4900670051574707
v 49.198287963867188 12 -8.3084068298339844
v 49.198287963867188 15 -8.3084068298339844
v 47.575458526611328 12 -8.3084068298339844
v 47.575458526611328 15 -8.3084068298339844
v 47.575458526611328 12 -6.4900670051574707
v 47.575458526611328 15 -6.4900670051574707
f 1318 1317 1319 1320
f 1320 1319 1321 1322
f 1322 1321 1323 1324
f 1324 1323 1317 1318
f 1323 1321 1319 1317
f 1324 1318 1320 1322
g bedroom_5_18
v 49.198287963867188 12 -8.3084068298339844
v 49.198287963867188 15 -8.3084068298339844
v 49.198287963867188 12 -12.245989799499512
v 49.198287963867188 15 -12.245989799499512
v 45.473285675048828 12 -12.245989799499512
v 45.473285675048828 15 -12.245989799499512
v 45.473285675048828 12 -8.3084068298339844
v 45.473285675048828 15 -8.3084068298339844
f 1326 1325 1327 1328
f 1328 1327 1329 1330
f 1330 1329 1331 1332
f 1332 1331 1325 1326
f 1331 1329 1327 1325
f 1332 1326 1328 1330
g livingroom_5_17
v 30.422430038452148 12 0.24828717112541199
v 30.422430038452148 15 0.24828717112541199
v 33.846572875976562 12 0.24828717112541199
v 33.846572875976562 15 0.24828717112541199
v 33.846572875976562 12 -4.0767130851745605
v 33.846572875976562 15 -4.0767130851745605
v 30.422430038452148 12 -4.0767130851745605
v 30.422430038452148 15 -4.0767130851745605
f 1334 1333 1335 1336
f 1336 1335 1337 1338
f 1338 1337 1339 1340
f 1340 1339 1333 1334
f 1339 1337 1335 1333
f 1340 1334 1336 1338
g corridor_5_16
v 30.422430038452148 12 -4.0767130851745605
v 30.422430038452148 15 -4.0767130851745605
v 33.846572875976562 12 -4.0767130851745605
v 33.846572875976562 15 -4.0767130851745605
v 33.846572875976562 12 -5.2767128944396973
v 33.846572875976562 15 -5.2767128944396973
v 30.422430038452148 12 -5.2767128944396973
v 30.422430038452148 15 -5.2767128944396973
f 1342 1341 1343 1344
f 1344 1343 1345 1346
f 1346 1345 1347 1348
f 1348 1347 1341 1342
f 1347 1345 1343 1341
f 1348 1342 1344 1346
g corridor_5_15
v 32.75 12 -5.2767128944396973
v 32.75 15 -5.2767128944396973
v 36.899143218994141 15 -5.2767128944396973
v 41.048286437988281 12 -5.2767128944396973
v 41.048286437988281 15 -5.2767128944396973
v 36.899143218994141 12 -5.2767128944396973
v 41.048286437988281 12 -6.7982869148254395
v 41.048286437988281 15 -6.7982869148254395
v 38.796573638916016 12 -6.7982869148254395
v 38.796573638916016 15 -6.7982869148254395
v 38.796573638916016 12 -7.0050110816955566
v 38.796573638916016 15 -7.0050110816955566
v 35.001712799072266 12 -7.0050110816955566
v 35.001712799072266 15 -7.0050110816955566
v 35.001712799072266 12 -6.7982869148254395
v 35.001712799072266 15 -6.7982869148254395
v 32.75 12 -6.7982869148254395
v 32.75 15 -6.7982869148254395
f 1350 1349 1354 1352 1353 1351
f 1349 1365 1363 1361 1359 1357 1355 1352 1354
f 1364 1366 1350 1351 1353 1356 1358 1360 1362
f 1353 1352 1355 1356
f 1356 1355 1357 1358
f 1358 1357 1359 1360
f 1360 1359 1361 1362
f 1362 1361 1363 1364
f 1364 1363 1365 1366
f 1366 1365 1349 1350
g corridor_5_14
v 26.222827911376953 12 -5.2767128944396973
v 26.222827911376953 15 -5.2767128944396973
v 32.75 12 -5.2767128944396973
v 32.75 15 -5.2767128944396973
v 32.75 12 -6.7982869148254395
v 32.75 15 -6.7982869148254395
v 28.32499885559082 12 -6.7982869148254395
v 28.32499885559082 15 -6.7982869148254395
v 28.32499885559082 12 -8.3084068298339844
v 28.32499885559082 15 -8.3084068298339844
v 26.222827911376953 12 -8.3084068298339844
v 26.222827911376953 15 -8.3084068298339844
f 1375 1373 1371 1369 1367 1377
f 1376 1378 1368 1370 1372 1374
f 1368 1367 1369 1370
f 1370 1369 1371 1372
f 1372 1371 1373 1374
f 1374 1373 1375 1376
f 1376 1375 1377 1378
f 1378 1377 1367 1368
g bathroom_5_13
v 24.600000381469727 12 -5.2767128944396973
v 24.600000381469727 15 -5.2767128944396973
v 26.222827911376953 12 -5.2767128944396973
v 26.222827911376953 15 -5.2767128944396973
v 26.222827911376953 12 -6.4900670051574707
v 26.222827911376953 15 -6.4900670051574707
v 24.600000381469727 12 -6.4900670051574707
v 24.600000381469727 15 -6.4900670051574707
f 1380 1379 1381 1382
f 1382 1381 1383 1384
f 1384 1383 1385 1386
f 1386 1385 1379 1380
f 1385 1383 1381 1379
f 1386 1380 1382 1384
g bedroom_5_12
v 24.600000381469727 12 -1.2475488185882568
v 24.600000381469727 15 -1.2475488185882568
v 27.472431182861328 12 -1.2475488185882568
v 27.472431182861328 15 -1.2475488185882568
v 27.472431182861328 12 -5.2767128944396973
v 27.472431182861328 15 -5.2767128944396973
v 24.600000381469727 12 -5.2767128944396973
v 24.600000381469727 15 -5.2767128944396973
f 1388 1387 1389 1390
f 1390 1389 1391 1392
f 1392 1391 1393 1394
f 1394 1393 1387 1388
f 1393 1391 1389 1387
f 1394 1388 1390 1392
g livingroom_5_11
v 28.32499885559082 12 -6.7982869148254395
v 28.32499885559082 15 -6.7982869148254395
v 31.727569580078125 12 -6.7982869148254395
v 31.727569580078125 15 -6.7982869148254395
v 31.727569580078125 12 -12.245989799499512
v 31.727569580078125 15 -12.245989799499512
v 28.32499885559082 12 -12.245989799499512
v 28.32499885559082 15 -12.245989799499512
f 1396 1395 1397 1398
f 1398 1397 1399 1400
f 1400 1399 1401 1402
f 1402 1401 1395 1396
f 1401 1399 1397 1395
f 1402 1396 1398 1400
g kitchen_5_10
v 31.727569580078125 12 -6.7982869148254395
v 31.727569580078125 15 -6.7982869148254395
v 32.949794769287109 12 -6.7982869148254395
v 32.949794769287109 15 -6.7982869148254395
v 32.949794769287109 12 -8.0734529495239258
v 32.949794769287109 15 -8.0734529495239258
v 35.001712799072266 12 -8.0734529495239258
v 35.001712799072266 15 -8.0734529495239258
v 35.001712799072266 12 -12.245989799499512
v 35.001712799072266 15 -12.245989799499512
v 31.727569580078125 12 -12.245989799499512
v 31.727569580078125 15 -12.245989799499512
f 1403 1413 1411 1409 1407 1405
f 1414 1404 1406 1408 1410 1412
f 1404 1403 1405 1406
f 1406 1405 1407 1408
f 1408 1407 1409 1410
f 1410 1409 1411 1412
f 1412 1411 1413 1414
f 1414 1413 1403 1404
g storeroom_5_9
v 32.949794769287109 12 -6.7982869148254395
v 32.949794769287109 15 -6.7982869148254395
v 35.001712799072266 12 -6.7982869148254395
v 35.001712799072266 15 -6.7982869148254395
v 35.001712799072266 12 -8.0734529495239258
v 35.001712799072266 15 -8.0734529495239258
v 32.949794769287109 12 -8.0734529495239258
v 32.949794769287109 15 -8.0734529495239258
f 1416 1415 1417 1418
f 1418 1417 1419 1420
f 1420 1419 1421 1422
f 1422 1421 1415 1416
f 1421 1419 1417 1415
f 1422 1416 1418 1420
g kitchen_5_8
v 33.846572875976562 12 0.24828717112541199
v 33.846572875976562 15 0.24828717112541199
v 36.899143218994141 12 0.24828717112541199
v 36.899143218994141 15 0.24828717112541199
v 36.899143218994141 12 -2.7054316997528076
v 36.899143218994141 15 -2.7054316997528076
v 35.278884887695312 12 -2.7054316997528076
v 35.278884887695312 15 -2.7054316997528076
v 35.278884887695312 12 -5.2767128944396973
v 35.278884887695312 15 -5.2767128944396973
v 33.846572875976562 12 -5.2767128944396973
v 33.846572875976562 15 -5.2767128944396973
f 1423 1433 1431 1429 1427 1425
f 1434 1424 1426 1428 1430 1432
f 1424 1423 1425 1426
f 1426 1425 1427 1428
f 1428 1427 1429 1430
f 1430 1429 1431 1432
f 1432 1431 1433 1434
f 1434 1433 1423 1424
g bathroom_5_7
v 35.278884887695312 12 -3.8461496829986572
v 35.278884887695312 15 -3.8461496829986572
v 36.899143218994141 12 -3.8461496829986572
v 36.899143218994141 15 -3.8461496829986572
v 36.899143218994141 12 -5.2767128944396973
v 36.899143218994141 15 -5.2767128944396973
v 35.278884887695312 12 -5.2767128944396973
v 35.278884887695312 15 -5.2767128944396973
f 1436 1435 1437 1438
f 1438 1437 1439 1440
f 1440 1439 1441 1442
f 1442 1441 1435 1436
f 1441 1439 1437 1435
f 1442 1436 1438 1440
g bathroom_5_6
v 35.278884887695312 12 -2.7054316997528076
v 35.278884887695312 15 -2.7054316997528076
v 36.899143218994141 12 -2.7054316997528076
v 36.899143218994141 15 -2.7054316997528076
v 36.899143218994141 12 -3.8461496829986572
v 36.899143218994141 15 -3.8461496829986572
v 35.278884887695312 12 -3.8461496829986572
v 35.278884887695312 15 -3.8461496829986572
f 1444 1443 1445 1446
f 1446 1445 1447 1448
f 1448 1447 1449 1450
f 1450 1449 1443 1444
f 1449 1447 1445 1443
f 1450 1444 1446 1448
g balcony_5_5
v 27.472431182861328 12 0.24828717112541199
v 27.472431182861328 15 0.24828717112541199
v 30.422430038452148 12 0.24828717112541199
v 30.422430038452148 15 0.24828717112541199
v 30.422430038452148 12 -1.2475488185882568
v 30.422430038452148 15 -1.2475488185882568
v 27.472431182861328 12 -1.2475488185882568
v 27.472431182861328 15 -1.2475488185882568
f 1452 1451 1453 1454
f 1454 1453 1455 1456
f 1456 1455 1457 1458
f 1458 1457 1451 1452
f 1457 1455 1453 1451
f 1458 1452 1454 1456
g balcony_5_4
v 24.600000381469727 12 0.24828717112541199
v 24.600000381469727 15 0.24828717112541199
v 27.472431182861328 12 0.24828717112541199
v 27.472431182861328 15 0.24828717112541199
v 27.472431182861328 12 -1.2475488185882568
v 27.472431182861328 15 -1.2475488185882568
v 24.600000381469727 12 -1.2475488185882568
v 24.600000381469727 15 -1.2475488185882568
f 1460 1459 1461 1462
f 1462 1461 1463 1464
f 1464 1463 1465 1466
f 1466 1465 1459 1460
f 1465 1463 1461 1459
f 1466 1460 1462 1464
g bedroom_5_3
v 27.472431182861328 12 -1.2475488185882568
v 27.472431182861328 15 -1.2475488185882568
v 30.422430038452148 12 -1.2475488185882568
v 30.422430038452148 15 -1.2475488185882568
v 30.422430038452148 12 -5.2767128944396973
v 30.422430038452148 15 -5.2767128944396973
v 27.472431182861328 12 -5.2767128944396973
v 27.472431182861328 15 -5.2767128944396973
f 1468 1467 1469 1470
f 1470 1469 1471 1472
f 1472 1471 1473 1474
f 1474 1473 1467 1468
f 1473 1471 1469 1467
f 1474 1468 1470 1472
g bathroom_5_2
v 24.600000381469727 12 -6.4900670051574707
v 24.600000381469727 15 -6.4900670051574707
v 26.222827911376953 12 -6.4900670051574707
v 26.222827911376953 15 -6.4900670051574707
v 26.222827911376953 12 -8.3084068298339844
v 26.222827911376953 15 -8.3084068298339844
v 24.600000381469727 12 -8.3084068298339844
v 24.600000381469727 15 -8.3084068298339844
f 1476 1475 1477 1478
f 1478 1477 1479 1480
f 1480 1479 1481 1482
f 1482 1481 1475 1476
f 1481 1479 1477 1475
f 1482 1476 1478 1480
g bedroom_5_1
v 24.600000381469727 12 -8.3084068298339844
v 24.600000381469727 15 -8.3084068298339844
v 28.32499885559082 12 -8.3084068298339844
v 28.32499885559082 15 -8.3084068298339844
v 28.32499885559082 12 -12.245989799499512
v 28.32499885559082 15 -12.245989799499512
v 24.600000381469727 12 -12.245989799499512
v 24.600000381469727 15 -12.245989799499512
f 1484 1483 1485 1486
f 1486 1485 1487 1488
f 1488 1487 1489 1490
f 1490 1489 1483 1484
f 1489 1487 1485 1483
f 1490 1484 1486 1488
g livingroom_4_33
v 43.375858306884766 9 0.24828717112541199
v 43.375858306884766 12 0.24828717112541199
v 43.375858306884766 9 -4.0767130851745605
v 43.375858306884766 12 -4.0767130851745605
v 39.951713562011719 9 -4.0767130851745605
v 39.951713562011719 12 -4.0767130851745605
v 39.951713562011719 9 0.24828717112541199
v 39.951713562011719 12 0.24828717112541199
f 1492 1491 1493 1494
f 1494 1493 1495 1496
f 1496 1495 1497 1498
f 1498 1497 1491 1492
f 1497 1495 1493 1491
f 1498 1492 1494 1496
g corridor_4_32
v 43.375858306884766 9 -4.0767130851745605
v 43.375858306884766 12 -4.0767130851745605
v 43.375858306884766 9 -5.2767128944396973
v 43.375858306884766 12 -5.2767128944396973
v 39.951713562011719 9 -5.2767128944396973
v 39.951713562011719 12 -5.2767128944396973
v 39.951713562011719 9 -4.0767130851745605
v 39.951713562011719 12 -4.0767130851745605
f 1500 1499 1501 1502
f 1502 1501 1503 1504
f 1504 1503 1505 1506
f 1506 1505 1499 1500
f 1505 1503 1501 1499
f 1506 1500 1502 1504
g corridor_4_31
v 47.575458526611328 9 -5.2767128944396973
v 47.575458526611328 12 -5.2767128944396973
v 47.575458526611328 9 -8.3084068298339844
v 47.575458526611328 12 -8.3084068298339844
v 45.473285675048828 9 -8.3084068298339844
v 45.473285675048828 12 -8.3084068298339844
v 45.473285675048828 9 -6.7982869148254395
v 45.473285675048828 12 -6.7982869148254395
v 41.048286437988281 9 -6.7982869148254395
v 41.048286437988281 12 -6.7982869148254395
v 41.048286437988281 9 -5.2767128944396973
v 41.048286437988281 12 -5.2767128944396973
f 1517 1515 1513 1511 1509 1507
f 1518 1508 1510 1512 1514 1516
f 1508 1507 1509 1510
f 1510 1509 1511 1512
f 1512 1511 1513 1514
f 1514 1513 1515 1516
f 1516 1515 1517 1518
f 1518 1517 1507 1508
g bathroom_4_30
v 49.198287963867188 9 -5.2767128944396973
v 49.198287963867188 12 -5.2767128944396973
v 49.198287963867188 9 -6.4900670051574707
v 49.198287963867188 12 -6.4900670051574707
v 47.575458526611328 9 -6.4900670051574707
v 47.575458526611328 12 -6.4900670051574707
v 47.575458526611328 9 -5.2767128944396973
v 47.575458526611328 12 -5.2767128944396973
f 1520 1519 1521 1522
f 1522 1521 1523 1524
f 1524 1523 1525 1526
f 1526 1525 1519 1520
f 1525 1523 1521 1519
f 1526 1520 1522 1524
g bedroom_4_29
v 49.198287963867188 9 -1.2475488185882568
v 49.198287963867188 12 -1.2475488185882568
v 49.198287963867188 9 -5.2767128944396973
v 49.198287963867188 12 -5.2767128944396973
v 46.325855255126953 9 -5.2767128944396973
v 46.325855255126953 12 -5.2767128944396973
v 46.325855255126953 9 -1.2475488185882568
v 46.325855255126953 12 -1.2475488185882568
f 1528 1527 1529 1530
f 1530 1529 1531 1532
f 1532 1531 1533 1534
f 1534 1533 1527 1528
f 1533 1531 1529 1527
f 1534 1528 1530 1532
g livingroom_4_28
v 45.473285675048828 9 -6.7982869148254395
v 45.473285675048828 12 -6.7982869148254395
v 45.473285675048828 9 -12.245989799499512
v 45.473285675048828 12 -12.245989799499512
v 42.070716857910156 9 -12.245989799499512
v 42.070716857910156 12 -12.245989799499512
v 42.070716857910156 9 -6.7982869148254395
v 42.070716857910156 12 -6.7982869148254395
f 1536 1535 1537 1538
f 1538 1537 1539 1540
f 1540 1539 1541 1542
f 1542 1541 1535 1536
f 1541 1539 1537 1535
f 1542 1536 1538 1540
g kitchen_4_27
v 42.070716857910156 9 -6.7982869148254395
v 42.070716857910156 12 -6.7982869148254395
v 42.070716857910156 9 -12.245989799499512
v 42.070716857910156 12 -12.245989799499512
v 38.796573638916016 9 -12.245989799499512
v 38.796573638916016 12 -12.245989799499512
v 38.796573638916016 9 -8.0734529495239258
v 38.796573638916016 12 -8.0734529495239258
v 40.848491668701172 9 -8.0734529495239258
v 40.848491668701172 12 -8.0734529495239258
v 40.848491668701172 9 -6.7982869148254395
v 40.848491668701172 12 -6.7982869148254395
f 1553 1551 1549 1547 1545 1543
f 1554 1544 1546 1548 1550 1552
f 1544 1543 1545 1546
f 1546 1545 1547 1548
f 1548 1547 1549 1550
f 1550 1549 1551 1552
f 1552 1551 1553 1554
f 1554 1553 1543 1544
g storeroom_4_26
v 40.848491668701172 9 -6.7982869148254395
v 40.848491668701172 12 -6.7982869148254395
v 40.848491668701172 9 -8.0734529495239258
v 40.848491668701172 12 -8.0734529495239258
v 38.796573638916016 9 -8.0734529495239258
v 38.796573638916016 12 -8.0734529495239258
v 38.796573638916016 9 -6.7982869148254395
v 38.796573638916016 12 -6.7982869148254395
f 1556 1555 1557 1558
f 1558 1557 1559 1560
f 1560 1559 1561 1562
f 1562 1561 1555 1556
f 1561 1559 1557 1555
f 1562 1556 1558 1560
g kitchen_4_25
v 39.951713562011719 9 0.24828717112541199
v 39.951713562011719 12 0.24828717112541199
v 39.951713562011719 9 -5.2767128944396973
v 39.951713562011719 12 -5.2767128944396973
v 38.519401550292969 9 -5.2767128944396973
v 38.519401550292969 12 -5.2767128944396973
v 38.519401550292969 9 -2.7054316997528076
v 38.519401550292969 12 -2.7054316997528076
v 36.899143218994141 9 -2.7054316997528076
v 36.899143218994141 12 -2.7054316997528076
v 36.899143218994141 9 0.24828717112541199
v 36.899143218994141 12 0.24828717112541199
f 1573 1571 1569 1567 1565 1563
f 1574 1564 1566 1568 1570 1572
f 1564 1563 1565 1566
f 1566 1565 1567 1568
f 1568 1567 1569 1570
f 1570 1569 1571 1572
f 1572 1571 1573 1574
f 1574 1573 1563 1564
g bathroom_4_24
v 38.519401550292969 9 -3.8461496829986572
v 38.519401550292969 12 -3.8461496829986572
v 38.519401550292969 9 -5.2767128944396973
v 38.519401550292969 12 -5.2767128944396973
v 36.899143218994141 9 -5.2767128944396973
v 36.899143218994141 12 -5.2767128944396973
v 36.899143218994141 9 -3.8461496829986572
v 36.899143218994141 12 -3.8461496829986572
f 1576 1575 1577 1578
f 1578 1577 1579 1580
f 1580 1579 1581 1582
f 1582 1581 1575 1576
f 1581 1579 1577 1575
f 1582 1576 1578 1580
g bathroom_4_23
v 38.519401550292969 9 -2.7054316997528076
v 38.519401550292969 12 -2.7054316997528076
v 38.519401550292969 9 -3.8461496829986572
v 38.519401550292969 12 -3.8461496829986572
v 36.899143218994141 9 -3.8461496829986572
v 36.899143218994141 12 -3.8461496829986572
v 36.899143218994141 9 -2.7054316997528076
v 36.899143218994141 12 -2.7054316997528076
f 1584 1583 1585 1586
f 1586 1585 1587 1588
f 1588 1587 1589 1590
f 1590 1589 1583 1584
f 1589 1587 1585 1583
f 1590 1584 1586 1588
g balcony_4_22
v 46.325855255126953 9 0.24828717112541199
v 46.325855255126953 12 0.24828717112541199
v 46.325855255126953 9 -1.2475488185882568
v 46.325855255126953 12 -1.2475488185882568
v 43.375858306884766 9 -1.2475488185882568
v 43.375858306884766 12 -1.2475488185882568
v 43.375858306884766 9 0.24828717112541199
v 43.375858306884766 12 0.24828717112541199
f 1592 1591 1593 1594
f 1594 1593 1595 1596
f 1596 1595 1597 1598
f 1598 1597 1591 1592
f 1597 1595 1593 1591
f 1598 1592 1594 1596
g balcony_4_21
v 49.198287963867188 9 0.24828717112541199
v 49.198287963867188 12 0.24828717112541199
v 49.198287963867188 9 -1.2475488185882568
v 49.198287963867188 12 -1.2475488185882568
v 46.325855255126953 9 -1.2475488185882568
v 46.325855255126953 12 -1.2475488185882568
v 46.325855255126953 9 0.24828717112541199
v 46.325855255126953 12 0.24828717112541199
f 1600 1599 1601 1602
f 1602 1601 1603 1604
f 1604 1603 1605 1606
f 1606 1605 1599 1600
f 1605 1603 1601 1599
f 1606 1600 1602 1604
g bedroom_4_20
v 46.325855255126953 9 -1.2475488185882568
v 46.325855255126953 12 -1.2475488185882568
v 46.325855255126953 9 -5.2767128944396973
v 46.325855255126953 12 -5.2767128944396973
v 43.375858306884766 9 -5.2767128944396973
v 43.375858306884766 12 -5.2767128944396973
v 43.375858306884766 9 -1.2475488185882568
v 43.375858306884766 12 -1.2475488185882568
f 1608 1607 1609 1610
f 1610 1609 1611 1612
f 1612 1611 1613 1614
f 1614 1613 1607 1608
f 1613 1611 1609 1607
f 1614 1608 1610 1612
g bathroom_4_19
v 49.198287963867188 9 -6.4900670051574707
v 49.198287963867188 12 -6.4900670051574707
v 49.198287963867188 9 -8.3084068298339844
v 49.198287963867188 12 -8.3084068298339844
v 47.575458526611328 9 -8.3084068298339844
v 47.575458526611328 12 -8.3084068298339844
v 47.575458526611328 9 -6.4900670051574707
v 47.575458526611328 12 -6.4900670051574707
f 1616 1615 1617 1618
f 1618 1617 1619 1620
f 1620 1619 1621 1622
f 1622 1621 1615 1616
f 1621 1619 1617 1615
f 1622 1616 1618 1620
g bedroom_4_18
v 49.198287963867188 9 -8.3084068298339844
v 49.198287963867188 12 -8.3084068298339844
v 49.198287963867188 9 -12.245989799499512
v 49.198287963867188 12 -12.245989799499512
v 45.473285675048828 9 -12.245989799499512
v 45.473285675048828 12 -12.245989799499512
v 45.473285675048828 9 -8.3084068298339844
v 45.473285675048828 12 -8.3084068298339844
f 1624 1623 1625 1626
f 1626 1625 1627 1628
f 1628 1627 1629 1630
f 1630 1629 1623 1624
f 1629 1627 1625 1623
f 1630 1624 1626 1628
g livingroom_4_17
v 30.422430038452148 9 0.24828717112541199
v 30.422430038452148 12 0.24828717112541199
v 33.846572875976562 9 0.24828717112541199
v 33.846572875976562 12 0.24828717112541199
v 33.846572875976562 9 -4.0767130851745605
v 33.846572875976562 12 -4.0767130851745605
v 30.422430038452148 9 -4.0767130851745605
v 30.422430038452148 12 -4.0767130851745605
f 1632 1631 1633 1634
f 1634 1633 1635 1636
f 1636 1635 1637 1638
f 1638 1637 1631 1632
f 1637 1635 1633 1631
f 1638 1632 1634 1636
g corridor_4_16
v 30.422430038452148 9 -4.0767130851745605
v 30.422430038452148 12 -4.0767130851745605
v 33.846572875976562 9 -4.0767130851745605
v 33.846572875976562 12 -4.0767130851745605
v 33.846572875976562 9 -5.2767128944396973
v 33.846572875976562 12 -5.2767128944396973
v 30.422430038452148 9 -5.2767128944396973
v 30.422430038452148 12 -5.2767128944396973
f 1640 1639 1641 1642
f 1642 1641 1643 1644
f 1644 1643 1645 1646
f 1646 1645 1639 1640
f 1645 1643 1641 1639
f 1646 1640 1642 1644
g corridor_4_15
v 32.75 9 -5.2767128944396973
v 32.75 12 -5.2767128944396973
v 36.899143218994141 12 -5.2767128944396973
v 41.048286437988281 9 -5.2767128944396973
v 41.048286437988281 12 -5.2767128944396973
v 36.899143218994141 9 -5.2767128944396973
v 41.048286437988281 9 -6.7982869148254395
v 41.048286437988281 12 -6.7982869148254395
v 38.796573638916016 9 -6.7982869148254395
v 38.796573638916016 12 -6.7982869148254395
v 38.796573638916016 9 -7.0050110816955566
v 38.796573638916016 12 -7.0050110816955566
v 35.001712799072266 9 -7.0050110816955566
v 35.001712799072266 12 -7.0050110816955566
v 35.001712799072266 9 -6.7982869148254395
v 35.001712799072266 12 -6.7982869148254395
v 32.75 9 -6.7982869148254395
v 32.75 12 -6.7982869148254395
f 1648 1647 1652 1650 1651 1649
f 1647 1663 1661 1659 1657 1655 1653 1650 1652
f 1662 1664 1648 1649 1651 1654 1656 1658 1660
f 1651 1650 1653 1654
f 1654 1653 1655 1656
f 1656 1655 1657 1658
f 1658 1657 1659 1660
f 1660 1659 1661 1662
f 1662 1661 1663 1664
f 1664 1663 1647 1648
g corridor_4_14
v 26.222827911376953 9 -5.2767128944396973
v 26.222827911376953 12 -5.2767128944396973
v 32.75 9 -5.2767128944396973
v 32.75 12 -5.2767128944396973
v 32.75 9 -6.7982869148254395
v 32.75 12 -6.7982869148254395
v 28.32499885559082 9 -6.7982869148254395
v 28.32499885559082 12 -6.7982869148254395
v 28.32499885559082 9 -8.3084068298339844
v 28.32499885559082 12 -8.3084068298339844
v 26.222827911376953 9 -8.3084068298339844
v 26.222827911376953 12 -8.3084068298339844
f 1673 1671 1669 1667 1665 1675
f 1674 1676 1666 1668 1670 1672
f 1666 1665 1667 1668
f 1668 1667 1669 1670
f 1670 1669 1671 1672
f 1672 1671 1673 1674
f 1674 1673 1675 1676
f 1676 1675 1665 1666
g bathroom_4_13
v 24.600000381469727 9 -5.2767128944396973
v 24.600000381469727 12 -5.2767128944396973
v 26.222827911376953 9 -5.2767128944396973
v 26.222827911376953 12 -5.2767128944396973
v 26.222827911376953 9 -6.4900670051574707
v 26.222827911376953 12 -6.4900670051574707
v 24.600000381469727 9 -6.4900670051574707
v 24.600000381469727 12 -6.4900670051574707
f 1678 1677 1679 1680
f 1680 1679 1681 1682
f 1682 1681 1683 1684
f 1684 1683 1677 1678
f 1683 1681 1679 1677
f 1684 1678 1680 1682
g bedroom_4_12
v 24.600000381469727 9 -1.2475488185882568
v 24.600000381469727 12 -1.2475488185882568
v 27.472431182861328 9 -1.2475488185882568
v 27.472431182861328 12 -1.2475488185882568
v 27.472431182861328 9 -5.2767128944396973
v 27.472431182861328 12 -5.2767128944396973
v 24.600000381469727 9 -5.2767128944396973
v 24.600000381469727 12 -5.2767128944396973
f 1686 1685 1687 1688
f 1688 1687 1689 1690
f 1690 1689 1691 1692
f 1692 1691 1685 1686
f 1691 1689 1687 1685
f 1692 1686 1688 1690
g livingroom_4_11
v 28.32499885559082 9 -6.7982869148254395
v 28.32499885559082 12 -6.7982869148254395
v 31.727569580078125 9 -6.7982869148254395
v 31.727569580078125 12 -6.7982869148254395
v 31.727569580078125 9 -12.245989799499512
v 31.727569580078125 12 -12.245989799499512
v 28.32499885559082 9 -12.245989799499512
v 28.32499885559082 12 -12.245989799499512
f 1694 1693 1695 1696
f 1696 1695 1697 1698
f 1698 1697 1699 1700
f 1700 1699 1693 1694
f 1699 1697 1695 1693
f 1700 1694 1696 1698
g kitchen_4_10
v 31.727569580078125 9 -6.7982869148254395
v 31.727569580078125 12 -6.7982869148254395
v 32.949794769287109 9 -6.7982869148254395
v 32.949794769287109 12 -6.7982869148254395
v 32.949794769287109 9 -8.0734529495239258
v 32.949794769287109 12 -8.0734529495239258
v 35.001712799072266 9 -8.0734529495239258
v 35.001712799072266 12 -8.0734529495239258
v 35.001712799072266 9 -12.245989799499512
v 35.001712799072266 12 -12.245989799499512
v 31.727569580078125 9 -12.245989799499512
v 31.727569580078125 12 -12.245989799499512
f 1701 1711 1709 1707 1705 1703
f 1712 1702 1704 1706 1708 1710
f 1702 1701 1703 1704
f 1704 1703 1705 1706
f 1706 1705 1707 1708
f 1708 1707 1709 1710
f 1710 1709 1711 1712
f 1712 1711 1701 1702
g storeroom_4_9
v 32.949794769287109 9 -6.7982869148254395
v 32.949794769287109 12 -6.7982869148254395
v 35.001712799072266 9 -6.7982869148254395
v 35.001712799072266 12 -6.7982869148254395
v 35.001712799072266 9 -8.0734529495239258
v 35.001712799072266 12 -8.0734529495239258
v 32.949794769287109 9 -8.0734529495239258
v 32.949794769287109 12 -8.0734529495239258
f 1714 1713 1715 1716
f 1716 1715 1717 1718
f 1718 1717 1719 1720
f 1720 1719 1713 1714
f 1719 1717 1715 1713
f 1720 1714 1716 1718
g kitchen_4_8
v 33.846572875976562 9 0.24828717112541199
v 33.846572875976562 12 0.24828717112541199
v 36.899143218994141 9 0.24828717112541199
v 36.899143218994141 12 0.24828717112541199
v 36.899143218994141 9 -2.7054316997528076
v 36.899143218994141 12 -2.7054316997528076
v 35.278884887695312 9 -2.7054316997528076
v 35.278884887695312 12 -2.7054316997528076
v 35.278884887695312 9 -5.2767128944396973
v 35.278884887695312 12 -5.2767128944396973
v 33.846572875976562 9 -5.2767128944396973
v 33.846572875976562 12 -5.2767128944396973
f 1721 1731 1729 1727 1725 1723
f 1732 1722 1724 1726 1728 1730
f 1722 1721 1723 1724
f 1724 1723 1725 1726
f 1726 1725 1727 1728
f 1728 1727 1729 1730
f 1730 1729 1731 1732
f 1732 1731 1721 1722
g bathroom_4_7
v 35.278884887695312 9 -3.8461496829986572
v 35.278884887695312 12 -3.8461496829986572
v 36.899143218994141 9 -3.8461496829986572
v 36.899143218994141 12 -3.8461496829986572
v 36.899143218994141 9 -5.2767128944396973
v 36.899143218994141 12 -5.2767128944396973
v 35.278884887695312 9 -5.2767128944396973
v 35.278884887695312 12 -5.2767128944396973
f 1734 1733 1735 1736
f 1736 1735 1737 1738
f 1738 1737 1739 1740
f 1740 1739 1733 1734
f 1739 1737 1735 1733
f 1740 1734 1736 1738
g bathroom_4_6
v 35.278884887695312 9 -2.7054316997528076
v 35.278884887695312 12 -2.7054316997528076
v 36.899143218994141 9 -2.7054316997528076
v 36.899143218994141 12 -2.7054316997528076
v 36.899143218994141 9 -3.8461496829986572
v 36.899143218994141 12 -3.8461496829986572
v 35.278884887695312 9 -3.8461496829986572
v 35.278884887695312 12 -3.8461496829986572
f 1742 1741 1743 1744
f 1744 1743 1745 1746
f 1746 1745 1747 1748
f 1748 1747 1741 1742
f 1747 1745 1743 1741
f 1748 1742 1744 1746
g balcony_4_5
v 27.472431182861328 9 0.24828717112541199
v 27.472431182861328 12 0.24828717112541199
v 30.422430038452148 9 0.24828717112541199
v 30.422430038452148 12 0.24828717112541199
v 30.422430038452148 9 -1.2475488185882568
v 30.422430038452148 12 -1.2475488185882568
v 27.472431182861328 9 -1.2475488185882568
v 27.472431182861328 12 -1.2475488185882568
f 1750 1749 1751 1752
f 1752 1751 1753 1754
f 1754 1753 1755 1756
f 1756 1755 1749 1750
f 1755 1753 1751 1749
f 1756 1750 1752 1754
g balcony_4_4
v 24.600000381469727 9 0.24828717112541199
v 24.600000381469727 12 0.24828717112541199
v 27.472431182861328 9 0.24828717112541199
v 27.472431182861328 12 0.24828717112541199
v 27.472431182861328 9 -1.2475488185882568
v 27.472431182861328 12 -1.2475488185882568
v 24.600000381469727 9 -1.2475488185882568
v 24.600000381469727 12 -1.2475488185882568
f 1758 1757 1759 1760
f 1760 1759 1761 1762
f 1762 1761 1763 1764
f 1764 1763 1757 1758
f 1763 1761 1759 1757
f 1764 1758 1760 1762
g bedroom_4_3
v 27.472431182861328 9 -1.2475488185882568
v 27.472431182861328 12 -1.2475488185882568
v 30.422430038452148 9 -1.2475488185882568
v 30.422430038452148 12 -1.2475488185882568
v 30.422430038452148 9 -5.2767128944396973
v 30.422430038452148 12 -5.2767128944396973
v 27.472431182861328 9 -5.2767128944396973
v 27.472431182861328 12 -5.2767128944396973
f 1766 1765 1767 1768
f 1768 1767 1769 1770
f 1770 1769 1771 1772
f 1772 1771 1765 1766
f 1771 1769 1767 1765
f 1772 1766 1768 1770
g bathroom_4_2
v 24.600000381469727 9 -6.4900670051574707
v 24.600000381469727 12 -6.4900670051574707
v 26.222827911376953 9 -6.4900670051574707
v 26.222827911376953 12 -6.4900670051574707
v 26.222827911376953 9 -8.3084068298339844
v 26.222827911376953 12 -8.3084068298339844
v 24.600000381469727 9 -8.3084068298339844
v 24.600000381469727 12 -8.3084068298339844
f 1774 1773 1775 1776
f 1776 1775 1777 1778
f 1778 1777 1779 1780
f 1780 1779 1773 1774
f 1779 1777 1775 1773
f 1780 1774 1776 1778
g bedroom_4_1
v 24.600000381469727 9 -8.3084068298339844
v 24.600000381469727 12 -8.3084068298339844
v 28.32499885559082 9 -8.3084068298339844
v 28.32499885559082 12 -8.3084068298339844
v 28.32499885559082 9 -12.245989799499512
v 28.32499885559082 12 -12.245989799499512
v 24.600000381469727 9 -12.245989799499512
v 24.600000381469727 12 -12.245989799499512
f 1782 1781 1783 1784
f 1784 1783 1785 1786
f 1786 1785 1787 1788
f 1788 1787 1781 1782
f 1787 1785 1783 1781
f 1788 1782 1784 1786
g livingroom_3_33
v 43.375858306884766 6 0.24828717112541199
v 43.375858306884766 9 0.24828717112541199
v 43.375858306884766 6 -4.0767130851745605
v 43.375858306884766 9 -4.0767130851745605
v 39.951713562011719 6 -4.0767130851745605
v 39.951713562011719 9 -4.0767130851745605
v 39.951713562011719 6 0.24828717112541199
v 39.951713562011719 9 0.24828717112541199
f 1790 1789 1791 1792
f 1792 1791 1793 1794
f 1794 1793 1795 1796
f 1796 1795 1789 1790
f 1795 1793 1791 1789
f 1796 1790 1792 1794
g corridor_3_32
v 43.375858306884766 6 -4.0767130851745605
v 43.375858306884766 9 -4.0767130851745605
v 43.375858306884766 6 -5.2767128944396973
v 43.375858306884766 9 -5.2767128944396973
v 39.951713562011719 6 -5.2767128944396973
v 39.951713562011719 9 -5.2767128944396973
v 39.951713562011719 6 -4.0767130851745605
v 39.951713562011719 9 -4.0767130851745605
f 1798 1797 1799 1800
f 1800 1799 1801 1802
f 1802 1801 1803 1804
f 1804 1803 1797 1798
f 1803 1801 1799 1797
f 1804 1798 1800 1802
g corridor_3_31
v 47.575458526611328 6 -5.2767128944396973
v 47.575458526611328 9 -5.2767128944396973
v 47.575458526611328 6 -8.3084068298339844
v 47.575458526611328 9 -8.3084068298339844
v 45.473285675048828 6 -8.3084068298339844
v 45.473285675048828 9 -8.3084068298339844
v 45.473285675048828 6 -6.7982869148254395
v 45.473285675048828 9 -6.7982869148254395
v 41.048286437988281 6 -6.7982869148254395
v 41.048286437988281 9 -6.7982869148254395
v 41.048286437988281 6 -5.2767128944396973
v 41.048286437988281 9 -5.2767128944396973
f 1815 1813 1811 1809 1807 1805
f 1816 1806 1808 1810 1812 1814
f 1806 1805 1807 1808
f 1808 1807 1809 1810
f 1810 1809 1811 1812
f 1812 1811 1813 1814
f 1814 1813 1815 1816
f 1816 1815 1805 1806
g bathroom_3_30
v 49.198287963867188 6 -5.2767128944396973
v 49.198287963867188 9 -5.2767128944396973
v 49.198287963867188 6 -6.4900670051574707
v 49.198287963867188 9 -6.4900670051574707
v 47.575458526611328 6 -6.4900670051574707
v 47.575458526611328 9 -6.4900670051574707
v 47.575458526611328 6 -5.2767128944396973
v 47.575458526611328 9 -5.2767128944396973
f 1818 1817 1819 1820
f 1820 1819 1821 1822
f 1822 1821 1823 1824
f 1824 1823 1817 1818
f 1823 1821 1819 1817
f 1824 1818 1820 1822
g bedroom_3_29
v 49.198287963867188 6 -1.2475488185882568
v 49.198287963867188 9 -1.2475488185882568
v 49.198287963867188 6 -5.2767128944396973
v 49.198287963867188 9 -5.2767128944396973
v 46.325855255126953 6 -5.2767128944396973
v 46.325855255126953 9 -5.2767128944396973
v 46.325855255126953 6 -1.2475488185882568
v 46.325855255126953 9 -1.2475488185882568
f 1826 1825 1827 1828
f 1828 1827 1829 1830
f 1830 1829 1831 1832
f 1832 1831 1825 1826
f 1831 1829 1827 1825
f 1832 1826 1828 1830
g livingroom_3_28
v 45.473285675048828 6 -6.7982869148254395
v 45.473285675048828 9 -6.7982869148254395
v 45.473285675048828 6 -12.245989799499512
v 45.473285675048828 9 -12.245989799499512
v 42.070716857910156 6 -12.245989799499512
v 42.070716857910156 9 -12.245989799499512
v 42.070716857910156 6 -6.7982869148254395
v 42.070716857910156 9 -6.7982869148254395
f 1834 1833 1835 1836
f 1836 1835 1837 1838
f 1838 1837 1839 1840
f 1840 1839 1833 1834
f 1839 1837 1835 1833
f 1840 1834 1836 1838
g kitchen_3_27
v 42.070716857910156 6 -6.7982869148254395
v 42.070716857910156 9 -6.7982869148254395
v 42.070716857910156 6 -12.245989799499512
v 42.070716857910156 9 -12.245989799499512
v 38.796573638916016 6 -12.245989799499512
v 38.796573638916016 9 -12.245989799499512
v 38.796573638916016 6 -8.0734529495239258
v 38.796573638916016 9 -8.0734529495239258
v 40.848491668701172 6 -8.0734529495239258
v 40.848491668701172 9 -8.0734529495239258
v 40.848491668701172 6 -6.7982869148254395
v 40.848491668701172 9 -6.7982869148254395
f 1851 1849 1847 1845 1843 1841
f 1852 1842 1844 1846 1848 1850
f 1842 1841 1843 1844
f 1844 1843 1845 1846
f 1846 1845 1847 1848
f 1848 1847 1849 1850
f 1850 1849 1851 1852
f 1852 1851 1841 1842
g storeroom_3_26
v 40.848491668701172 6 -6.7982869148254395
v 40.848491668701172 9 -6.7982869148254395
v 40.848491668701172 6 -8.0734529495239258
v 40.848491668701172 9 -8.0734529495239258
v 38.796573638916016 6 -8.0734529495239258
v 38.796573638916016 9 -8.0734529495239258
v 38.796573638916016 6 -6.7982869148254395
v 38.796573638916016 9 -6.7982869148254395
f 1854 1853 1855 1856
f 1856 1855 1857 1858
f 1858 1857 1859 1860
f 1860 1859 1853 1854
f 1859 1857 1855 1853
f 1860 1854 1856 1858
g kitchen_3_25
v 39.951713562011719 6 0.24828717112541199
v 39.951713562011719 9 0.24828717112541199
v 39.951713562011719 6 -5.2767128944396973
v 39.951713562011719 9 -5.2767128944396973
v 38.519401550292969 6 -5.2767128944396973
v 38.519401550292969 9 -5.2767128944396973
v 38.519401550292969 6 -2.7054316997528076
v 38.519401550292969 9 -2.7054316997528076
v 36.899143218994141 6 -2.7054316997528076
v 36.899143218994141 9 -2.7054316997528076
v 36.899143218994141 6 0.24828717112541199
v 36.899143218994141 9 0.24828717112541199
f 1871 1869 1867 1865 1863 1861
f 1872 1862 1864 1866 1868 1870
f 1862 1861 1863 1864
f 1864 1863 1865 1866
f 1866 1865 1867 1868
f 1868 1867 1869 1870
f 1870 1869 1871 1872
f 1872 1871 1861 1862
g bathroom_3_24
v 38.519401550292969 6 -3.8461496829986572
v 38.519401550292969 9 -3.8461496829986572
v 38.519401550292969 6 -5.2767128944396973
v 38.519401550292969 9 -5.2767128944396973
v 36.899143218994141 6 -5.2767128944396973
v 36.899143218994141 9 -5.2767128944396973
v 36.899143218994141 6 -3.8461496829986572
v 36.899143218994141 9 -3.8461496829986572
f 1874 1873 1875 1876
f 1876 1875 1877 1878
f 1878 1877 1879 1880
f 1880 1879 1873 1874
f 1879 1877 1875 1873
f 1880 1874 1876 1878
g bathroom_3_23
v 38.519401550292969 6 -2.7054316997528076
v 38.519401550292969 9 -2.7054316997528076
v 38.519401550292969 6 -3.8461496829986572
v 38.519401550292969 9 -3.8461496829986572
v 36.899143218994141 6 -3.8461496829986572
v 36.899143218994141 9 -3.8461496829986572
v 36.899143218994141 6 -2.7054316997528076
v 36.899143218994141 9 -2.7054316997528076
f 1882 1881 1883 1884
f 1884 1883 1885 1886
f 1886 1885 1887 1888
f 1888 1887 1881 1882
f 1887 1885 1883 1881
f 1888 1882 1884 1886
g balcony_3_22
v 46.325855255126953 6 0.24828717112541199
v 46.325855255126953 9 0.24828717112541199
v 46.325855255126953 6 -1.2475488185882568
v 46.325855255126953 9 -1.2475488185882568
v 43.375858306884766 6 -1.2475488185882568
v 43.375858306884766 9 -1.2475488185882568
v 43.375858306884766 6 0.24828717112541199
v 43.375858306884766 9 0.24828717112541199
f 1890 1889 1891 1892
f 1892 1891 1893 1894
f 1894 1893 1895 1896
f 1896 1895 1889 1890
f 1895 1893 1891 1889
f 1896 1890 1892 1894
g balcony_3_21
v 49.198287963867188 6 0.24828717112541199
v 49.198287963867188 9 0.24828717112541199
v 49.198287963867188 6 -1.2475488185882568
v 49.198287963867188 9 -1.2475488185882568
v 46.325855255126953 6 -1.2475488185882568
v 46.325855255126953 9 -1.2475488185882568
v 46.325855255126953 6 0.24828717112541199
v 46.325855255126953 9 0.24828717112541199
f 1898 1897 1899 1900
f 1900 1899 1901 1902
f 1902 1901 1903 1904
f 1904 1903 1897 1898
f 1903 1901 1899 1897
f 1904 1898 1900 1902
g bedroom_3_20
v 46.325855255126953 6 -1.2475488185882568
v 46.325855255126953 9 -1.2475488185882568
v 46.325855255126953 6 -5.2767128944396973
v 46.325855255126953 9 -5.2767128944396973
v 43.375858306884766 6 -5.2767128944396973
v 43.375858306884766 9 -5.2767128944396973
v 43.375858306884766 6 -1.2475488185882568
v 43.375858306884766 9 -1.2475488185882568
f 1906 1905 1907 1908
f 1908 1907 1909 1910
f 1910 1909 1911 1912
f 1912 1911 1905 1906
f 1911 1909 1907 1905
f 1912 1906 1908 1910
g bathroom_3_19
v 49.198287963867188 6 -6.4900670051574707
v 49.198287963867188 9 -6.4900670051574707
v 49.198287963867188 6 -8.3084068298339844
v 49.198287963867188 9 -8.3084068298339844
v 47.575458526611328 6 -8.3084068298339844
v 47.575458526611328 9 -8.3084068298339844
v 47.575458526611328 6 -6.4900670051574707
v 47.575458526611328 9 -6.4900670051574707
f 1914 1913 1915 1916
f 1916 1915 1917 1918
f 1918 1917 1919 1920
f 1920 1919 1913 1914
f 1919 1917 1915 1913
f 1920 1914 1916 1918
g bedroom_3_18
v 49.198287963867188 6 -8.3084068298339844
v 49.198287963867188 9 -8.3084068298339844
v 49.198287963867188 6 -12.245989799499512
v 49.198287963867188 9 -12.245989799499512
v 45.473285675048828 6 -12.245989799499512
v 45.473285675048828 9 -12.245989799499512
v 45.473285675048828 6 -8.3084068298339844
v 45.473285675048828 9 -8.3084068298339844
f 1922 1921 1923 1924
f 1924 1923 1925 1926
f 1926 1925 1927 1928
f 1928 1927 1921 1922
f 1927 1925 1923 1921
f 1928 1922 1924 1926
g livingroom_3_17
v 30.422430038452148 6 0.24828717112541199
v 30.422430038452148 9 0.24828717112541199
v 33.846572875976562 6 0.24828717112541199
v 33.846572875976562 9 0.24828717112541199
v 33.846572875976562 6 -4.0767130851745605
v 33.846572875976562 9 -4.0767130851745605
v 30.422430038452148 6 -4.0767130851745605
v 30.422430038452148 9 -4.0767130851745605
f 1930 1929 1931 1932
f 1932 1931 1933 1934
f 1934 1933 1935 1936
f 1936 1935 1929 1930
f 1935 1933 1931 1929
f 1936 1930 1932 1934
g corridor_3_16
v 30.422430038452148 6 -4.0767130851745605
v 30.422430038452148 9 -4.0767130851745605
v 33.846572875976562 6 -4.0767130851745605
v 33.846572875976562 9 -4.0767130851745605
v 33.846572875976562 6 -5.2767128944396973
v 33.846572875976562 9 -5.2767128944396973
v 30.422430038452148 6 -5.2767128944396973
v 30.422430038452148 9 -5.2767128944396973
f 1938 1937 1939 1940
f 1940 1939 1941 1942
f 1942 1941 1943 1944
f 1944 1943 1937 1938
f 1943 1941 1939 1937
f 1944 1938 1940 1942
g corridor_3_15
v 32.75 6 -5.2767128944396973
v 32.75 9 -5.2767128944396973
v 36.899143218994141 9 -5.2767128944396973
v 41.048286437988281 6 -5.2767128944396973
v 41.048286437988281 9 -5.2767128944396973
v 36.899143218994141 6 -5.2767128944396973
v 41.048286437988281 6 -6.7982869148254395
v 41.048286437988281 9 -6.7982869148254395
v 38.796573638916016 6 -6.7982869148254395
v 38.796573638916016 9 -6.7982869148254395
v 38.796573638916016 6 -7.0050110816955566
v 38.796573638916016 9 -7.0050110816955566
v 35.001712799072266 6 -7.0050110816955566
v 35.001712799072266 9 -7.0050110816955566
v 35.001712799072266 6 -6.7982869148254395
v 35.001712799072266 9 -6.7982869148254395
v 32.75 6 -6.7982869148254395
v 32.75 9 -6.7982869148254395
f 1946 1945 1950 1948 1949 1947
f 1945 1961 1959 1957 1955 1953 1951 1948 1950
f 1960 1962 1946 1947 1949 1952 1954 1956 1958
f 1949 1948 1951 1952
f 1952 1951 1953 1954
f 1954 1953 1955 1956
f 1956 1955 1957 1958
f 1958 1957 1959 1960
f 1960 1959 1961 1962
f 1962 1961 1945 1946
g corridor_3_14
v 26.222827911376953 6 -5.2767128944396973
v 26.222827911376953 9 -5.2767128944396973
v 32.75 6 -5.2767128944396973
v 32.75 9 -5.2767128944396973
v 32.75 6 -6.7982869148254395
v 32.75 9 -6.7982869148254395
v 28.32499885559082 6 -6.7982869148254395
v 28.32499885559082 9 -6.7982869148254395
v 28.32499885559082 6 -8.3084068298339844
v 28.32499885559082 9 -8.3084068298339844
v 26.222827911376953 6 -8.3084068298339844
v 26.222827911376953 9 -8.3084068298339844
f 1971 1969 1967 1965 1963 1973
f 1972 1974 1964 1966 1968 1970
f 1964 1963 1965 1966
f 1966 1965 1967 1968
f 1968 1967 1969 1970
f 1970 1969 1971 1972
f 1972 1971 1973 1974
f 1974 1973 1963 1964
g bathroom_3_13
v 24.600000381469727 6 -5.2767128944396973
v 24.600000381469727 9 -5.2767128944396973
v 26.222827911376953 6 -5.2767128944396973
v 26.222827911376953 9 -5.2767128944396973
v 26.222827911376953 6 -6.4900670051574707
v 26.222827911376953 9 -6.4900670051574707
v 24.600000381469727 6 -6.4900670051574707
v 24.600000381469727 9 -6.4900670051574707
f 1976 1975 1977 1978
f 1978 1977 1979 1980
f 1980 1979 1981 1982
f 1982 1981 1975 1976
f 1981 1979 1977 1975
f 1982 1976 1978 1980
g bedroom_3_12
v 24.600000381469727 6 -1.2475488185882568
v 24.600000381469727 9 -1.2475488185882568
v 27.472431182861328 6 -1.2475488185882568
v 27.472431182861328 9 -1.2475488185882568
v 27.472431182861328 6 -5.2767128944396973
v 27.472431182861328 9 -5.2767128944396973
v 24.600000381469727 6 -5.2767128944396973
v 24.600000381469727 9 -5.2767128944396973
f 1984 1983 1985 1986
f 1986 1985 1987 1988
f 1988 1987 1989 1990
f 1990 1989 1983 1984
f 1989 1987 1985 1983
f 1990 1984 1986 1988
g livingroom_3_11
v 28.32499885559082 6 -6.7982869148254395
v 28.32499885559082 9 -6.7982869148254395
v 31.727569580078125 6 -6.7982869148254395
v 31.727569580078125 9 -6.7982869148254395
v 31.727569580078125 6 -12.245989799499512
v 31.727569580078125 9 -12.245989799499512
v 28.32499885559082 6 -12.245989799499512
v 28.32499885559082 9 -12.245989799499512
f 1992 1991 1993 1994
f 1994 1993 1995 1996
f 1996 1995 1997 1998
f 1998 1997 1991 1992
f 1997 1995 1993 1991
f 1998 1992 1994 1996
g kitchen_3_10
v 31.727569580078125 6 -6.7982869148254395
v 31.727569580078125 9 -6.7982869148254395
v 32.949794769287109 6 -6.7982869148254395
v 32.949794769287109 9 -6.7982869148254395
v 32.949794769287109 6 -8.0734529495239258
v 32.949794769287109 9 -8.0734529495239258
v 35.001712799072266 6 -8.0734529495239258
v 35.001712799072266 9 -8.0734529495239258
v 35.001712799072266 6 -12.245989799499512
v 35.001712799072266 9 -12.245989799499512
v 31.727569580078125 6 -12.245989799499512
v 31.727569580078125 9 -12.245989799499512
f 1999 2009 2007 2005 2003 2001
f 2010 2000 2002 2004 2006 2008
f 2000 1999 2001 2002
f 2002 2001 2003 2004
f 2004 2003 2005 2006
f 2006 2005 2007 2008
f 2008 2007 2009 2010
f 2010 2009 1999 2000
g storeroom_3_9
v 32.949794769287109 6 -6.7982869148254395
v 32.949794769287109 9 -6.7982869148254395
v 35.001712799072266 6 -6.7982869148254395
v 35.001712799072266 9 -6.7982869148254395
v 35.001712799072266 6 -8.0734529495239258
v 35.001712799072266 9 -8.0734529495239258
v 32.949794769287109 6 -8.0734529495239258
v 32.949794769287109 9 -8.0734529495239258
f 2012 2011 2013 2014
f 2014 2013 2015 2016
f 2016 2015 2017 2018
f 2018 2017 2011 2012
f 2017 2015 2013 2011
f 2018 2012 2014 2016
g kitchen_3_8
v 33.846572875976562 6 0.24828717112541199
v 33.846572875976562 9 0.24828717112541199
v 36.899143218994141 6 0.24828717112541199
v 36.899143218994141 9 0.24828717112541199
v 36.899143218994141 6 -2.7054316997528076
v 36.899143218994141 9 -2.7054316997528076
v 35.278884887695312 6 -2.7054316997528076
v 35.278884887695312 9 -2.7054316997528076
v 35.278884887695312 6 -5.2767128944396973
v 35.278884887695312 9 -5.2767128944396973
v 33.846572875976562 6 -5.2767128944396973
v 33.846572875976562 9 -5.2767128944396973
f 2019 2029 2027 2025 2023 2021
f 2030 2020 2022 2024 2026 2028
f 2020 2019 2021 2022
f 2022 2021 2023 2024
f 2024 2023 2025 2026
f 2026 2025 2027 2028
f 2028 2027 2029 2030
f 2030 2029 2019 2020
g bathroom_3_7
v 35.278884887695312 6 -3.8461496829986572
v 35.278884887695312 9 -3.8461496829986572
v 36.899143218994141 6 -3.8461496829986572
v 36.899143218994141 9 -3.8461496829986572
v 36.899143218994141 6 -5.2767128944396973
v 36.899143218994141 9 -5.2767128944396973
v 35.278884887695312 6 -5.2767128944396973
v 35.278884887695312 9 -5.2767128944396973
f 2032 2031 2033 2034
f 2034 2033 2035 2036
f 2036 2035 2037 2038
f 2038 2037 2031 2032
f 2037 2035 2033 2031
f 2038 2032 2034 2036
g bathroom_3_6
v 35.278884887695312 6 -2.7054316997528076
v 35.278884887695312 9 -2.7054316997528076
v 36.899143218994141 6 -2.7054316997528076
v 36.899143218994141 9 -2.7054316997528076
v 36.899143218994141 6 -3.8461496829986572
v 36.899143218994141 9 -3.8461496829986572
v 35.278884887695312 6 -3.8461496829986572
v 35.278884887695312 9 -3.8461496829986572
f 2040 2039 2041 2042
f 2042 2041 2043 2044
f 2044 2043 2045 2046
f 2046 2045 2039 2040
f 2045 2043 2041 2039
f 2046 2040 2042 2044
g balcony_3_5
v 27.472431182861328 6 0.24828717112541199
v 27.472431182861328 9 0.24828717112541199
v 30.422430038452148 6 0.24828717112541199
v 30.422430038452148 9 0.24828717112541199
v 30.422430038452148 6 -1.2475488185882568
v 30.422430038452148 9 -1.2475488185882568
v 27.472431182861328 6 -1.2475488185882568
v 27.472431182861328 9 -1.2475488185882568
f 2048 2047 2049 2050
f 2050 2049 2051 2052
f 2052 2051 2053 2054
f 2054 2053 2047 2048
f 2053 2051 2049 2047
f 2054 2048 2050 2052
g balcony_3_4
v 24.600000381469727 6 0.24828717112541199
v 24.600000381469727 9 0.24828717112541199
v 27.472431182861328 6 0.24828717112541199
v 27.472431182861328 9 0.24828717112541199
v 27.472431182861328 6 -1.2475488185882568
v 27.472431182861328 9 -1.2475488185882568
v 24.600000381469727 6 -1.2475488185882568
v 24.600000381469727 9 -1.2475488185882568
f 2056 2055 2057 2058
f 2058 2057 2059 2060
f 2060 2059 2061 2062
f 2062 2061 2055 2056
f 2061 2059 2057 2055
f 2062 2056 2058 2060
g bedroom_3_3
v 27.472431182861328 6 -1.2475488185882568
v 27.472431182861328 9 -1.2475488185882568
v 30.422430038452148 6 -1.2475488185882568
v 30.422430038452148 9 -1.2475488185882568
v 30.422430038452148 6 -5.2767128944396973
v 30.422430038452148 9 -5.2767128944396973
v 27.472431182861328 6 -5.2767128944396973
v 27.472431182861328 9 -5.2767128944396973
f 2064 2063 2065 2066
f 2066 2065 2067 2068
f 2068 2067 2069 2070
f 2070 2069 2063 2064
f 2069 2067 2065 2063
f 2070 2064 2066 2068
g bathroom_3_2
v 24.600000381469727 6 -6.4900670051574707
v 24.600000381469727 9 -6.4900670051574707
v 26.222827911376953 6 -6.4900670051574707
v 26.222827911376953 9 -6.4900670051574707
v 26.222827911376953 6 -8.3084068298339844
v 26.222827911376953 9 -8.3084068298339844
v 24.600000381469727 6 -8.3084068298339844
v 24.600000381469727 9 -8.3084068298339844
f 2072 2071 2073 2074
f 2074 2073 2075 2076
f 2076 2075 2077 2078
f 2078 2077 2071 2072
f 2077 2075 2073 2071
f 2078 2072 2074 2076
g bedroom_3_1
v 24.600000381469727 6 -8.3084068298339844
v 24.600000381469727 9 -8.3084068298339844
v 28.32499885559082 6 -8.3084068298339844
v 28.32499885559082 9 -8.3084068298339844
v 28.32499885559082 6 -12.245989799499512
v 28.32499885559082 9 -12.245989799499512
v 24.600000381469727 6 -12.245989799499512
v 24.600000381469727 9 -12.245989799499512
f 2080 2079 2081 2082
f 2082 2081 2083 2084
f 2084 2083 2085 2086
f 2086 2085 2079 2080
f 2085 2083 2081 2079
f 2086 2080 2082 2084
g livingroom_2_33
v 43.375858306884766 3 0.24828717112541199
v 43.375858306884766 6 0.24828717112541199
v 43.375858306884766 3 -4.0767130851745605
v 43.375858306884766 6 -4.0767130851745605
v 39.951713562011719 3 -4.0767130851745605
v 39.951713562011719 6 -4.0767130851745605
v 39.951713562011719 3 0.24828717112541199
v 39.951713562011719 6 0.24828717112541199
f 2088 2087 2089 2090
f 2090 2089 2091 2092
f 2092 2091 2093 2094
f 2094 2093 2087 2088
f 2093 2091 2089 2087
f 2094 2088 2090 2092
g corridor_2_32
v 43.375858306884766 3 -4.0767130851745605
v 43.375858306884766 6 -4.0767130851745605
v 43.375858306884766 3 -5.2767128944396973
v 43.375858306884766 6 -5.2767128944396973
v 39.951713562011719 3 -5.2767128944396973
v 39.951713562011719 6 -5.2767128944396973
v 39.951713562011719 3 -4.0767130851745605
v 39.951713562011719 6 -4.0767130851745605
f 2096 2095 2097 2098
f 2098 2097 2099 2100
f 2100 2099 2101 2102
f 2102 2101 2095 2096
f 2101 2099 2097 2095
f 2102 2096 2098 2100
g corridor_2_31
v 47.575458526611328 3 -5.2767128944396973
v 47.575458526611328 6 -5.2767128944396973
v 47.575458526611328 3 -8.3084068298339844
v 47.575458526611328 6 -8.3084068298339844
v 45.473285675048828 3 -8.3084068298339844
v 45.473285675048828 6 -8.3084068298339844
v 45.473285675048828 3 -6.7982869148254395
v 45.473285675048828 6 -6.7982869148254395
v 41.048286437988281 3 -6.7982869148254395
v 41.048286437988281 6 -6.7982869148254395
v 41.048286437988281 3 -5.2767128944396973
v 41.048286437988281 6 -5.2767128944396973
f 2113 2111 2109 2107 2105 2103
f 2114 2104 2106 2108 2110 2112
f 2104 2103 2105 2106
f 2106 2105 2107 2108
f 2108 2107 2109 2110
f 2110 2109 2111 2112
f 2112 2111 2113 2114
f 2114 2113 2103 2104
g bathroom_2_30
v 49.198287963867188 3 -5.2767128944396973
v 49.198287963867188 6 -5.2767128944396973
v 49.198287963867188 3 -6.4900670051574707
v 49.198287963867188 6 -6.4900670051574707
v 47.575458526611328 3 -6.4900670051574707
v 47.575458526611328 6 -6.4900670051574707
v 47.575458526611328 3 -5.2767128944396973
v 47.575458526611328 6 -5.2767128944396973
f 2116 2115 2117 2118
f 2118 2117 2119 2120
f 2120 2119 2121 2122
f 2122 2121 2115 2116
f 2121 2119 2117 2115
f 2122 2116 2118 2120
g bedroom_2_29
v 49.198287963867188 3 -1.2475488185882568
v 49.198287963867188 6 -1.2475488185882568
v 49.198287963867188 3 -5.2767128944396973
v 49.198287963867188 6 -5.2767128944396973
v 46.325855255126953 3 -5.2767128944396973
v 46.325855255126953 6 -5.2767128944396973
v 46.325855255126953 3 -1.2475488185882568
v 46.325855255126953 6 -1.2475488185882568
f 2124 2123 2125 2126
f 2126 2125 2127 2128
f 2128 2127 2129 2130
f 2130 2129 2123 2124
f 2129 2127 2125 2123
f 2130 2124 2126 2128
g livingroom_2_28
v 45.473285675048828 3 -6.7982869148254395
v 45.473285675048828 6 -6.7982869148254395
v 45.473285675048828 3 -12.245989799499512
v 45.473285675048828 6 -12.245989799499512
v 42.070716857910156 3 -12.245989799499512
v 42.070716857910156 6 -12.245989799499512
v 42.070716857910156 3 -6.7982869148254395
v 42.070716857910156 6 -6.7982869148254395
f 2132 2131 2133 2134
f 2134 2133 2135 2136
f 2136 2135 2137 2138
f 2138 2137 2131 2132
f 2137 2135 2133 2131
f 2138 2132 2134 2136
g kitchen_2_27
v 42.070716857910156 3 -6.7982869148254395
v 42.070716857910156 6 -6.7982869148254395
v 42.070716857910156 3 -12.245989799499512
v 42.070716857910156 6 -12.245989799499512
v 38.796573638916016 3 -12.245989799499512
v 38.796573638916016 6 -12.245989799499512
v 38.796573638916016 3 -8.0734529495239258
v 38.796573638916016 6 -8.0734529495239258
v 40.848491668701172 3 -8.0734529495239258
v 40.848491668701172 6 -8.0734529495239258
v 40.848491668701172 3 -6.7982869148254395
v 40.848491668701172 6 -6.7982869148254395
f 2149 2147 2145 2143 2141 2139
f 2150 2140 2142 2144 2146 2148
f 2140 2139 2141 2142
f 2142 2141 2143 2144
f 2144 2143 2145 2146
f 2146 2145 2147 2148
f 2148 2147 2149 2150
f 2150 2149 2139 2140
g storeroom_2_26
v 40.848491668701172 3 -6.7982869148254395
v 40.848491668701172 6 -6.7982869148254395
v 40.848491668701172 3 -8.0734529495239258
v 40.848491668701172 6 -8.0734529495239258
v 38.796573638916016 3 -8.0734529495239258
v 38.796573638916016 6 -8.0734529495239258
v 38.796573638916016 3 -6.7982869148254395
v 38.796573638916016 6 -6.7982869148254395
f 2152 2151 2153 2154
f 2154 2153 2155 2156
f 2156 2155 2157 2158
f 2158 2157 2151 2152
f 2157 2155 2153 2151
f 2158 2152 2154 2156
g kitchen_2_25
v 39.951713562011719 3 0.24828717112541199
v 39.951713562011719 6 0.24828717112541199
v 39.951713562011719 3 -5.2767128944396973
v 39.951713562011719 6 -5.2767128944396973
v 38.519401550292969 3 -5.2767128944396973
v 38.519401550292969 6 -5.2767128944396973
v 38.519401550292969 3 -2.7054316997528076
v 38.519401550292969 6 -2.7054316997528076
v 36.899143218994141 3 -2.7054316997528076
v 36.899143218994141 6 -2.7054316997528076
v 36.899143218994141 3 0.24828717112541199
v 36.899143218994141 6 0.24828717112541199
f 2169 2167 2165 2163 2161 2159
f 2170 2160 2162 2164 2166 2168
f 2160 2159 2161 2162
f 2162 2161 2163 2164
f 2164 2163 2165 2166
f 2166 2165 2167 2168
f 2168 2167 2169 2170
f 2170 2169 2159 2160
g bathroom_2_24
v 38.519401550292969 3 -3.8461496829986572
v 38.519401550292969 6 -3.8461496829986572
v 38.519401550292969 3 -5.2767128944396973
v 38.519401550292969 6 -5.2767128944396973
v 36.899143218994141 3 -5.2767128944396973
v 36.899143218994141 6 -5.2767128944396973
v 36.899143218994141 3 -3.8461496829986572
v 36.899143218994141 6 -3.8461496829986572
f 2172 2171 2173 2174
f 2174 2173 2175 2176
f 2176 2175 2177 2178
f 2178 2177 2171 2172
f 2177 2175 2173 2171
f 2178 2172 2174 2176
g bathroom_2_23
v 38.519401550292969 3 -2.7054316997528076
v 38.519401550292969 6 -2.7054316997528076
v 38.519401550292969 3 -3.8461496829986572
v 38.519401550292969 6 -3.8461496829986572
v 36.899143218994141 3 -3.8461496829986572
v 36.899143218994141 6 -3.8461496829986572
v 36.899143218994141 3 -2.7054316997528076
v 36.899143218994141 6 -2.7054316997528076
f 2180 2179 2181 2182
f 2182 2181 2183 2184
f 2184 2183 2185 2186
f 2186 2185 2179 2180
f 2185 2183 2181 2179
f 2186 2180 2182 2184
g balcony_2_22
v 46.325855255126953 3 0.24828717112541199
v 46.325855255126953 6 0.24828717112541199
v 46.325855255126953 3 -1.2475488185882568
v 46.325855255126953 6 -1.2475488185882568
v 43.375858306884766 3 -1.2475488185882568
v 43.375858306884766 6 -1.2475488185882568
v 43.375858306884766 3 0.24828717112541199
v 43.375858306884766 6 0.24828717112541199
f 2188 2187 2189 2190
f 2190 2189 2191 2192
f 2192 2191 2193 2194
f 2194 2193 2187 2188
f 2193 2191 2189 2187
f 2194 2188 2190 2192
g balcony_2_21
v 49.198287963867188 3 0.24828717112541199
v 49.198287963867188 6 0.24828717112541199
v 49.198287963867188 3 -1.2475488185882568
v 49.198287963867188 6 -1.2475488185882568
v 46.325855255126953 3 -1.2475488185882568
v 46.325855255126953 6 -1.2475488185882568
v 46.325855255126953 3 0.24828717112541199
v 46.325855255126953 6 0.24828717112541199
f 2196 2195 2197 2198
f 2198 2197 2199 2200
f 2200 2199 2201 2202
f 2202 2201 2195 2196
f 2201 2199 2197 2195
f 2202 2196 2198 2200
g bedroom_2_20
v 46.325855255126953 3 -1.2475488185882568
v 46.325855255126953 6 -1.2475488185882568
v 46.325855255126953 3 -5.2767128944396973
v 46.325855255126953 6 -5.2767128944396973
v 43.375858306884766 3 -5.2767128944396973
v 43.375858306884766 6 -5.2767128944396973
v 43.375858306884766 3 -1.2475488185882568
v 43.375858306884766 6 -1.2475488185882568
f 2204 2203 2205 2206
f 2206 2205 2207 2208
f 2208 2207 2209 2210
f 2210 2209 2203 2204
f 2209 2207 2205 2203
f 2210 2204 2206 2208
g bathroom_2_19
v 49.198287963867188 3 -6.4900670051574707
v 49.198287963867188 6 -6.4900670051574707
v 49.198287963867188 3 -8.3084068298339844
v 49.198287963867188 6 -8.3084068298339844
v 47.575458526611328 3 -8.3084068298339844
v 47.575458526611328 6 -8.3084068298339844
v 47.575458526611328 3 -6.4900670051574707
v 47.575458526611328 6 -6.4900670051574707
f 2212 2211 2213 2214
f 2214 2213 2215 2216
f 2216 2215 2217 2218
f 2218 2217 2211 2212
f 2217 2215 2213 2211
f 2218 2212 2214 2216
g bedroom_2_18
v 49.198287963867188 3 -8.3084068298339844
v 49.198287963867188 6 -8.3084068298339844
v 49.198287963867188 3 -12.245989799499512
v 49.198287963867188 6 -12.245989799499512
v 45.473285675048828 3 -12.245989799499512
v 45.473285675048828 6 -12.245989799499512
v 45.473285675048828 3 -8.3084068298339844
v 45.473285675048828 6 -8.3084068298339844
f 2220 2219 2221 2222
f 2222 2221 2223 2224
f 2224 2223 2225 2226
f 2226 2225 2219 2220
f 2225 2223 2221 2219
f 2226 2220 2222 2224
g livingroom_2_17
v 30.422430038452148 3 0.24828717112541199
v 30.422430038452148 6 0.24828717112541199
v 33.846572875976562 3 0.24828717112541199
v 33.846572875976562 6 0.24828717112541199
v 33.846572875976562 3 -4.0767130851745605
v 33.846572875976562 6 -4.0767130851745605
v 30.422430038452148 3 -4.0767130851745605
v 30.422430038452148 6 -4.0767130851745605
f 2228 2227 2229 2230
f 2230 2229 2231 2232
f 2232 2231 2233 2234
f 2234 2233 2227 2228
f 2233 2231 2229 2227
f 2234 2228 2230 2232
g corridor_2_16
v 30.422430038452148 3 -4.0767130851745605
v 30.422430038452148 6 -4.0767130851745605
v 33.846572875976562 3 -4.0767130851745605
v 33.846572875976562 6 -4.0767130851745605
v 33.846572875976562 3 -5.2767128944396973
v 33.846572875976562 6 -5.2767128944396973
v 30.422430038452148 3 -5.2767128944396973
v 30.422430038452148 6 -5.2767128944396973
f 2236 2235 2237 2238
f 2238 2237 2239 2240
f 2240 2239 2241 2242
f 2242 2241 2235 2236
f 2241 2239 2237 2235
f 2242 2236 2238 2240
g corridor_2_15
v 32.75 3 -5.2767128944396973
v 32.75 6 -5.2767128944396973
v 36.899143218994141 6 -5.2767128944396973
v 41.048286437988281 3 -5.2767128944396973
v 41.048286437988281 6 -5.2767128944396973
v 36.899143218994141 3 -5.2767128944396973
v 41.048286437988281 3 -6.7982869148254395
v 41.048286437988281 6 -6.7982869148254395
v 38.796573638916016 3 -6.7982869148254395
v 38.796573638916016 6 -6.7982869148254395
v 38.796573638916016 3 -7.0050110816955566
v 38.796573638916016 6 -7.0050110816955566
v 35.001712799072266 3 -7.0050110816955566
v 35.001712799072266 6 -7.0050110816955566
v 35.001712799072266 3 -6.7982869148254395
v 35.001712799072266 6 -6.7982869148254395
v 32.75 3 -6.7982869148254395
v 32.75 6 -6.7982869148254395
f 2244 2243 2248 2246 2247 2245
f 2243 2259 2257 2255 2253 2251 2249 2246 2248
f 2258 2260 2244 2245 2247 2250 2252 2254 2256
f 2247 2246 2249 2250
f 2250 2249 2251 2252
f 2252 2251 2253 2254
f 2254 2253 2255 2256
f 2256 2255 2257 2258
f 2258 2257 2259 2260
f 2260 2259 2243 2244
g corridor_2_14
v 26.222827911376953 3 -5.2767128944396973
v 26.222827911376953 6 -5.2767128944396973
v 32.75 3 -5.2767128944396973
v 32.75 6 -5.2767128944396973
v 32.75 3 -6.7982869148254395
v 32.75 6 -6.7982869148254395
v 28.32499885559082 3 -6.7982869148254395
v 28.32499885559082 6 -6.7982869148254395
v 28.32499885559082 3 -8.3084068298339844
v 28.32499885559082 6 -8.3084068298339844
v 26.222827911376953 3 -8.3084068298339844
v 26.222827911376953 6 -8.3084068298339844
f 2269 2267 2265 2263 2261 2271
f 2270 2272 2262 2264 2266 2268
f 2262 2261 2263 2264
f 2264 2263 2265 2266
f 2266 2265 2267 2268
f 2268 2267 2269 2270
f 2270 2269 2271 2272
f 2272 2271 2261 2262
g bathroom_2_13
v 24.600000381469727 3 -5.2767128944396973
v 24.600000381469727 6 -5.2767128944396973
v 26.222827911376953 3 -5.2767128944396973
v 26.222827911376953 6 -5.2767128944396973
v 26.222827911376953 3 -6.4900670051574707
v 26.222827911376953 6 -6.4900670051574707
v 24.600000381469727 3 -6.4900670051574707
v 24.600000381469727 6 -6.4900670051574707
f 2274 2273 2275 2276
f 2276 2275 2277 2278
f 2278 2277 2279 2280
f 2280 2279 2273 2274
f 2279 2277 2275 2273
f 2280 2274 2276 2278
g bedroom_2_12
v 24.600000381469727 3 -1.2475488185882568
v 24.600000381469727 6 -1.2475488185882568
v 27.472431182861328 3 -1.2475488185882568
v 27.472431182861328 6 -1.2475488185882568
v 27.472431182861328 3 -5.2767128944396973
v 27.472431182861328 6 -5.2767128944396973
v 24.600000381469727 3 -5.2767128944396973
v 24.600000381469727 6 -5.2767128944396973
f 2282 2281 2283 2284
f 2284 2283 2285 2286
f 2286 2285 2287 2288
f 2288 2287 2281 2282
f 2287 2285 2283 2281
f 2288 2282 2284 2286
g livingroom_2_11
v 28.32499885559082 3 -6.7982869148254395
v 28.32499885559082 6 -6.7982869148254395
v 31.727569580078125 3 -6.7982869148254395
v 31.727569580078125 6 -6.7982869148254395
v 31.727569580078125 3 -12.245989799499512
v 31.727569580078125 6 -12.245989799499512
v 28.32499885559082 3 -12.245989799499512
v 28.32499885559082 6 -12.245989799499512
f 2290 2289 2291 2292
f 2292 2291 2293 2294
f 2294 2293 2295 2296
f 2296 2295 2289 2290
f 2295 2293 2291 2289
f 2296 2290 2292 2294
g kitchen_2_10
v 31.727569580078125 3 -6.7982869148254395
v 31.727569580078125 6 -6.7982869148254395
v 32.949794769287109 3 -6.7982869148254395
v 32.949794769287109 6 -6.7982869148254395
v 32.949794769287109 3 -8.0734529495239258
v 32.949794769287109 6 -8.0734529495239258
v 35.001712799072266 3 -8.0734529495239258
v 35.001712799072266 6 -8.0734529495239258
v 35.001712799072266 3 -12.245989799499512
v 35.001712799072266 6 -12.245989799499512
v 31.727569580078125 3 -12.245989799499512
v 31.727569580078125 6 -12.245989799499512
f 2297 2307 2305 2303 2301 2299
f 2308 2298 2300 2302 2304 2306
f 2298 2297 2299 2300
f 2300 2299 2301 2302
f 2302 2301 2303 2304
f 2304 2303 2305 2306
f 2306 2305 2307 2308
f 2308 2307 2297 2298
g storeroom_2_9
v 32.949794769287109 3 -6.7982869148254395
v 32.949794769287109 6 -6.7982869148254395
v 35.001712799072266 3 -6.7982869148254395
v 35.001712799072266 6 -6.7982869148254395
v 35.001712799072266 3 -8.0734529495239258
v 35.001712799072266 6 -8.0734529495239258
v 32.949794769287109 3 -8.0734529495239258
v 32.949794769287109 6 -8.0734529495239258
f 2310 2309 2311 2312
f 2312 2311 2313 2314
f 2314 2313 2315 2316
f 2316 2315 2309 2310
f 2315 2313 2311 2309
f 2316 2310 2312 2314
g kitchen_2_8
v 33.846572875976562 3 0.24828717112541199
v 33.846572875976562 6 0.24828717112541199
v 36.899143218994141 3 0.24828717112541199
v 36.899143218994141 6 0.24828717112541199
v 36.899143218994141 3 -2.7054316997528076
v 36.899143218994141 6 -2.7054316997528076
v 35.278884887695312 3 -2.7054316997528076
v 35.278884887695312 6 -2.7054316997528076
v 35.278884887695312 3 -5.2767128944396973
v 35.278884887695312 6 -5.2767128944396973
v 33.846572875976562 3 -5.2767128944396973
v 33.846572875976562 6 -5.2767128944396973
f 2317 2327 2325 2323 2321 2319
f 2328 2318 2320 2322 2324 2326
f 2318 2317 2319 2320
f 2320 2319 2321 2322
f 2322 2321 2323 2324
f 2324 2323 2325 2326
f 2326 2325 2327 2328
f 2328 2327 2317 2318
g bathroom_2_7
v 35.278884887695312 3 -3.8461496829986572
v 35.278884887695312 6 -3.8461496829986572
v 36.899143218994141 3 -3.8461496829986572
v 36.899143218994141 6 -3.8461496829986572
v 36.899143218994141 3 -5.2767128944396973
v 36.899143218994141 6 -5.2767128944396973
v 35.278884887695312 3 -5.2767128944396973
v 35.278884887695312 6 -5.2767128944396973
f 2330 2329 2331 2332
f 2332 2331 2333 2334
f 2334 2333 2335 2336
f 2336 2335 2329 2330
f 2335 2333 2331 2329
f 2336 2330 2332 2334
g bathroom_2_6
v 35.278884887695312 3 -2.7054316997528076
v 35.278884887695312 6 -2.7054316997528076
v 36.899143218994141 3 -2.7054316997528076
v 36.899143218994141 6 -2.7054316997528076
v 36.899143218994141 3 -3.8461496829986572
v 36.899143218994141 6 -3.8461496829986572
v 35.278884887695312 3 -3.8461496829986572
v 35.278884887695312 6 -3.8461496829986572
f 2338 2337 2339 2340
f 2340 2339 2341 2342
f 2342 2341 2343 2344
f 2344 2343 2337 2338
f 2343 2341 2339 2337
f 2344 2338 2340 2342
g balcony_2_5
v 27.472431182861328 3 0.24828717112541199
v 27.472431182861328 6 0.24828717112541199
v 30.422430038452148 3 0.24828717112541199
v 30.422430038452148 6 0.24828717112541199
v 30.422430038452148 3 -1.2475488185882568
v 30.422430038452148 6 -1.2475488185882568
v 27.472431182861328 3 -1.2475488185882568
v 27.472431182861328 6 -1.2475488185882568
f 2346 2345 2347 2348
f 2348 2347 2349 2350
f 2350 2349 2351 2352
f 2352 2351 2345 2346
f 2351 2349 2347 2345
f 2352 2346 2348 2350
g balcony_2_4
v 24.600000381469727 3 0.24828717112541199
v 24.600000381469727 6 0.24828717112541199
v 27.472431182861328 3 0.24828717112541199
v 27.472431182861328 6 0.24828717112541199
v 27.472431182861328 3 -1.2475488185882568
v 27.472431182861328 6 -1.2475488185882568
v 24.600000381469727 3 -1.2475488185882568
v 24.600000381469727 6 -1.2475488185882568
f 2354 2353 2355 2356
f 2356 2355 2357 2358
f 2358 2357 2359 2360
f 2360 2359 2353 2354
f 2359 2357 2355 2353
f 2360 2354 2356 2358
g bedroom_2_3
v 27.472431182861328 3 -1.2475488185882568
v 27.472431182861328 6 -1.2475488185882568
v 30.422430038452148 3 -1.2475488185882568
v 30.422430038452148 6 -1.2475488185882568
v 30.422430038452148 3 -5.2767128944396973
v 30.422430038452148 6 -5.2767128944396973
v 27.472431182861328 3 -5.2767128944396973
v 27.472431182861328 6 -5.2767128944396973
f 2362 2361 2363 2364
f 2364 2363 2365 2366
f 2366 2365 2367 2368
f 2368 2367 2361 2362
f 2367 2365 2363 2361
f 2368 2362 2364 2366
g bathroom_2_2
v 24.600000381469727 3 -6.4900670051574707
v 24.600000381469727 6 -6.4900670051574707
v 26.222827911376953 3 -6.4900670051574707
v 26.222827911376953 6 -6.4900670051574707
v 26.222827911376953 3 -8.3084068298339844
v 26.222827911376953 6 -8.3084068298339844
v 24.600000381469727 3 -8.3084068298339844
v 24.600000381469727 6 -8.3084068298339844
f 2370 2369 2371 2372
f 2372 2371 2373 2374
f 2374 2373 2375 2376
f 2376 2375 2369 2370
f 2375 2373 2371 2369
f 2376 2370 2372 2374
g bedroom_2_1
v 24.600000381469727 3 -8.3084068298339844
v 24.600000381469727 6 -8.3084068298339844
v 28.32499885559082 3 -8.3084068298339844
v 28.32499885559082 6 -8.3084068298339844
v 28.32499885559082 3 -12.245989799499512
v 28.32499885559082 6 -12.245989799499512
v 24.600000381469727 3 -12.245989799499512
v 24.600000381469727 6 -12.245989799499512
f 2378 2377 2379 2380
f 2380 2379 2381 2382
f 2382 2381 2383 2384
f 2384 2383 2377 2378
f 2383 2381 2379 2377
f 2384 2378 2380 2382
g livingroom_1_33
v 43.375858306884766 0 0.24828717112541199
v 43.375858306884766 3 0.24828717112541199
v 43.375858306884766 0 -4.0767130851745605
v 43.375858306884766 3 -4.0767130851745605
v 39.951713562011719 0 -4.0767130851745605
v 39.951713562011719 3 -4.0767130851745605
v 39.951713562011719 0 0.24828717112541199
v 39.951713562011719 3 0.24828717112541199
f 2386 2385 2387 2388
f 2388 2387 2389 2390
f 2390 2389 2391 2392
f 2392 2391 2385 2386
f 2391 2389 2387 2385
f 2392 2386 2388 2390
g corridor_1_32
v 43.375858306884766 0 -4.0767130851745605
v 43.375858306884766 3 -4.0767130851745605
v 43.375858306884766 0 -5.2767128944396973
v 43.375858306884766 3 -5.2767128944396973
v 39.951713562011719 0 -5.2767128944396973
v 39.951713562011719 3 -5.2767128944396973
v 39.951713562011719 0 -4.0767130851745605
v 39.951713562011719 3 -4.0767130851745605
f 2394 2393 2395 2396
f 2396 2395 2397 2398
f 2398 2397 2399 2400
f 2400 2399 2393 2394
f 2399 2397 2395 2393
f 2400 2394 2396 2398
g corridor_1_31
v 47.575458526611328 0 -5.2767128944396973
v 47.575458526611328 3 -5.2767128944396973
v 47.575458526611328 0 -8.3084068298339844
v 47.575458526611328 3 -8.3084068298339844
v 45.473285675048828 0 -8.3084068298339844
v 45.473285675048828 3 -8.3084068298339844
v 45.473285675048828 0 -6.7982869148254395
v 45.473285675048828 3 -6.7982869148254395
v 41.048286437988281 0 -6.7982869148254395
v 41.048286437988281 3 -6.7982869148254395
v 41.048286437988281 0 -5.2767128944396973
v 41.048286437988281 3 -5.2767128944396973
f 2411 2409 2407 2405 2403 2401
f 2412 2402 2404 2406 2408 2410
f 2402 2401 2403 2404
f 2404 2403 2405 2406
f 2406 2405 2407 2408
f 2408 2407 2409 2410
f 2410 2409 2411 2412
f 2412 2411 2401 2402
g bathroom_1_30
v 49.198287963867188 0 -5.2767128944396973
v 49.198287963867188 3 -5.2767128944396973
v 49.198287963867188 0 -6.4900670051574707
v 49.198287963867188 3 -6.4900670051574707
v 47.575458526611328 0 -6.4900670051574707
v 47.575458526611328 3 -6.4900670051574707
v 47.575458526611328 0 -5.2767128944396973
v 47.575458526611328 3 -5.2767128944396973
f 2414 2413 2415 2416
f 2416 2415 2417 2418
f 2418 2417 2419 2420
f 2420 2419 2413 2414
f 2419 2417 2415 2413
f 2420 2414 2416 2418
g bedroom_1_29
v 49.198287963867188 0 -1.2475488185882568
v 49.198287963867188 3 -1.2475488185882568
v 49.198287963867188 0 -5.2767128944396973
v 49.198287963867188 3 -5.2767128944396973
v 46.325855255126953 0 -5.2767128944396973
v 46.325855255126953 3 -5.2767128944396973
v 46.325855255126953 0 -1.2475488185882568
v 46.325855255126953 3 -1.2475488185882568
f 2422 2421 2423 2424
f 2424 2423 2425 2426
f 2426 2425 2427 2428
f 2428 2427 2421 2422
f 2427 2425 2423 2421
f 2428 2422 2424 2426
g livingroom_1_28
v 45.473285675048828 0 -6.7982869148254395
v 45.473285675048828 3 -6.7982869148254395
v 45.473285675048828 0 -12.245989799499512
v 45.473285675048828 3 -12.245989799499512
v 42.070716857910156 0 -12.245989799499512
v 42.070716857910156 3 -12.245989799499512
v 42.070716857910156 0 -6.7982869148254395
v 42.070716857910156 3 -6.7982869148254395
f 2430 2429 2431 2432
f 2432 2431 2433 2434
f 2434 2433 2435 2436
f 2436 2435 2429 2430
f 2435 2433 2431 2429
f 2436 2430 2432 2434
g kitchen_1_27
v 42.070716857910156 0 -6.7982869148254395
v 42.070716857910156 3 -6.7982869148254395
v 42.070716857910156 0 -12.245989799499512
v 42.070716857910156 3 -12.245989799499512
v 38.796573638916016 0 -12.245989799499512
v 38.796573638916016 3 -12.245989799499512
v 38.796573638916016 0 -8.0734529495239258
v 38.796573638916016 3 -8.0734529495239258
v 40.848491668701172 0 -8.0734529495239258
v 40.848491668701172 3 -8.0734529495239258
v 40.848491668701172 0 -6.7982869148254395
v 40.848491668701172 3 -6.7982869148254395
f 2447 2445 2443 2441 2439 2437
f 2448 2438 2440 2442 2444 2446
f 2438 2437 2439 2440
f 2440 2439 2441 2442
f 2442 2441 2443 2444
f 2444 2443 2445 2446
f 2446 2445 2447 2448
f 2448 2447 2437 2438
g storeroom_1_26
v 40.848491668701172 0 -6.7982869148254395
v 40.848491668701172 3 -6.7982869148254395
v 40.848491668701172 0 -8.0734529495239258
v 40.848491668701172 3 -8.0734529495239258
v 38.796573638916016 0 -8.0734529495239258
v 38.796573638916016 3 -8.0734529495239258
v 38.796573638916016 0 -6.7982869148254395
v 38.796573638916016 3 -6.7982869148254395
f 2450 2449 2451 2452
f 2452 2451 2453 2454
f 2454 2453 2455 2456
f 2456 2455 2449 2450
f 2455 2453 2451 2449
f 2456 2450 2452 2454
g kitchen_1_25
v 39.951713562011719 0 0.24828717112541199
v 39.951713562011719 3 0.24828717112541199
v 39.951713562011719 0 -5.2767128944396973
v 39.951713562011719 3 -5.2767128944396973
v 38.519401550292969 0 -5.2767128944396973
v 38.519401550292969 3 -5.2767128944396973
v 38.519401550292969 0 -2.7054316997528076
v 38.519401550292969 3 -2.7054316997528076
v 36.899143218994141 0 -2.7054316997528076
v 36.899143218994141 3 -2.7054316997528076
v 36.899143218994141 0 0.24828717112541199
v 36.899143218994141 3 0.24828717112541199
f 2467 2465 2463 2461 2459 2457
f 2468 2458 2460 2462 2464 2466
f 2458 2457 2459 2460
f 2460 2459 2461 2462
f 2462 2461 2463 2464
f 2464 2463 2465 2466
f 2466 2465 2467 2468
f 2468 2467 2457 2458
g bathroom_1_24
v 38.519401550292969 0 -3.8461496829986572
v 38.519401550292969 3 -3.8461496829986572
v 38.519401550292969 0 -5.2767128944396973
v 38.519401550292969 3 -5.2767128944396973
v 36.899143218994141 0 -5.2767128944396973
v 36.899143218994141 3 -5.2767128944396973
v 36.899143218994141 0 -3.8461496829986572
v 36.899143218994141 3 -3.8461496829986572
f 2470 2469 2471 2472
f 2472 2471 2473 2474
f 2474 2473 2475 2476
f 2476 2475 2469 2470
f 2475 2473 2471 2469
f 2476 2470 2472 2474
g bathroom_1_23
v 38.519401550292969 0 -2.7054316997528076
v 38.519401550292969 3 -2.7054316997528076
v 38.519401550292969 0 -3.8461496829986572
v 38.519401550292969 3 -3.8461496829986572
v 36.899143218994141 0 -3.8461496829986572
v 36.899143218994141 3 -3.8461496829986572
v 36.899143218994141 0 -2.7054316997528076
v 36.899143218994141 3 -2.7054316997528076
f 2478 2477 2479 2480
f 2480 2479 2481 2482
f 2482 2481 2483 2484
f 2484 2483 2477 2478
f 2483 2481 2479 2477
f 2484 2478 2480 2482
g balcony_1_22
v 46.325855255126953 0 0.24828717112541199
v 46.325855255126953 3 0.24828717112541199
v 46.325855255126953 0 -1.2475488185882568
v 46.325855255126953 3 -1.2475488185882568
v 43.375858306884766 0 -1.2475488185882568
v 43.375858306884766 3 -1.2475488185882568
v 43.375858306884766 0 0.24828717112541199
v 43.375858306884766 3 0.24828717112541199
f 2486 2485 2487 2488
f 2488 2487 2489 2490
f 2490 2489 2491 2492
f 2492 2491 2485 2486
f 2491 2489 2487 2485
f 2492 2486 2488 2490
g balcony_1_21
v 49.198287963867188 0 0.24828717112541199
v 49.198287963867188 3 0.24828717112541199
v 49.198287963867188 0 -1.2475488185882568
v 49.198287963867188 3 -1.2475488185882568
v 46.325855255126953 0 -1.2475488185882568
v 46.325855255126953 3 -1.2475488185882568
v 46.325855255126953 0 0.24828717112541199
v 46.325855255126953 3 0.24828717112541199
f 2494 2493 2495 2496
f 2496 2495 2497 2498
f 2498 2497 2499 2500
f 2500 2499 2493 2494
f 2499 2497 2495 2493
f 2500 2494 2496 2498
g bedroom_1_20
v 46.325855255126953 0 -1.2475488185882568
v 46.325855255126953 3 -1.2475488185882568
v 46.325855255126953 0 -5.2767128944396973
v 46.325855255126953 3 -5.2767128944396973
v 43.375858306884766 0 -5.2767128944396973
v 43.375858306884766 3 -5.2767128944396973
v 43.375858306884766 0 -1.2475488185882568
v 43.375858306884766 3 -1.2475488185882568
f 2502 2501 2503 2504
f 2504 2503 2505 2506
f 2506 2505 2507 2508
f 2508 2507 2501 2502
f 2507 2505 2503 2501
f 2508 2502 2504 2506
g bathroom_1_19
v 49.198287963867188 0 -6.4900670051574707
v 49.198287963867188 3 -6.4900670051574707
v 49.198287963867188 0 -8.3084068298339844
v 49.198287963867188 3 -8.3084068298339844
v 47.575458526611328 0 -8.3084068298339844
v 47.575458526611328 3 -8.3084068298339844
v 47.575458526611328 0 -6.4900670051574707
v 47.575458526611328 3 -6.4900670051574707
f 2510 2509 2511 2512
f 2512 2511 2513 2514
f 2514 2513 2515 2516
f 2516 2515 2509 2510
f 2515 2513 2511 2509
f 2516 2510 2512 2514
g bedroom_1_18
v 49.198287963867188 0 -8.3084068298339844
v 49.198287963867188 3 -8.3084068298339844
v 49.198287963867188 0 -12.245989799499512
v 49.198287963867188 3 -12.245989799499512
v 45.473285675048828 0 -12.245989799499512
v 45.473285675048828 3 -12.245989799499512
v 45.473285675048828 0 -8.3084068298339844
v 45.473285675048828 3 -8.3084068298339844
f 2518 2517 2519 2520
f 2520 2519 2521 2522
f 2522 2521 2523 2524
f 2524 2523 2517 2518
f 2523 2521 2519 2517
f 2524 2518 2520 2522
g livingroom_1_17
v 30.422430038452148 0 0.24828717112541199
v 30.422430038452148 3 0.24828717112541199
v 33.846572875976562 0 0.24828717112541199
v 33.846572875976562 3 0.24828717112541199
v 33.846572875976562 0 -4.0767130851745605
v 33.846572875976562 3 -4.0767130851745605
v 30.422430038452148 0 -4.0767130851745605
v 30.422430038452148 3 -4.0767130851745605
f 2526 2525 2527 2528
f 2528 2527 2529 2530
f 2530 2529 2531 2532
f 2532 2531 2525 2526
f 2531 2529 2527 2525
f 2532 2526 2528 2530
g corridor_1_16
v 30.422430038452148 0 -4.0767130851745605
v 30.422430038452148 3 -4.0767130851745605
v 33.846572875976562 0 -4.0767130851745605
v 33.846572875976562 3 -4.0767130851745605
v 33.846572875976562 0 -5.2767128944396973
v 33.846572875976562 3 -5.2767128944396973
v 30.422430038452148 0 -5.2767128944396973
v 30.422430038452148 3 -5.2767128944396973
f 2534 2533 2535 2536
f 2536 2535 2537 2538
f 2538 2537 2539 2540
f 2540 2539 2533 2534
f 2539 2537 2535 2533
f 2540 2534 2536 2538
g corridor_1_15
v 32.75 0 -5.2767128944396973
v 32.75 3 -5.2767128944396973
v 36.899143218994141 3 -5.2767128944396973
v 41.048286437988281 0 -5.2767128944396973
v 41.048286437988281 3 -5.2767128944396973
v 36.899143218994141 0 -5.2767128944396973
v 41.048286437988281 0 -6.7982869148254395
v 41.048286437988281 3 -6.7982869148254395
v 38.796573638916016 0 -6.7982869148254395
v 38.796573638916016 3 -6.7982869148254395
v 38.796573638916016 0 -7.0050110816955566
v 38.796573638916016 3 -7.0050110816955566
v 35.001712799072266 0 -7.0050110816955566
v 35.001712799072266 3 -7.0050110816955566
v 35.001712799072266 0 -6.7982869148254395
v 35.001712799072266 3 -6.7982869148254395
v 32.75 0 -6.7982869148254395
v 32.75 3 -6.7982869148254395
f 2542 2541 2546 2544 2545 2543
f 2541 2557 2555 2553 2551 2549 2547 2544 2546
f 2556 2558 2542 2543 2545 2548 2550 2552 2554
f 2545 2544 2547 2548
f 2548 2547 2549 2550
f 2550 2549 2551 2552
f 2552 2551 2553 2554
f 2554 2553 2555 2556
f 2556 2555 2557 2558
f 2558 2557 2541 2542
g corridor_1_14
v 26.222827911376953 0 -5.2767128944396973
v 26.222827911376953 3 -5.2767128944396973
v 32.75 0 -5.2767128944396973
v 32.75 3 -5.2767128944396973
v 32.75 0 -6.7982869148254395
v 32.75 3 -6.7982869148254395
v 28.32499885559082 0 -6.7982869148254395
v 28.32499885559082 3 -6.7982869148254395
v 28.32499885559082 0 -8.3084068298339844
v 28.32499885559082 3 -8.3084068298339844
v 26.222827911376953 0 -8.3084068298339844
v 26.222827911376953 3 -8.3084068298339844
f 2567 2565 2563 2561 2559 2569
f 2568 2570 2560 2562 2564 2566
f 2560 2559 2561 2562
f 2562 2561 2563 2564
f 2564 2563 2565 2566
f 2566 2565 2567 2568
f 2568 2567 2569 2570
f 2570 2569 2559 2560
g bathroom_1_13
v 24.600000381469727 0 -5.2767128944396973
v 24.600000381469727 3 -5.2767128944396973
v 26.222827911376953 0 -5.2767128944396973
v 26.222827911376953 3 -5.2767128944396973
v 26.222827911376953 0 -6.4900670051574707
v 26.222827911376953 3 -6.4900670051574707
v 24.600000381469727 0 -6.4900670051574707
v 24.600000381469727 3 -6.4900670051574707
f 2572 2571 2573 2574
f 2574 2573 2575 2576
f 2576 2575 2577 2578
f 2578 2577 2571 2572
f 2577 2575 2573 2571
f 2578 2572 2574 2576
g bedroom_1_12
v 24.600000381469727 0 -1.2475488185882568
v 24.600000381469727 3 -1.2475488185882568
v 27.472431182861328 0 -1.2475488185882568
v 27.472431182861328 3 -1.2475488185882568
v 27.472431182861328 0 -5.2767128944396973
v 27.472431182861328 3 -5.2767128944396973
v 24.600000381469727 0 -5.2767128944396973
v 24.600000381469727 3 -5.2767128944396973
f 2580 2579 2581 2582
f 2582 2581 2583 2584
f 2584 2583 2585 2586
f 2586 2585 2579 2580
f 2585 2583 2581 2579
f 2586 2580 2582 2584
g livingroom_1_11
v 28.32499885559082 0 -6.7982869148254395
v 28.32499885559082 3 -6.7982869148254395
v 31.727569580078125 0 -6.7982869148254395
v 31.727569580078125 3 -6.7982869148254395
v 31.727569580078125 0 -12.245989799499512
v 31.727569580078125 3 -12.245989799499512
v 28.32499885559082 0 -12.245989799499512
v 28.32499885559082 3 -12.245989799499512
f 2588 2587 2589 2590
f 2590 2589 2591 2592
f 2592 2591 2593 2594
f 2594 2593 2587 2588
f 2593 2591 2589 2587
f 2594 2588 2590 2592
g kitchen_1_10
v 31.727569580078125 0 -6.7982869148254395
v 31.727569580078125 3 -6.7982869148254395
v 32.949794769287109 0 -6.7982869148254395
v 32.949794769287109 3 -6.7982869148254395
v 32.949794769287109 0 -8.0734529495239258
v 32.949794769287109 3 -8.0734529495239258
v 35.001712799072266 0 -8.0734529495239258
v 35.001712799072266 3 -8.0734529495239258
v 35.001712799072266 0 -12.245989799499512
v 35.001712799072266 3 -12.245989799499512
v 31.727569580078125 0 -12.245989799499512
v 31.727569580078125 3 -12.245989799499512
f 2595 2605 2603 2601 2599 2597
f 2606 2596 2598 2600 2602 2604
f 2596 2595 2597 2598
f 2598 2597 2599 2600
f 2600 2599 2601 2602
f 2602 2601 2603 2604
f 2604 2603 2605 2606
f 2606 2605 2595 2596
g storeroom_1_9
v 32.949794769287109 0 -6.7982869148254395
v 32.949794769287109 3 -6.7982869148254395
v 35.001712799072266 0 -6.7982869148254395
v 35.001712799072266 3 -6.7982869148254395
v 35.001712799072266 0 -8.0734529495239258
v 35.001712799072266 3 -8.0734529495239258
v 32.949794769287109 0 -8.0734529495239258
v 32.949794769287109 3 -8.0734529495239258
f 2608 2607 2609 2610
f 2610 2609 2611 2612
f 2612 2611 2613 2614
f 2614 2613 2607 2608
f 2613 2611 2609 2607
f 2614 2608 2610 2612
g kitchen_1_8
v 33.846572875976562 0 0.24828717112541199
v 33.846572875976562 3 0.24828717112541199
v 36.899143218994141 0 0.24828717112541199
v 36.899143218994141 3 0.24828717112541199
v 36.899143218994141 0 -2.7054316997528076
v 36.899143218994141 3 -2.7054316997528076
v 35.278884887695312 0 -2.7054316997528076
v 35.278884887695312 3 -2.7054316997528076
v 35.278884887695312 0 -5.2767128944396973
v 35.278884887695312 3 -5.2767128944396973
v 33.846572875976562 0 -5.2767128944396973
v 33.846572875976562 3 -5.2767128944396973
f 2615 2625 2623 2621 2619 2617
f 2626 2616 2618 2620 2622 2624
f 2616 2615 2617 2618
f 2618 2617 2619 2620
f 2620 2619 2621 2622
f 2622 2621 2623 2624
f 2624 2623 2625 2626
f 2626 2625 2615 2616
g bathroom_1_7
v 35.278884887695312 0 -3.8461496829986572
v 35.278884887695312 3 -3.8461496829986572
v 36.899143218994141 0 -3.8461496829986572
v 36.899143218994141 3 -3.8461496829986572
v 36.899143218994141 0 -5.2767128944396973
v 36.899143218994141 3 -5.2767128944396973
v 35.278884887695312 0 -5.2767128944396973
v 35.278884887695312 3 -5.2767128944396973
f 2628 2627 2629 2630
f 2630 2629 2631 2632
f 2632 2631 2633 2634
f 2634 2633 2627 2628
f 2633 2631 2629 2627
f 2634 2628 2630 2632
g bathroom_1_6
v 35.278884887695312 0 -2.7054316997528076
v 35.278884887695312 3 -2.7054316997528076
v 36.899143218994141 0 -2.7054316997528076
v 36.899143218994141 3 -2.7054316997528076
v 36.899143218994141 0 -3.8461496829986572
v 36.899143218994141 3 -3.8461496829986572
v 35.278884887695312 0 -3.8461496829986572
v 35.278884887695312 3 -3.8461496829986572
f 2636 2635 2637 2638
f 2638 2637 2639 2640
f 2640 2639 2641 2642
f 2642 2641 2635 2636
f 2641 2639 2637 2635
f 2642 2636 2638 2640
g balcony_1_5
v 27.472431182861328 0 0.24828717112541199
v 27.472431182861328 3 0.24828717112541199
v 30.422430038452148 0 0.24828717112541199
v 30.422430038452148 3 0.24828717112541199
v 30.422430038452148 0 -1.2475488185882568
v 30.422430038452148 3 -1.2475488185882568
v 27.472431182861328 0 -1.2475488185882568
v 27.472431182861328 3 -1.2475488185882568
f 2644 2643 2645 2646
f 2646 2645 2647 2648
f 2648 2647 2649 2650
f 2650 2649 2643 2644
f 2649 2647 2645 2643
f 2650 2644 2646 2648
g balcony_1_4
v 24.600000381469727 0 0.24828717112541199
v 24.600000381469727 3 0.24828717112541199
v 27.472431182861328 0 0.24828717112541199
v 27.472431182861328 3 0.24828717112541199
v 27.472431182861328 0 -1.2475488185882568
v 27.472431182861328 3 -1.2475488185882568
v 24.600000381469727 0 -1.2475488185882568
v 24.600000381469727 3 -1.2475488185882568
f 2652 2651 2653 2654
f 2654 2653 2655 2656
f 2656 2655 2657 2658
f 2658 2657 2651 2652
f 2657 2655 2653 2651
f 2658 2652 2654 2656
g bedroom_1_3
v 27.472431182861328 0 -1.2475488185882568
v 27.472431182861328 3 -1.2475488185882568
v 30.422430038452148 0 -1.2475488185882568
v 30.422430038452148 3 -1.2475488185882568
v 30.422430038452148 0 -5.2767128944396973
v 30.422430038452148 3 -5.2767128944396973
v 27.472431182861328 0 -5.2767128944396973
v 27.472431182861328 3 -5.2767128944396973
f 2660 2659 2661 2662
f 2662 2661 2663 2664
f 2664 2663 2665 2666
f 2666 2665 2659 2660
f 2665 2663 2661 2659
f 2666 2660 2662 2664
g bathroom_1_2
v 24.600000381469727 0 -6.4900670051574707
v 24.600000381469727 3 -6.4900670051574707
v 26.222827911376953 0 -6.4900670051574707
v 26.222827911376953 3 -6.4900670051574707
v 26.222827911376953 0 -8.3084068298339844
v 26.222827911376953 3 -8.3084068298339844
v 24.600000381469727 0 -8.3084068298339844
v 24.600000381469727 3 -8.3084068298339844
f 2668 2667 2669 2670
f 2670 2669 2671 2672
f 2672 2671 2673 2674
f 2674 2673 2667 2668
f 2673 2671 2669 2667
f 2674 2668 2670 2672
g bedroom_1_1
v 24.600000381469727 0 -8.3084068298339844
v 24.600000381469727 3 -8.3084068298339844
v 28.32499885559082 0 -8.3084068298339844
v 28.32499885559082 3 -8.3084068298339844
v 28.32499885559082 0 -12.245989799499512
v 28.32499885559082 3 -12.245989799499512
v 24.600000381469727 0 -12.245989799499512
v 24.600000381469727 3 -12.245989799499512
f 2676 2675 2677 2678
f 2678 2677 2679 2680
f 2680 2679 2681 2682
f 2682 2681 2675 2676
f 2681 2679 2677 2675
f 2682 2676 2678 2680
g object_1
v 35.001712799072266 0 -7.0050110816955566
v 35.001712799072266 27 -7.0050110816955566
v 38.798286437988281 0 -7.0050110816955566
v 38.798286437988281 27 -7.0050110816955566
v 38.798286437988281 0 -11.745989799499512
v 38.798286437988281 27 -11.745989799499512
v 35.001712799072266 0 -11.745989799499512
v 35.001712799072266 27 -11.745989799499512
f 2684 2683 2685 2686
f 2686 2685 2687 2688
f 2688 2687 2689 2690
f 2690 2689 2683 2684
f 2689 2687 2685 2683
f 2690 2684 2686 2688
g stairs
v 35.001712799072266 0 -7.0050110816955566
v 35.001712799072266 27 -7.0050110816955566
v 38.798286437988281 0 -7.0050110816955566
v 38.798286437988281 27 -7.0050110816955566
v 38.798286437988281 0 -11.745989799499512
v 38.798286437988281 27 -11.745989799499512
v 35.001712799072266 0 -11.745989799499512
v 35.001712799072266 27 -11.745989799499512
f 2692 2691 2693 2694
f 2694 2693 2695 2696
f 2696 2695 2697 2698
f 2698 2697 2691 2692
f 2697 2695 2693 2691
f 2698 2692 2694 2696
