graph_id,src_id,dst_id,label,train_mask,val_mask,test_mask
0,189,419,0,True,False,False
0,419,189,0,True,False,False
0,419,311,0,True,False,False
0,311,419,0,True,False,False
0,187,419,0,True,False,False
0,419,187,0,True,False,False
0,419,365,0,True,False,False
0,365,419,0,True,False,False
0,17,419,0,True,False,False
0,419,17,0,True,False,False
0,0,451,0,True,False,False
0,451,0,0,True,False,False
0,37,0,0,True,False,False
0,0,37,0,True,False,False
0,0,824,0,True,False,False
0,824,0,0,True,False,False
0,0,797,0,True,False,False
0,797,0,0,True,False,False
0,265,0,0,True,False,False
0,0,265,0,True,False,False
0,0,199,0,True,False,False
0,199,0,0,True,False,False
0,408,658,0,True,False,False
0,658,408,0,True,False,False
0,499,408,0,True,False,False
0,408,499,0,True,False,False
0,408,739,0,True,False,False
0,739,408,0,True,False,False
0,618,408,0,True,False,False
0,408,618,0,True,False,False
0,831,758,0,True,False,False
0,758,831,0,True,False,False
0,831,532,0,True,False,False
0,532,831,0,True,False,False
0,831,868,0,True,False,False
0,868,831,0,True,False,False
0,139,831,0,True,False,False
0,831,139,0,True,False,False
0,17,831,0,True,False,False
0,831,17,0,True,False,False
0,868,275,0,True,False,False
0,275,868,0,True,False,False
0,17,868,0,True,False,False
0,868,17,0,True,False,False
0,868,356,0,True,False,False
0,356,868,0,True,False,False
0,868,731,0,True,False,False
0,731,868,0,True,False,False
0,456,481,0,True,False,False
0,481,456,0,True,False,False
0,650,481,0,True,False,False
0,481,650,0,True,False,False
0,481,466,0,True,False,False
0,466,481,0,True,False,False
0,481,842,0,True,False,False
0,842,481,0,True,False,False
0,835,481,0,True,False,False
0,481,835,0,True,False,False
0,724,481,0,True,False,False
0,481,724,0,True,False,False
0,866,481,0,True,False,False
0,481,866,0,True,False,False
0,481,164,0,True,False,False
0,164,481,0,True,False,False
0,559,240,0,True,False,False
0,240,559,0,True,False,False
0,559,774,0,True,False,False
0,774,559,0,True,False,False
0,17,559,0,True,False,False
0,559,17,0,True,False,False
0,442,559,0,True,False,False
0,559,442,0,True,False,False
0,824,786,0,True,False,False
0,786,824,0,True,False,False
0,540,786,0,True,False,False
0,786,540,0,True,False,False
0,786,716,0,True,False,False
0,716,786,0,True,False,False
0,17,786,0,True,False,False
0,786,17,0,True,False,False
0,786,98,0,True,False,False
0,98,786,0,True,False,False
0,222,786,0,True,False,False
0,786,222,0,True,False,False
0,139,55,0,True,False,False
0,55,139,0,True,False,False
0,139,113,0,True,False,False
0,113,139,0,True,False,False
0,17,139,0,True,False,False
0,139,17,0,True,False,False
0,719,139,0,True,False,False
0,139,719,0,True,False,False
0,442,444,0,True,False,False
0,444,442,0,True,False,False
0,442,43,0,True,False,False
0,43,442,0,True,False,False
0,365,442,0,True,False,False
0,442,365,0,True,False,False
0,17,442,0,True,False,False
0,442,17,0,True,False,False
0,189,704,0,True,False,False
0,704,189,0,True,False,False
0,704,417,0,True,False,False
0,417,704,0,True,False,False
0,704,544,0,True,False,False
0,544,704,0,True,False,False
0,17,704,0,True,False,False
0,704,17,0,True,False,False
0,704,98,0,True,False,False
0,98,704,0,True,False,False
0,222,704,0,True,False,False
0,704,222,0,True,False,False
0,396,437,0,True,False,False
0,437,396,0,True,False,False
0,396,860,0,True,False,False
0,860,396,0,True,False,False
0,524,396,0,True,False,False
0,396,524,0,True,False,False
0,17,451,0,True,False,False
0,451,17,0,True,False,False
0,17,456,0,True,False,False
0,456,17,0,True,False,False
0,17,230,0,True,False,False
0,230,17,0,True,False,False
0,17,766,0,True,False,False
0,766,17,0,True,False,False
0,17,310,0,True,False,False
0,310,17,0,True,False,False
0,17,603,0,True,False,False
0,603,17,0,True,False,False
0,17,667,0,True,False,False
0,667,17,0,True,False,False
0,17,48,0,True,False,False
0,48,17,0,True,False,False
0,17,183,0,True,False,False
0,183,17,0,True,False,False
0,17,824,0,True,False,False
0,824,17,0,True,False,False
0,17,66,0,True,False,False
0,66,17,0,True,False,False
0,17,275,0,True,False,False
0,275,17,0,True,False,False
0,17,532,0,True,False,False
0,532,17,0,True,False,False
0,17,774,0,True,False,False
0,774,17,0,True,False,False
0,17,540,0,True,False,False
0,540,17,0,True,False,False
0,17,437,0,True,False,False
0,437,17,0,True,False,False
0,17,130,0,True,False,False
0,130,17,0,True,False,False
0,17,223,0,True,False,False
0,223,17,0,True,False,False
0,265,17,0,True,False,False
0,17,265,0,True,False,False
0,17,189,0,True,False,False
0,189,17,0,True,False,False
0,17,13,0,True,False,False
0,13,17,0,True,False,False
0,17,55,0,True,False,False
0,55,17,0,True,False,False
0,835,17,0,True,False,False
0,17,835,0,True,False,False
0,17,165,0,True,False,False
0,165,17,0,True,False,False
0,17,568,0,True,False,False
0,568,17,0,True,False,False
0,17,187,0,True,False,False
0,187,17,0,True,False,False
0,17,61,0,True,False,False
0,61,17,0,True,False,False
0,17,767,0,True,False,False
0,767,17,0,True,False,False
0,17,254,0,True,False,False
0,254,17,0,True,False,False
0,17,281,0,True,False,False
0,281,17,0,True,False,False
0,17,245,0,True,False,False
0,245,17,0,True,False,False
0,17,322,0,True,False,False
0,322,17,0,True,False,False
0,17,190,0,True,False,False
0,190,17,0,True,False,False
0,17,141,0,True,False,False
0,141,17,0,True,False,False
0,17,231,0,True,False,False
0,231,17,0,True,False,False
0,17,857,0,True,False,False
0,857,17,0,True,False,False
0,17,256,0,True,False,False
0,256,17,0,True,False,False
0,17,350,0,True,False,False
0,350,17,0,True,False,False
0,17,768,0,True,False,False
0,768,17,0,True,False,False
0,17,430,0,True,False,False
0,430,17,0,True,False,False
0,17,471,0,True,False,False
0,471,17,0,True,False,False
0,17,858,0,True,False,False
0,858,17,0,True,False,False
0,17,259,0,True,False,False
0,259,17,0,True,False,False
0,17,43,0,True,False,False
0,43,17,0,True,False,False
0,17,544,0,True,False,False
0,544,17,0,True,False,False
0,17,164,0,True,False,False
0,164,17,0,True,False,False
0,17,365,0,True,False,False
0,365,17,0,True,False,False
0,17,551,0,True,False,False
0,551,17,0,True,False,False
0,17,473,0,True,False,False
0,473,17,0,True,False,False
0,17,44,0,True,False,False
0,44,17,0,True,False,False
0,17,719,0,True,False,False
0,719,17,0,True,False,False
0,17,356,0,True,False,False
0,356,17,0,True,False,False
0,17,826,0,True,False,False
0,826,17,0,True,False,False
0,17,681,0,True,False,False
0,681,17,0,True,False,False
0,17,572,0,True,False,False
0,572,17,0,True,False,False
0,17,98,0,True,False,False
0,98,17,0,True,False,False
0,17,222,0,True,False,False
0,222,17,0,True,False,False
0,17,721,0,True,False,False
0,721,17,0,True,False,False
0,275,768,0,True,False,False
0,768,275,0,True,False,False
0,275,485,0,True,False,False
0,485,275,0,True,False,False
0,824,451,0,True,False,False
0,451,824,0,True,False,False
0,824,456,0,True,False,False
0,456,824,0,True,False,False
0,824,111,0,True,False,False
0,111,824,0,True,False,False
0,824,437,0,True,False,False
0,437,824,0,True,False,False
0,824,540,0,True,False,False
0,540,824,0,True,False,False
0,824,797,0,True,False,False
0,797,824,0,True,False,False
0,265,824,0,True,False,False
0,824,265,0,True,False,False
0,824,716,0,True,False,False
0,716,824,0,True,False,False
0,524,824,0,True,False,False
0,824,524,0,True,False,False
0,824,222,0,True,False,False
0,222,824,0,True,False,False
0,540,111,0,True,False,False
0,111,540,0,True,False,False
0,540,437,0,True,False,False
0,437,540,0,True,False,False
0,540,13,0,True,False,False
0,13,540,0,True,False,False
0,540,231,0,True,False,False
0,231,540,0,True,False,False
0,835,456,0,True,False,False
0,456,835,0,True,False,False
0,835,9,0,True,False,False
0,9,835,0,True,False,False
0,835,650,0,True,False,False
0,650,835,0,True,False,False
0,265,835,0,True,False,False
0,835,265,0,True,False,False
0,835,301,0,True,False,False
0,301,835,0,True,False,False
0,835,724,0,True,False,False
0,724,835,0,True,False,False
0,835,866,0,True,False,False
0,866,835,0,True,False,False
0,835,164,0,True,False,False
0,164,835,0,True,False,False
0,348,835,0,True,False,False
0,835,348,0,True,False,False
0,835,719,0,True,False,False
0,719,835,0,True,False,False
0,9,301,0,True,False,False
0,301,9,0,True,False,False
0,301,650,0,True,False,False
0,650,301,0,True,False,False
0,301,818,0,True,False,False
0,818,301,0,True,False,False
0,301,724,0,True,False,False
0,724,301,0,True,False,False
0,301,335,0,True,False,False
0,335,301,0,True,False,False
0,437,111,0,True,False,False
0,111,437,0,True,False,False
0,437,13,0,True,False,False
0,13,437,0,True,False,False
0,437,767,0,True,False,False
0,767,437,0,True,False,False
0,437,465,0,True,False,False
0,465,437,0,True,False,False
0,437,492,0,True,False,False
0,492,437,0,True,False,False
0,189,165,0,True,False,False
0,165,189,0,True,False,False
0,165,548,0,True,False,False
0,548,165,0,True,False,False
0,165,43,0,True,False,False
0,43,165,0,True,False,False
0,165,544,0,True,False,False
0,544,165,0,True,False,False
0,365,165,0,True,False,False
0,165,365,0,True,False,False
0,746,389,0,True,False,False
0,389,746,0,True,False,False
0,389,499,0,True,False,False
0,499,389,0,True,False,False
0,59,389,0,True,False,False
0,389,59,0,True,False,False
0,389,367,0,True,False,False
0,367,389,0,True,False,False
0,456,866,0,True,False,False
0,866,456,0,True,False,False
0,9,866,0,True,False,False
0,866,9,0,True,False,False
0,866,650,0,True,False,False
0,650,866,0,True,False,False
0,866,842,0,True,False,False
0,842,866,0,True,False,False
0,866,392,0,True,False,False
0,392,866,0,True,False,False
0,866,385,0,True,False,False
0,385,866,0,True,False,False
0,866,380,0,True,False,False
0,380,866,0,True,False,False
0,866,279,0,True,False,False
0,279,866,0,True,False,False
0,634,125,0,True,False,False
0,125,634,0,True,False,False
0,125,448,0,True,False,False
0,448,125,0,True,False,False
0,125,744,0,True,False,False
0,744,125,0,True,False,False
0,618,9,0,True,False,False
0,9,618,0,True,False,False
0,348,618,0,True,False,False
0,618,348,0,True,False,False
0,50,618,0,True,False,False
0,618,50,0,True,False,False
0,365,114,0,True,False,False
0,114,365,0,True,False,False
0,59,634,0,True,False,False
0,634,59,0,True,False,False
0,791,59,0,True,False,False
0,59,791,0,True,False,False
0,192,348,0,True,False,False
0,348,192,0,True,False,False
0,598,348,0,True,False,False
0,348,598,0,True,False,False
0,746,50,0,True,False,False
0,50,746,0,True,False,False
0,50,499,0,True,False,False
0,499,50,0,True,False,False
0,192,50,0,True,False,False
0,50,192,0,True,False,False
0,265,451,0,True,False,False
0,451,265,0,True,False,False
0,265,37,0,True,False,False
0,37,265,0,True,False,False
0,425,265,0,True,False,False
0,265,425,0,True,False,False
0,265,187,0,True,False,False
0,187,265,0,True,False,False
0,598,265,0,True,False,False
0,265,598,0,True,False,False
0,187,451,0,True,False,False
0,451,187,0,True,False,False
0,187,37,0,True,False,False
0,37,187,0,True,False,False
0,37,311,0,True,False,False
0,311,37,0,True,False,False
0,451,189,0,True,False,False
0,189,451,0,True,False,False
0,451,222,0,True,False,False
0,222,451,0,True,False,False
0,499,657,0,True,False,False
0,657,499,0,True,False,False
0,657,739,0,True,False,False
0,739,657,0,True,False,False
0,367,657,0,True,False,False
0,657,367,0,True,False,False
0,657,459,0,True,False,False
0,459,657,0,True,False,False
0,634,367,0,True,False,False
0,367,634,0,True,False,False
0,367,744,0,True,False,False
0,744,367,0,True,False,False
0,724,650,0,True,False,False
0,650,724,0,True,False,False
0,724,113,0,True,False,False
0,113,724,0,True,False,False
0,724,719,0,True,False,False
0,719,724,0,True,False,False
0,719,164,0,True,False,False
0,164,719,0,True,False,False
0,456,766,0,True,False,False
0,766,456,0,True,False,False
0,456,392,0,True,False,False
0,392,456,0,True,False,False
0,456,842,0,True,False,False
0,842,456,0,True,False,False
0,456,643,0,True,False,False
0,643,456,0,True,False,False
0,456,767,0,True,False,False
0,767,456,0,True,False,False
0,456,39,0,True,False,False
0,39,456,0,True,False,False
0,456,430,0,True,False,False
0,430,456,0,True,False,False
0,456,385,0,True,False,False
0,385,456,0,True,False,False
0,456,858,0,True,False,False
0,858,456,0,True,False,False
0,456,164,0,True,False,False
0,164,456,0,True,False,False
0,456,721,0,True,False,False
0,721,456,0,True,False,False
0,9,597,0,True,False,False
0,597,9,0,True,False,False
0,9,658,0,True,False,False
0,658,9,0,True,False,False
0,9,650,0,True,False,False
0,650,9,0,True,False,False
0,9,694,0,True,False,False
0,694,9,0,True,False,False
0,9,818,0,True,False,False
0,818,9,0,True,False,False
0,9,392,0,True,False,False
0,392,9,0,True,False,False
0,9,528,0,True,False,False
0,528,9,0,True,False,False
0,9,560,0,True,False,False
0,560,9,0,True,False,False
0,9,279,0,True,False,False
0,279,9,0,True,False,False
0,650,528,0,True,False,False
0,528,650,0,True,False,False
0,650,217,0,True,False,False
0,217,650,0,True,False,False
0,164,55,0,True,False,False
0,55,164,0,True,False,False
0,164,858,0,True,False,False
0,858,164,0,True,False,False
0,425,524,0,True,False,False
0,524,425,0,True,False,False
0,222,797,0,True,False,False
0,797,222,0,True,False,False
0,189,199,0,True,False,False
0,199,189,0,True,False,False
0,66,603,0,True,False,False
0,603,66,0,True,False,False
0,66,527,0,True,False,False
0,527,66,0,True,False,False
0,66,249,0,True,False,False
0,249,66,0,True,False,False
0,66,572,0,True,False,False
0,572,66,0,True,False,False
0,721,66,0,True,False,False
0,66,721,0,True,False,False
0,667,130,0,True,False,False
0,130,667,0,True,False,False
0,130,48,0,True,False,False
0,48,130,0,True,False,False
0,130,322,0,True,False,False
0,322,130,0,True,False,False
0,826,130,0,True,False,False
0,130,826,0,True,False,False
0,183,190,0,True,False,False
0,190,183,0,True,False,False
0,190,254,0,True,False,False
0,254,190,0,True,False,False
0,245,190,0,True,False,False
0,190,245,0,True,False,False
0,190,141,0,True,False,False
0,141,190,0,True,False,False
0,190,225,0,True,False,False
0,225,190,0,True,False,False
0,768,591,0,True,False,False
0,591,768,0,True,False,False
0,768,281,0,True,False,False
0,281,768,0,True,False,False
0,356,768,0,True,False,False
0,768,356,0,True,False,False
0,43,774,0,True,False,False
0,774,43,0,True,False,False
0,43,352,0,True,False,False
0,352,43,0,True,False,False
0,43,245,0,True,False,False
0,245,43,0,True,False,False
0,473,183,0,True,False,False
0,183,473,0,True,False,False
0,774,473,0,True,False,False
0,473,774,0,True,False,False
0,473,245,0,True,False,False
0,245,473,0,True,False,False
0,473,70,0,True,False,False
0,70,473,0,True,False,False
0,183,681,0,True,False,False
0,681,183,0,True,False,False
0,681,236,0,True,False,False
0,236,681,0,True,False,False
0,681,61,0,True,False,False
0,61,681,0,True,False,False
0,681,141,0,True,False,False
0,141,681,0,True,False,False
0,231,223,0,True,False,False
0,223,231,0,True,False,False
0,231,350,0,True,False,False
0,350,231,0,True,False,False
0,231,509,0,True,False,False
0,509,231,0,True,False,False
0,231,98,0,True,False,False
0,98,231,0,True,False,False
0,766,767,0,True,False,False
0,767,766,0,True,False,False
0,430,766,0,True,False,False
0,766,430,0,True,False,False
0,766,572,0,True,False,False
0,572,766,0,True,False,False
0,766,721,0,True,False,False
0,721,766,0,True,False,False
0,603,667,0,True,False,False
0,667,603,0,True,False,False
0,667,794,0,True,False,False
0,794,667,0,True,False,False
0,551,667,0,True,False,False
0,667,551,0,True,False,False
0,55,532,0,True,False,False
0,532,55,0,True,False,False
0,532,471,0,True,False,False
0,471,532,0,True,False,False
0,532,83,0,True,False,False
0,83,532,0,True,False,False
0,532,356,0,True,False,False
0,356,532,0,True,False,False
0,13,350,0,True,False,False
0,350,13,0,True,False,False
0,13,492,0,True,False,False
0,492,13,0,True,False,False
0,61,310,0,True,False,False
0,310,61,0,True,False,False
0,61,854,0,True,False,False
0,854,61,0,True,False,False
0,310,141,0,True,False,False
0,141,310,0,True,False,False
0,141,460,0,True,False,False
0,460,141,0,True,False,False
0,141,223,0,True,False,False
0,223,141,0,True,False,False
0,430,643,0,True,False,False
0,643,430,0,True,False,False
0,858,430,0,True,False,False
0,430,858,0,True,False,False
0,430,44,0,True,False,False
0,44,430,0,True,False,False
0,230,322,0,True,False,False
0,322,230,0,True,False,False
0,568,322,0,True,False,False
0,322,568,0,True,False,False
0,322,857,0,True,False,False
0,857,322,0,True,False,False
0,322,794,0,True,False,False
0,794,322,0,True,False,False
0,544,839,0,True,False,False
0,839,544,0,True,False,False
0,544,254,0,True,False,False
0,254,544,0,True,False,False
0,544,245,0,True,False,False
0,245,544,0,True,False,False
0,259,310,0,True,False,False
0,310,259,0,True,False,False
0,259,223,0,True,False,False
0,223,259,0,True,False,False
0,350,259,0,True,False,False
0,259,350,0,True,False,False
0,259,38,0,True,False,False
0,38,259,0,True,False,False
0,230,789,0,True,False,False
0,789,230,0,True,False,False
0,230,281,0,True,False,False
0,281,230,0,True,False,False
0,826,230,0,True,False,False
0,230,826,0,True,False,False
0,356,568,0,True,False,False
0,568,356,0,True,False,False
0,356,614,0,True,False,False
0,614,356,0,True,False,False
0,310,675,0,True,False,False
0,675,310,0,True,False,False
0,721,643,0,True,False,False
0,643,721,0,True,False,False
0,767,721,0,True,False,False
0,721,767,0,True,False,False
0,721,39,0,True,False,False
0,39,721,0,True,False,False
0,774,122,0,True,False,False
0,122,774,0,True,False,False
0,471,612,0,True,False,False
0,612,471,0,True,False,False
0,471,568,0,True,False,False
0,568,471,0,True,False,False
0,471,857,0,True,False,False
0,857,471,0,True,False,False
0,256,471,0,True,False,False
0,471,256,0,True,False,False
0,281,568,0,True,False,False
0,568,281,0,True,False,False
0,568,134,0,True,False,False
0,134,568,0,True,False,False
0,245,729,0,True,False,False
0,729,245,0,True,False,False
0,98,254,0,True,False,False
0,254,98,0,True,False,False
0,98,381,0,True,False,False
0,381,98,0,True,False,False
0,603,48,0,True,False,False
0,48,603,0,True,False,False
0,603,848,0,True,False,False
0,848,603,0,True,False,False
0,350,150,0,True,False,False
0,150,350,0,True,False,False
0,858,842,0,True,False,False
0,842,858,0,True,False,False
0,858,256,0,True,False,False
0,256,858,0,True,False,False
0,551,789,0,True,False,False
0,789,551,0,True,False,False
0,551,826,0,True,False,False
0,826,551,0,True,False,False
0,183,159,0,True,False,False
0,159,183,0,True,False,False
0,55,466,0,True,False,False
0,466,55,0,True,False,False
0,55,256,0,True,False,False
0,256,55,0,True,False,False
0,281,84,0,True,False,False
0,84,281,0,True,False,False
0,767,39,0,True,False,False
0,39,767,0,True,False,False
0,767,530,0,True,False,False
0,530,767,0,True,False,False
0,767,722,0,True,False,False
0,722,767,0,True,False,False
0,256,104,0,True,False,False
0,104,256,0,True,False,False
0,256,44,0,True,False,False
0,44,256,0,True,False,False
0,819,133,0,True,False,False
0,133,819,0,True,False,False
0,819,776,0,True,False,False
0,776,819,0,True,False,False
0,90,819,0,True,False,False
0,819,90,0,True,False,False
0,803,776,0,True,False,False
0,776,803,0,True,False,False
0,776,235,0,True,False,False
0,235,776,0,True,False,False
0,776,232,0,True,False,False
0,232,776,0,True,False,False
0,791,746,0,True,False,False
0,746,791,0,True,False,False
0,133,791,0,True,False,False
0,791,133,0,True,False,False
0,803,155,0,True,False,False
0,155,803,0,True,False,False
0,155,235,0,True,False,False
0,235,155,0,True,False,False
0,155,80,0,True,False,False
0,80,155,0,True,False,False
0,235,598,0,True,False,False
0,598,235,0,True,False,False
0,80,598,0,True,False,False
0,598,80,0,True,False,False
0,232,746,0,True,False,False
0,746,232,0,True,False,False
0,90,803,0,True,False,False
0,803,90,0,True,False,False
0,80,425,0,True,False,False
0,425,80,0,True,False,False
0,235,192,0,True,False,False
0,192,235,0,True,False,False
0,232,192,0,True,False,False
0,192,232,0,True,False,False
0,133,232,0,True,False,False
0,232,133,0,True,False,False
0,223,254,0,True,False,False
0,254,223,0,True,False,False
0,254,299,0,True,False,False
0,299,254,0,True,False,False
0,485,591,0,True,False,False
0,591,485,0,True,False,False
0,731,485,0,True,False,False
0,485,731,0,True,False,False
0,744,459,0,True,False,False
0,459,744,0,True,False,False
0,744,674,0,True,False,False
0,674,744,0,True,False,False
0,279,247,0,True,False,False
0,247,279,0,True,False,False
0,597,279,0,True,False,False
0,279,597,0,True,False,False
0,392,279,0,True,False,False
0,279,392,0,True,False,False
0,279,526,0,True,False,False
0,526,279,0,True,False,False
0,528,279,0,True,False,False
0,279,528,0,True,False,False
0,758,731,0,True,False,False
0,731,758,0,True,False,False
0,731,614,0,True,False,False
0,614,731,0,True,False,False
0,459,321,0,True,False,False
0,321,459,0,True,False,False
0,459,541,0,True,False,False
0,541,459,0,True,False,False
0,311,114,0,True,False,False
0,114,311,0,True,False,False
0,114,444,0,True,False,False
0,444,114,0,True,False,False
0,114,548,0,True,False,False
0,548,114,0,True,False,False
0,658,706,0,True,False,False
0,706,658,0,True,False,False
0,658,327,0,True,False,False
0,327,658,0,True,False,False
0,658,597,0,True,False,False
0,597,658,0,True,False,False
0,658,694,0,True,False,False
0,694,658,0,True,False,False
0,658,514,0,True,False,False
0,514,658,0,True,False,False
0,658,512,0,True,False,False
0,512,658,0,True,False,False
0,658,255,0,True,False,False
0,255,658,0,True,False,False
0,658,289,0,True,False,False
0,289,658,0,True,False,False
0,658,91,0,True,False,False
0,91,658,0,True,False,False
0,658,560,0,True,False,False
0,560,658,0,True,False,False
0,658,267,0,True,False,False
0,267,658,0,True,False,False
0,857,48,0,True,False,False
0,48,857,0,True,False,False
0,572,48,0,True,False,False
0,48,572,0,True,False,False
0,797,716,0,True,False,False
0,716,797,0,True,False,False
0,797,417,0,True,False,False
0,417,797,0,True,False,False
0,448,869,0,True,False,False
0,869,448,0,True,False,False
0,448,674,0,True,False,False
0,674,448,0,True,False,False
0,694,818,0,True,False,False
0,818,694,0,True,False,False
0,694,91,0,True,False,False
0,91,694,0,True,False,False
0,694,560,0,True,False,False
0,560,694,0,True,False,False
0,694,147,0,True,False,False
0,147,694,0,True,False,False
0,392,247,0,True,False,False
0,247,392,0,True,False,False
0,392,597,0,True,False,False
0,597,392,0,True,False,False
0,392,39,0,True,False,False
0,39,392,0,True,False,False
0,392,530,0,True,False,False
0,530,392,0,True,False,False
0,392,401,0,True,False,False
0,401,392,0,True,False,False
0,392,385,0,True,False,False
0,385,392,0,True,False,False
0,392,289,0,True,False,False
0,289,392,0,True,False,False
0,392,395,0,True,False,False
0,395,392,0,True,False,False
0,392,7,0,True,False,False
0,7,392,0,True,False,False
0,44,857,0,True,False,False
0,857,44,0,True,False,False
0,857,848,0,True,False,False
0,848,857,0,True,False,False
0,739,514,0,True,False,False
0,514,739,0,True,False,False
0,739,541,0,True,False,False
0,541,739,0,True,False,False
0,560,327,0,True,False,False
0,327,560,0,True,False,False
0,597,560,0,True,False,False
0,560,597,0,True,False,False
0,560,528,0,True,False,False
0,528,560,0,True,False,False
0,560,621,0,True,False,False
0,621,560,0,True,False,False
0,311,199,0,True,False,False
0,199,311,0,True,False,False
0,199,417,0,True,False,False
0,417,199,0,True,False,False
0,199,548,0,True,False,False
0,548,199,0,True,False,False
0,44,527,0,True,False,False
0,527,44,0,True,False,False
0,44,572,0,True,False,False
0,572,44,0,True,False,False
0,716,111,0,True,False,False
0,111,716,0,True,False,False
0,111,492,0,True,False,False
0,492,111,0,True,False,False
0,111,509,0,True,False,False
0,509,111,0,True,False,False
0,818,368,0,True,False,False
0,368,818,0,True,False,False
0,818,528,0,True,False,False
0,528,818,0,True,False,False
0,842,643,0,True,False,False
0,643,842,0,True,False,False
0,842,385,0,True,False,False
0,385,842,0,True,False,False
0,842,104,0,True,False,False
0,104,842,0,True,False,False
0,385,247,0,True,False,False
0,247,385,0,True,False,False
0,385,643,0,True,False,False
0,643,385,0,True,False,False
0,385,39,0,True,False,False
0,39,385,0,True,False,False
0,385,452,0,True,False,False
0,452,385,0,True,False,False
0,643,527,0,True,False,False
0,527,643,0,True,False,False
0,39,643,0,True,False,False
0,643,39,0,True,False,False
0,716,381,0,True,False,False
0,381,716,0,True,False,False
0,380,466,0,True,False,False
0,466,380,0,True,False,False
0,380,526,0,True,False,False
0,526,380,0,True,False,False
0,380,104,0,True,False,False
0,104,380,0,True,False,False
0,380,452,0,True,False,False
0,452,380,0,True,False,False
0,380,217,0,True,False,False
0,217,380,0,True,False,False
0,217,146,0,True,False,False
0,146,217,0,True,False,False
0,217,466,0,True,False,False
0,466,217,0,True,False,False
0,113,217,0,True,False,False
0,217,113,0,True,False,False
0,335,217,0,True,False,False
0,217,335,0,True,False,False
0,597,401,0,True,False,False
0,401,597,0,True,False,False
0,597,666,0,True,False,False
0,666,597,0,True,False,False
0,597,289,0,True,False,False
0,289,597,0,True,False,False
0,597,267,0,True,False,False
0,267,597,0,True,False,False
0,113,758,0,True,False,False
0,758,113,0,True,False,False
0,113,466,0,True,False,False
0,466,113,0,True,False,False
0,335,113,0,True,False,False
0,113,335,0,True,False,False
0,335,368,0,True,False,False
0,368,335,0,True,False,False
0,466,83,0,True,False,False
0,83,466,0,True,False,False
0,466,104,0,True,False,False
0,104,466,0,True,False,False
0,860,6,0,True,False,False
0,6,860,0,True,False,False
0,860,465,0,True,False,False
0,465,860,0,True,False,False
0,528,146,0,True,False,False
0,146,528,0,True,False,False
0,758,83,0,True,False,False
0,83,758,0,True,False,False
0,223,16,0,True,False,False
0,16,223,0,True,False,False
0,39,249,0,True,False,False
0,249,39,0,True,False,False
0,39,530,0,True,False,False
0,530,39,0,True,False,False
0,39,395,0,True,False,False
0,395,39,0,True,False,False
0,150,38,0,True,False,False
0,38,150,0,True,False,False
0,38,675,0,True,False,False
0,675,38,0,True,False,False
0,38,16,0,True,False,False
0,16,38,0,True,False,False
0,854,675,0,True,False,False
0,675,854,0,True,False,False
0,675,460,0,True,False,False
0,460,675,0,True,False,False
0,839,729,0,True,False,False
0,729,839,0,True,False,False
0,352,729,0,True,False,False
0,729,352,0,True,False,False
0,70,729,0,True,False,False
0,729,70,0,True,False,False
0,729,225,0,True,False,False
0,225,729,0,True,False,False
0,240,122,0,True,False,False
0,122,240,0,True,False,False
0,352,122,0,True,False,False
0,122,352,0,True,False,False
0,122,70,0,True,False,False
0,70,122,0,True,False,False
0,527,848,0,True,False,False
0,848,527,0,True,False,False
0,612,848,0,True,False,False
0,848,612,0,True,False,False
0,848,794,0,True,False,False
0,794,848,0,True,False,False
0,236,854,0,True,False,False
0,854,236,0,True,False,False
0,527,249,0,True,False,False
0,249,527,0,True,False,False
0,104,527,0,True,False,False
0,527,104,0,True,False,False
0,527,452,0,True,False,False
0,452,527,0,True,False,False
0,614,591,0,True,False,False
0,591,614,0,True,False,False
0,83,614,0,True,False,False
0,614,83,0,True,False,False
0,614,134,0,True,False,False
0,134,614,0,True,False,False
0,417,839,0,True,False,False
0,839,417,0,True,False,False
0,548,839,0,True,False,False
0,839,548,0,True,False,False
0,839,299,0,True,False,False
0,299,839,0,True,False,False
0,444,352,0,True,False,False
0,352,444,0,True,False,False
0,548,352,0,True,False,False
0,352,548,0,True,False,False
0,591,84,0,True,False,False
0,84,591,0,True,False,False
0,444,240,0,True,False,False
0,240,444,0,True,False,False
0,465,627,0,True,False,False
0,627,465,0,True,False,False
0,465,722,0,True,False,False
0,722,465,0,True,False,False
0,83,612,0,True,False,False
0,612,83,0,True,False,False
0,492,150,0,True,False,False
0,150,492,0,True,False,False
0,509,150,0,True,False,False
0,150,509,0,True,False,False
0,249,399,0,True,False,False
0,399,249,0,True,False,False
0,249,452,0,True,False,False
0,452,249,0,True,False,False
0,789,794,0,True,False,False
0,794,789,0,True,False,False
0,789,84,0,True,False,False
0,84,789,0,True,False,False
0,236,460,0,True,False,False
0,460,236,0,True,False,False
0,159,236,0,True,False,False
0,236,159,0,True,False,False
0,70,159,0,True,False,False
0,159,70,0,True,False,False
0,159,225,0,True,False,False
0,225,159,0,True,False,False
0,530,800,0,True,False,False
0,800,530,0,True,False,False
0,530,725,0,True,False,False
0,725,530,0,True,False,False
0,530,395,0,True,False,False
0,395,530,0,True,False,False
0,530,7,0,True,False,False
0,7,530,0,True,False,False
0,417,381,0,True,False,False
0,381,417,0,True,False,False
0,509,381,0,True,False,False
0,381,509,0,True,False,False
0,381,299,0,True,False,False
0,299,381,0,True,False,False
0,509,16,0,True,False,False
0,16,509,0,True,False,False
0,612,134,0,True,False,False
0,134,612,0,True,False,False
0,134,794,0,True,False,False
0,794,134,0,True,False,False
0,84,134,0,True,False,False
0,134,84,0,True,False,False
0,104,612,0,True,False,False
0,612,104,0,True,False,False
0,104,452,0,True,False,False
0,452,104,0,True,False,False
0,722,800,0,True,False,False
0,800,722,0,True,False,False
0,722,677,0,True,False,False
0,677,722,0,True,False,False
0,460,16,0,True,False,False
0,16,460,0,True,False,False
0,16,299,0,True,False,False
0,299,16,0,True,False,False
0,368,146,0,True,False,False
0,146,368,0,True,False,False
0,146,526,0,True,False,False
0,526,146,0,True,False,False
0,621,146,0,True,False,False
0,146,621,0,True,False,False
0,327,267,0,True,False,False
0,267,327,0,True,False,False
0,267,777,0,True,False,False
0,777,267,0,True,False,False
0,512,267,0,True,False,False
0,267,512,0,True,False,False
0,267,107,0,True,False,False
0,107,267,0,True,False,False
0,289,267,0,True,False,False
0,267,289,0,True,False,False
0,706,327,0,True,False,False
0,327,706,0,True,False,False
0,706,713,0,True,False,False
0,713,706,0,True,False,False
0,514,706,0,True,False,False
0,706,514,0,True,False,False
0,512,706,0,True,False,False
0,706,512,0,True,False,False
0,255,706,0,True,False,False
0,706,255,0,True,False,False
0,706,630,0,True,False,False
0,630,706,0,True,False,False
0,627,677,0,True,False,False
0,677,627,0,True,False,False
0,677,306,0,True,False,False
0,306,677,0,True,False,False
0,677,846,0,True,False,False
0,846,677,0,True,False,False
0,757,644,0,True,False,False
0,644,757,0,True,False,False
0,757,2,0,True,False,False
0,2,757,0,True,False,False
0,757,193,0,True,False,False
0,193,757,0,True,False,False
0,869,757,0,True,False,False
0,757,869,0,True,False,False
0,757,168,0,True,False,False
0,168,757,0,True,False,False
0,757,205,0,True,False,False
0,205,757,0,True,False,False
0,757,169,0,True,False,False
0,169,757,0,True,False,False
0,757,569,0,True,False,False
0,569,757,0,True,False,False
0,757,804,0,True,False,False
0,804,757,0,True,False,False
0,674,757,0,True,False,False
0,757,674,0,True,False,False
0,514,406,0,True,False,False
0,406,514,0,True,False,False
0,514,489,0,True,False,False
0,489,514,0,True,False,False
0,514,366,0,True,False,False
0,366,514,0,True,False,False
0,514,512,0,True,False,False
0,512,514,0,True,False,False
0,514,415,0,True,False,False
0,415,514,0,True,False,False
0,514,255,0,True,False,False
0,255,514,0,True,False,False
0,514,859,0,True,False,False
0,859,514,0,True,False,False
0,514,630,0,True,False,False
0,630,514,0,True,False,False
0,514,251,0,True,False,False
0,251,514,0,True,False,False
0,514,273,0,True,False,False
0,273,514,0,True,False,False
0,562,175,0,True,False,False
0,175,562,0,True,False,False
0,321,562,0,True,False,False
0,562,321,0,True,False,False
0,541,562,0,True,False,False
0,562,541,0,True,False,False
0,562,266,0,True,False,False
0,266,562,0,True,False,False
0,255,406,0,True,False,False
0,406,255,0,True,False,False
0,255,781,0,True,False,False
0,781,255,0,True,False,False
0,255,91,0,True,False,False
0,91,255,0,True,False,False
0,859,162,0,True,False,False
0,162,859,0,True,False,False
0,859,71,0,True,False,False
0,71,859,0,True,False,False
0,859,88,0,True,False,False
0,88,859,0,True,False,False
0,859,144,0,True,False,False
0,144,859,0,True,False,False
0,859,489,0,True,False,False
0,489,859,0,True,False,False
0,859,412,0,True,False,False
0,412,859,0,True,False,False
0,859,784,0,True,False,False
0,784,859,0,True,False,False
0,859,567,0,True,False,False
0,567,859,0,True,False,False
0,541,859,0,True,False,False
0,859,541,0,True,False,False
0,859,251,0,True,False,False
0,251,859,0,True,False,False
0,859,266,0,True,False,False
0,266,859,0,True,False,False
0,859,273,0,True,False,False
0,273,859,0,True,False,False
0,859,718,0,True,False,False
0,718,859,0,True,False,False
0,725,445,0,True,False,False
0,445,725,0,True,False,False
0,289,725,0,True,False,False
0,725,289,0,True,False,False
0,725,449,0,True,False,False
0,449,725,0,True,False,False
0,725,542,0,True,False,False
0,542,725,0,True,False,False
0,7,725,0,True,False,False
0,725,7,0,True,False,False
0,725,498,0,True,False,False
0,498,725,0,True,False,False
0,393,696,0,True,False,False
0,696,393,0,True,False,False
0,393,193,0,True,False,False
0,193,393,0,True,False,False
0,869,393,0,True,False,False
0,393,869,0,True,False,False
0,91,327,0,True,False,False
0,327,91,0,True,False,False
0,91,620,0,True,False,False
0,620,91,0,True,False,False
0,452,856,0,True,False,False
0,856,452,0,True,False,False
0,6,564,0,True,False,False
0,564,6,0,True,False,False
0,564,715,0,True,False,False
0,715,564,0,True,False,False
0,564,851,0,True,False,False
0,851,564,0,True,False,False
0,251,406,0,True,False,False
0,406,251,0,True,False,False
0,251,312,0,True,False,False
0,312,251,0,True,False,False
0,251,412,0,True,False,False
0,412,251,0,True,False,False
0,251,273,0,True,False,False
0,273,251,0,True,False,False
0,406,617,0,True,False,False
0,617,406,0,True,False,False
0,406,630,0,True,False,False
0,630,406,0,True,False,False
0,327,833,0,True,False,False
0,833,327,0,True,False,False
0,6,627,0,True,False,False
0,627,6,0,True,False,False
0,526,856,0,True,False,False
0,856,526,0,True,False,False
0,666,526,0,True,False,False
0,526,666,0,True,False,False
0,147,620,0,True,False,False
0,620,147,0,True,False,False
0,147,368,0,True,False,False
0,368,147,0,True,False,False
0,147,621,0,True,False,False
0,621,147,0,True,False,False
0,225,460,0,True,False,False
0,460,225,0,True,False,False
0,225,299,0,True,False,False
0,299,225,0,True,False,False
0,247,401,0,True,False,False
0,401,247,0,True,False,False
0,401,777,0,True,False,False
0,777,401,0,True,False,False
0,289,401,0,True,False,False
0,401,289,0,True,False,False
0,401,726,0,True,False,False
0,726,401,0,True,False,False
0,401,7,0,True,False,False
0,7,401,0,True,False,False
0,247,395,0,True,False,False
0,395,247,0,True,False,False
0,395,399,0,True,False,False
0,399,395,0,True,False,False
0,7,395,0,True,False,False
0,395,7,0,True,False,False
0,627,715,0,True,False,False
0,715,627,0,True,False,False
0,800,846,0,True,False,False
0,846,800,0,True,False,False
0,800,449,0,True,False,False
0,449,800,0,True,False,False
0,399,856,0,True,False,False
0,856,399,0,True,False,False
0,399,472,0,True,False,False
0,472,399,0,True,False,False
0,321,644,0,True,False,False
0,644,321,0,True,False,False
0,674,321,0,True,False,False
0,321,674,0,True,False,False
0,644,680,0,True,False,False
0,680,644,0,True,False,False
0,644,814,0,True,False,False
0,814,644,0,True,False,False
0,644,175,0,True,False,False
0,175,644,0,True,False,False
0,644,2,0,True,False,False
0,2,644,0,True,False,False
0,644,63,0,True,False,False
0,63,644,0,True,False,False
0,644,106,0,True,False,False
0,106,644,0,True,False,False
0,644,205,0,True,False,False
0,205,644,0,True,False,False
0,644,506,0,True,False,False
0,506,644,0,True,False,False
0,644,14,0,True,False,False
0,14,644,0,True,False,False
0,644,760,0,True,False,False
0,760,644,0,True,False,False
0,512,277,0,True,False,False
0,277,512,0,True,False,False
0,512,366,0,True,False,False
0,366,512,0,True,False,False
0,512,415,0,True,False,False
0,415,512,0,True,False,False
0,289,512,0,True,False,False
0,512,289,0,True,False,False
0,512,132,0,True,False,False
0,132,512,0,True,False,False
0,289,445,0,True,False,False
0,445,289,0,True,False,False
0,289,277,0,True,False,False
0,277,289,0,True,False,False
0,289,777,0,True,False,False
0,777,289,0,True,False,False
0,289,366,0,True,False,False
0,366,289,0,True,False,False
0,289,7,0,True,False,False
0,7,289,0,True,False,False
0,289,498,0,True,False,False
0,498,289,0,True,False,False
0,247,856,0,True,False,False
0,856,247,0,True,False,False
0,666,107,0,True,False,False
0,107,666,0,True,False,False
0,666,726,0,True,False,False
0,726,666,0,True,False,False
0,666,621,0,True,False,False
0,621,666,0,True,False,False
0,621,833,0,True,False,False
0,833,621,0,True,False,False
0,7,445,0,True,False,False
0,445,7,0,True,False,False
0,7,472,0,True,False,False
0,472,7,0,True,False,False
0,2,814,0,True,False,False
0,814,2,0,True,False,False
0,2,205,0,True,False,False
0,205,2,0,True,False,False
0,2,186,0,True,False,False
0,186,2,0,True,False,False
0,2,169,0,True,False,False
0,169,2,0,True,False,False
0,814,106,0,True,False,False
0,106,814,0,True,False,False
0,814,423,0,True,False,False
0,423,814,0,True,False,False
0,814,760,0,True,False,False
0,760,814,0,True,False,False
0,760,63,0,True,False,False
0,63,760,0,True,False,False
0,760,372,0,True,False,False
0,372,760,0,True,False,False
0,760,207,0,True,False,False
0,207,760,0,True,False,False
0,205,760,0,True,False,False
0,760,205,0,True,False,False
0,506,760,0,True,False,False
0,760,506,0,True,False,False
0,680,580,0,True,False,False
0,580,680,0,True,False,False
0,680,51,0,True,False,False
0,51,680,0,True,False,False
0,175,680,0,True,False,False
0,680,175,0,True,False,False
0,680,63,0,True,False,False
0,63,680,0,True,False,False
0,506,680,0,True,False,False
0,680,506,0,True,False,False
0,14,680,0,True,False,False
0,680,14,0,True,False,False
0,680,762,0,True,False,False
0,762,680,0,True,False,False
0,680,683,0,True,False,False
0,683,680,0,True,False,False
0,713,8,0,True,False,False
0,8,713,0,True,False,False
0,781,713,0,True,False,False
0,713,781,0,True,False,False
0,132,713,0,True,False,False
0,713,132,0,True,False,False
0,713,833,0,True,False,False
0,833,713,0,True,False,False
0,193,670,0,True,False,False
0,670,193,0,True,False,False
0,193,538,0,True,False,False
0,538,193,0,True,False,False
0,193,802,0,True,False,False
0,802,193,0,True,False,False
0,193,565,0,True,False,False
0,565,193,0,True,False,False
0,193,742,0,True,False,False
0,742,193,0,True,False,False
0,193,529,0,True,False,False
0,529,193,0,True,False,False
0,193,407,0,True,False,False
0,407,193,0,True,False,False
0,205,193,0,True,False,False
0,193,205,0,True,False,False
0,569,193,0,True,False,False
0,193,569,0,True,False,False
0,193,506,0,True,False,False
0,506,193,0,True,False,False
0,804,193,0,True,False,False
0,193,804,0,True,False,False
0,696,742,0,True,False,False
0,742,696,0,True,False,False
0,696,258,0,True,False,False
0,258,696,0,True,False,False
0,106,63,0,True,False,False
0,63,106,0,True,False,False
0,106,439,0,True,False,False
0,439,106,0,True,False,False
0,14,106,0,True,False,False
0,106,14,0,True,False,False
0,63,830,0,True,False,False
0,830,63,0,True,False,False
0,63,188,0,True,False,False
0,188,63,0,True,False,False
0,506,63,0,True,False,False
0,63,506,0,True,False,False
0,472,3,0,True,False,False
0,3,472,0,True,False,False
0,726,472,0,True,False,False
0,472,726,0,True,False,False
0,132,695,0,True,False,False
0,695,132,0,True,False,False
0,132,107,0,True,False,False
0,107,132,0,True,False,False
0,132,214,0,True,False,False
0,214,132,0,True,False,False
0,630,8,0,True,False,False
0,8,630,0,True,False,False
0,630,415,0,True,False,False
0,415,630,0,True,False,False
0,273,630,0,True,False,False
0,630,273,0,True,False,False
0,620,833,0,True,False,False
0,833,620,0,True,False,False
0,833,107,0,True,False,False
0,107,833,0,True,False,False
0,266,88,0,True,False,False
0,88,266,0,True,False,False
0,266,124,0,True,False,False
0,124,266,0,True,False,False
0,266,545,0,True,False,False
0,545,266,0,True,False,False
0,88,525,0,True,False,False
0,525,88,0,True,False,False
0,88,174,0,True,False,False
0,174,88,0,True,False,False
0,88,723,0,True,False,False
0,723,88,0,True,False,False
0,88,109,0,True,False,False
0,109,88,0,True,False,False
0,88,71,0,True,False,False
0,71,88,0,True,False,False
0,88,405,0,True,False,False
0,405,88,0,True,False,False
0,88,852,0,True,False,False
0,852,88,0,True,False,False
0,88,424,0,True,False,False
0,424,88,0,True,False,False
0,88,637,0,True,False,False
0,637,88,0,True,False,False
0,88,496,0,True,False,False
0,496,88,0,True,False,False
0,88,587,0,True,False,False
0,587,88,0,True,False,False
0,88,556,0,True,False,False
0,556,88,0,True,False,False
0,88,418,0,True,False,False
0,418,88,0,True,False,False
0,88,545,0,True,False,False
0,545,88,0,True,False,False
0,88,144,0,True,False,False
0,144,88,0,True,False,False
0,88,116,0,True,False,False
0,116,88,0,True,False,False
0,88,20,0,True,False,False
0,20,88,0,True,False,False
0,88,262,0,True,False,False
0,262,88,0,True,False,False
0,88,770,0,True,False,False
0,770,88,0,True,False,False
0,88,349,0,True,False,False
0,349,88,0,True,False,False
0,88,234,0,True,False,False
0,234,88,0,True,False,False
0,88,577,0,True,False,False
0,577,88,0,True,False,False
0,88,346,0,True,False,False
0,346,88,0,True,False,False
0,88,497,0,True,False,False
0,497,88,0,True,False,False
0,88,784,0,True,False,False
0,784,88,0,True,False,False
0,88,351,0,True,False,False
0,351,88,0,True,False,False
0,88,195,0,True,False,False
0,195,88,0,True,False,False
0,88,11,0,True,False,False
0,11,88,0,True,False,False
0,88,288,0,True,False,False
0,288,88,0,True,False,False
0,88,813,0,True,False,False
0,813,88,0,True,False,False
0,88,662,0,True,False,False
0,662,88,0,True,False,False
0,88,801,0,True,False,False
0,801,88,0,True,False,False
0,88,378,0,True,False,False
0,378,88,0,True,False,False
0,88,703,0,True,False,False
0,703,88,0,True,False,False
0,88,422,0,True,False,False
0,422,88,0,True,False,False
0,88,298,0,True,False,False
0,298,88,0,True,False,False
0,88,46,0,True,False,False
0,46,88,0,True,False,False
0,88,161,0,True,False,False
0,161,88,0,True,False,False
0,88,330,0,True,False,False
0,330,88,0,True,False,False
0,88,342,0,True,False,False
0,342,88,0,True,False,False
0,88,838,0,True,False,False
0,838,88,0,True,False,False
0,88,727,0,True,False,False
0,727,88,0,True,False,False
0,88,718,0,True,False,False
0,718,88,0,True,False,False
0,88,377,0,True,False,False
0,377,88,0,True,False,False
0,88,42,0,True,False,False
0,42,88,0,True,False,False
0,144,71,0,True,False,False
0,71,144,0,True,False,False
0,144,412,0,True,False,False
0,412,144,0,True,False,False
0,144,346,0,True,False,False
0,346,144,0,True,False,False
0,412,796,0,True,False,False
0,796,412,0,True,False,False
0,412,567,0,True,False,False
0,567,412,0,True,False,False
0,415,257,0,True,False,False
0,257,415,0,True,False,False
0,489,415,0,True,False,False
0,415,489,0,True,False,False
0,366,415,0,True,False,False
0,415,366,0,True,False,False
0,415,695,0,True,False,False
0,695,415,0,True,False,False
0,489,162,0,True,False,False
0,162,489,0,True,False,False
0,366,489,0,True,False,False
0,489,366,0,True,False,False
0,489,479,0,True,False,False
0,479,489,0,True,False,False
0,489,862,0,True,False,False
0,862,489,0,True,False,False
0,489,273,0,True,False,False
0,273,489,0,True,False,False
0,489,718,0,True,False,False
0,718,489,0,True,False,False
0,366,277,0,True,False,False
0,277,366,0,True,False,False
0,366,805,0,True,False,False
0,805,366,0,True,False,False
0,366,257,0,True,False,False
0,257,366,0,True,False,False
0,366,479,0,True,False,False
0,479,366,0,True,False,False
0,366,152,0,True,False,False
0,152,366,0,True,False,False
0,366,542,0,True,False,False
0,542,366,0,True,False,False
0,366,498,0,True,False,False
0,498,366,0,True,False,False
0,366,718,0,True,False,False
0,718,366,0,True,False,False
0,781,617,0,True,False,False
0,617,781,0,True,False,False
0,781,620,0,True,False,False
0,620,781,0,True,False,False
0,449,194,0,True,False,False
0,194,449,0,True,False,False
0,449,745,0,True,False,False
0,745,449,0,True,False,False
0,169,168,0,True,False,False
0,168,169,0,True,False,False
0,169,73,0,True,False,False
0,73,169,0,True,False,False
0,169,804,0,True,False,False
0,804,169,0,True,False,False
0,445,3,0,True,False,False
0,3,445,0,True,False,False
0,777,445,0,True,False,False
0,445,777,0,True,False,False
0,498,445,0,True,False,False
0,445,498,0,True,False,False
0,168,569,0,True,False,False
0,569,168,0,True,False,False
0,168,28,0,True,False,False
0,28,168,0,True,False,False
0,569,538,0,True,False,False
0,538,569,0,True,False,False
0,569,344,0,True,False,False
0,344,569,0,True,False,False
0,804,569,0,True,False,False
0,569,804,0,True,False,False
0,851,29,0,True,False,False
0,29,851,0,True,False,False
0,851,432,0,True,False,False
0,432,851,0,True,False,False
0,14,390,0,True,False,False
0,390,14,0,True,False,False
0,14,660,0,True,False,False
0,660,14,0,True,False,False
0,14,175,0,True,False,False
0,175,14,0,True,False,False
0,273,567,0,True,False,False
0,567,273,0,True,False,False
0,273,503,0,True,False,False
0,503,273,0,True,False,False
0,777,277,0,True,False,False
0,277,777,0,True,False,False
0,277,257,0,True,False,False
0,257,277,0,True,False,False
0,277,214,0,True,False,False
0,214,277,0,True,False,False
0,277,498,0,True,False,False
0,498,277,0,True,False,False
0,306,260,0,True,False,False
0,260,306,0,True,False,False
0,715,306,0,True,False,False
0,306,715,0,True,False,False
0,306,25,0,True,False,False
0,25,306,0,True,False,False
0,175,580,0,True,False,False
0,580,175,0,True,False,False
0,175,494,0,True,False,False
0,494,175,0,True,False,False
0,175,51,0,True,False,False
0,51,175,0,True,False,False
0,175,390,0,True,False,False
0,390,175,0,True,False,False
0,175,124,0,True,False,False
0,124,175,0,True,False,False
0,175,238,0,True,False,False
0,238,175,0,True,False,False
0,175,209,0,True,False,False
0,209,175,0,True,False,False
0,175,462,0,True,False,False
0,462,175,0,True,False,False
0,715,29,0,True,False,False
0,29,715,0,True,False,False
0,205,670,0,True,False,False
0,670,205,0,True,False,False
0,205,224,0,True,False,False
0,224,205,0,True,False,False
0,205,506,0,True,False,False
0,506,205,0,True,False,False
0,205,804,0,True,False,False
0,804,205,0,True,False,False
0,506,670,0,True,False,False
0,670,506,0,True,False,False
0,506,580,0,True,False,False
0,580,506,0,True,False,False
0,506,578,0,True,False,False
0,578,506,0,True,False,False
0,506,606,0,True,False,False
0,606,506,0,True,False,False
0,506,372,0,True,False,False
0,372,506,0,True,False,False
0,506,830,0,True,False,False
0,830,506,0,True,False,False
0,506,840,0,True,False,False
0,840,506,0,True,False,False
0,506,407,0,True,False,False
0,407,506,0,True,False,False
0,506,360,0,True,False,False
0,360,506,0,True,False,False
0,506,762,0,True,False,False
0,762,506,0,True,False,False
0,856,726,0,True,False,False
0,726,856,0,True,False,False
0,107,834,0,True,False,False
0,834,107,0,True,False,False
0,726,834,0,True,False,False
0,834,726,0,True,False,False
0,542,805,0,True,False,False
0,805,542,0,True,False,False
0,542,424,0,True,False,False
0,424,542,0,True,False,False
0,542,194,0,True,False,False
0,194,542,0,True,False,False
0,542,152,0,True,False,False
0,152,542,0,True,False,False
0,498,542,0,True,False,False
0,542,498,0,True,False,False
0,804,802,0,True,False,False
0,802,804,0,True,False,False
0,804,364,0,True,False,False
0,364,804,0,True,False,False
0,498,553,0,True,False,False
0,553,498,0,True,False,False
0,498,152,0,True,False,False
0,152,498,0,True,False,False
0,777,834,0,True,False,False
0,834,777,0,True,False,False
0,846,260,0,True,False,False
0,260,846,0,True,False,False
0,846,745,0,True,False,False
0,745,846,0,True,False,False
0,29,60,0,True,False,False
0,60,29,0,True,False,False
0,29,25,0,True,False,False
0,25,29,0,True,False,False
0,784,162,0,True,False,False
0,162,784,0,True,False,False
0,784,71,0,True,False,False
0,71,784,0,True,False,False
0,784,11,0,True,False,False
0,11,784,0,True,False,False
0,784,46,0,True,False,False
0,46,784,0,True,False,False
0,718,784,0,True,False,False
0,784,718,0,True,False,False
0,862,248,0,True,False,False
0,248,862,0,True,False,False
0,862,695,0,True,False,False
0,695,862,0,True,False,False
0,862,503,0,True,False,False
0,503,862,0,True,False,False
0,862,535,0,True,False,False
0,535,862,0,True,False,False
0,194,86,0,True,False,False
0,86,194,0,True,False,False
0,194,338,0,True,False,False
0,338,194,0,True,False,False
0,186,224,0,True,False,False
0,224,186,0,True,False,False
0,186,85,0,True,False,False
0,85,186,0,True,False,False
0,186,423,0,True,False,False
0,423,186,0,True,False,False
0,186,73,0,True,False,False
0,73,186,0,True,False,False
0,73,364,0,True,False,False
0,364,73,0,True,False,False
0,73,429,0,True,False,False
0,429,73,0,True,False,False
0,73,28,0,True,False,False
0,28,73,0,True,False,False
0,25,795,0,True,False,False
0,795,25,0,True,False,False
0,25,388,0,True,False,False
0,388,25,0,True,False,False
0,28,810,0,True,False,False
0,810,28,0,True,False,False
0,28,344,0,True,False,False
0,344,28,0,True,False,False
0,224,861,0,True,False,False
0,861,224,0,True,False,False
0,224,207,0,True,False,False
0,207,224,0,True,False,False
0,224,753,0,True,False,False
0,753,224,0,True,False,False
0,224,364,0,True,False,False
0,364,224,0,True,False,False
0,834,3,0,True,False,False
0,3,834,0,True,False,False
0,834,214,0,True,False,False
0,214,834,0,True,False,False
0,71,567,0,True,False,False
0,567,71,0,True,False,False
0,71,378,0,True,False,False
0,378,71,0,True,False,False
0,553,3,0,True,False,False
0,3,553,0,True,False,False
0,424,525,0,True,False,False
0,525,424,0,True,False,False
0,805,424,0,True,False,False
0,424,805,0,True,False,False
0,424,817,0,True,False,False
0,817,424,0,True,False,False
0,424,338,0,True,False,False
0,338,424,0,True,False,False
0,424,838,0,True,False,False
0,838,424,0,True,False,False
0,718,424,0,True,False,False
0,424,718,0,True,False,False
0,312,617,0,True,False,False
0,617,312,0,True,False,False
0,617,8,0,True,False,False
0,8,617,0,True,False,False
0,670,802,0,True,False,False
0,802,670,0,True,False,False
0,802,538,0,True,False,False
0,538,802,0,True,False,False
0,802,529,0,True,False,False
0,529,802,0,True,False,False
0,802,140,0,True,False,False
0,140,802,0,True,False,False
0,745,86,0,True,False,False
0,86,745,0,True,False,False
0,745,176,0,True,False,False
0,176,745,0,True,False,False
0,479,805,0,True,False,False
0,805,479,0,True,False,False
0,257,479,0,True,False,False
0,479,257,0,True,False,False
0,479,747,0,True,False,False
0,747,479,0,True,False,False
0,479,248,0,True,False,False
0,248,479,0,True,False,False
0,718,479,0,True,False,False
0,479,718,0,True,False,False
0,364,140,0,True,False,False
0,140,364,0,True,False,False
0,364,656,0,True,False,False
0,656,364,0,True,False,False
0,364,344,0,True,False,False
0,344,364,0,True,False,False
0,344,426,0,True,False,False
0,426,344,0,True,False,False
0,344,41,0,True,False,False
0,41,344,0,True,False,False
0,312,796,0,True,False,False
0,796,312,0,True,False,False
0,312,503,0,True,False,False
0,503,312,0,True,False,False
0,538,565,0,True,False,False
0,565,538,0,True,False,False
0,538,426,0,True,False,False
0,426,538,0,True,False,False
0,670,861,0,True,False,False
0,861,670,0,True,False,False
0,670,372,0,True,False,False
0,372,670,0,True,False,False
0,670,407,0,True,False,False
0,407,670,0,True,False,False
0,805,817,0,True,False,False
0,817,805,0,True,False,False
0,805,152,0,True,False,False
0,152,805,0,True,False,False
0,805,678,0,True,False,False
0,678,805,0,True,False,False
0,718,805,0,True,False,False
0,805,718,0,True,False,False
0,567,250,0,True,False,False
0,250,567,0,True,False,False
0,567,162,0,True,False,False
0,162,567,0,True,False,False
0,407,578,0,True,False,False
0,578,407,0,True,False,False
0,407,606,0,True,False,False
0,606,407,0,True,False,False
0,407,523,0,True,False,False
0,523,407,0,True,False,False
0,407,742,0,True,False,False
0,742,407,0,True,False,False
0,407,529,0,True,False,False
0,529,407,0,True,False,False
0,742,604,0,True,False,False
0,604,742,0,True,False,False
0,742,606,0,True,False,False
0,606,742,0,True,False,False
0,742,565,0,True,False,False
0,565,742,0,True,False,False
0,742,529,0,True,False,False
0,529,742,0,True,False,False
0,565,547,0,True,False,False
0,547,565,0,True,False,False
0,565,529,0,True,False,False
0,529,565,0,True,False,False
0,529,585,0,True,False,False
0,585,529,0,True,False,False
0,8,695,0,True,False,False
0,695,8,0,True,False,False
0,695,764,0,True,False,False
0,764,695,0,True,False,False
0,503,250,0,True,False,False
0,250,503,0,True,False,False
0,503,8,0,True,False,False
0,8,503,0,True,False,False
0,214,764,0,True,False,False
0,764,214,0,True,False,False
0,214,553,0,True,False,False
0,553,214,0,True,False,False
0,718,162,0,True,False,False
0,162,718,0,True,False,False
0,718,545,0,True,False,False
0,545,718,0,True,False,False
0,718,747,0,True,False,False
0,747,718,0,True,False,False
0,718,817,0,True,False,False
0,817,718,0,True,False,False
0,718,46,0,True,False,False
0,46,718,0,True,False,False
0,718,838,0,True,False,False
0,838,718,0,True,False,False
0,162,747,0,True,False,False
0,747,162,0,True,False,False
0,162,535,0,True,False,False
0,535,162,0,True,False,False
0,553,610,0,True,False,False
0,610,553,0,True,False,False
0,257,152,0,True,False,False
0,152,257,0,True,False,False
0,152,610,0,True,False,False
0,610,152,0,True,False,False
0,257,764,0,True,False,False
0,764,257,0,True,False,False
0,260,795,0,True,False,False
0,795,260,0,True,False,False
0,260,176,0,True,False,False
0,176,260,0,True,False,False
0,262,662,0,True,False,False
0,662,262,0,True,False,False
0,351,662,0,True,False,False
0,662,351,0,True,False,False
0,662,119,0,True,False,False
0,119,662,0,True,False,False
0,378,662,0,True,False,False
0,662,378,0,True,False,False
0,662,422,0,True,False,False
0,422,662,0,True,False,False
0,423,409,0,True,False,False
0,409,423,0,True,False,False
0,423,207,0,True,False,False
0,207,423,0,True,False,False
0,423,439,0,True,False,False
0,439,423,0,True,False,False
0,174,422,0,True,False,False
0,422,174,0,True,False,False
0,422,770,0,True,False,False
0,770,422,0,True,False,False
0,422,123,0,True,False,False
0,123,422,0,True,False,False
0,349,806,0,True,False,False
0,806,349,0,True,False,False
0,349,723,0,True,False,False
0,723,349,0,True,False,False
0,349,405,0,True,False,False
0,405,349,0,True,False,False
0,349,74,0,True,False,False
0,74,349,0,True,False,False
0,346,796,0,True,False,False
0,796,346,0,True,False,False
0,346,351,0,True,False,False
0,351,346,0,True,False,False
0,378,346,0,True,False,False
0,346,378,0,True,False,False
0,342,497,0,True,False,False
0,497,342,0,True,False,False
0,11,342,0,True,False,False
0,342,11,0,True,False,False
0,342,702,0,True,False,False
0,702,342,0,True,False,False
0,46,342,0,True,False,False
0,342,46,0,True,False,False
0,342,42,0,True,False,False
0,42,342,0,True,False,False
0,606,578,0,True,False,False
0,578,606,0,True,False,False
0,372,578,0,True,False,False
0,578,372,0,True,False,False
0,578,455,0,True,False,False
0,455,578,0,True,False,False
0,578,840,0,True,False,False
0,840,578,0,True,False,False
0,405,56,0,True,False,False
0,56,405,0,True,False,False
0,405,770,0,True,False,False
0,770,405,0,True,False,False
0,405,497,0,True,False,False
0,497,405,0,True,False,False
0,660,439,0,True,False,False
0,439,660,0,True,False,False
0,439,188,0,True,False,False
0,188,439,0,True,False,False
0,439,118,0,True,False,False
0,118,439,0,True,False,False
0,580,51,0,True,False,False
0,51,580,0,True,False,False
0,390,51,0,True,False,False
0,51,390,0,True,False,False
0,51,127,0,True,False,False
0,127,51,0,True,False,False
0,51,31,0,True,False,False
0,31,51,0,True,False,False
0,51,462,0,True,False,False
0,462,51,0,True,False,False
0,418,637,0,True,False,False
0,637,418,0,True,False,False
0,418,587,0,True,False,False
0,587,418,0,True,False,False
0,703,418,0,True,False,False
0,418,703,0,True,False,False
0,418,433,0,True,False,False
0,433,418,0,True,False,False
0,418,571,0,True,False,False
0,571,418,0,True,False,False
0,258,604,0,True,False,False
0,604,258,0,True,False,False
0,580,209,0,True,False,False
0,209,580,0,True,False,False
0,124,209,0,True,False,False
0,209,124,0,True,False,False
0,209,34,0,True,False,False
0,34,209,0,True,False,False
0,209,870,0,True,False,False
0,870,209,0,True,False,False
0,238,209,0,True,False,False
0,209,238,0,True,False,False
0,209,462,0,True,False,False
0,462,209,0,True,False,False
0,209,420,0,True,False,False
0,420,209,0,True,False,False
0,209,129,0,True,False,False
0,129,209,0,True,False,False
0,840,341,0,True,False,False
0,341,840,0,True,False,False
0,606,840,0,True,False,False
0,840,606,0,True,False,False
0,840,830,0,True,False,False
0,830,840,0,True,False,False
0,360,840,0,True,False,False
0,840,360,0,True,False,False
0,683,297,0,True,False,False
0,297,683,0,True,False,False
0,660,683,0,True,False,False
0,683,660,0,True,False,False
0,683,31,0,True,False,False
0,31,683,0,True,False,False
0,683,110,0,True,False,False
0,110,683,0,True,False,False
0,683,188,0,True,False,False
0,188,683,0,True,False,False
0,462,685,0,True,False,False
0,685,462,0,True,False,False
0,580,462,0,True,False,False
0,462,580,0,True,False,False
0,494,462,0,True,False,False
0,462,494,0,True,False,False
0,462,752,0,True,False,False
0,752,462,0,True,False,False
0,580,762,0,True,False,False
0,762,580,0,True,False,False
0,762,127,0,True,False,False
0,127,762,0,True,False,False
0,830,762,0,True,False,False
0,762,830,0,True,False,False
0,762,110,0,True,False,False
0,110,762,0,True,False,False
0,360,762,0,True,False,False
0,762,360,0,True,False,False
0,580,685,0,True,False,False
0,685,580,0,True,False,False
0,580,181,0,True,False,False
0,181,580,0,True,False,False
0,580,594,0,True,False,False
0,594,580,0,True,False,False
0,580,127,0,True,False,False
0,127,580,0,True,False,False
0,580,793,0,True,False,False
0,793,580,0,True,False,False
0,580,15,0,True,False,False
0,15,580,0,True,False,False
0,580,360,0,True,False,False
0,360,580,0,True,False,False
0,580,129,0,True,False,False
0,129,580,0,True,False,False
0,580,420,0,True,False,False
0,420,580,0,True,False,False
0,545,525,0,True,False,False
0,525,545,0,True,False,False
0,545,23,0,True,False,False
0,23,545,0,True,False,False
0,606,79,0,True,False,False
0,79,606,0,True,False,False
0,606,15,0,True,False,False
0,15,606,0,True,False,False
0,606,360,0,True,False,False
0,360,606,0,True,False,False
0,660,421,0,True,False,False
0,421,660,0,True,False,False
0,660,596,0,True,False,False
0,596,660,0,True,False,False
0,124,23,0,True,False,False
0,23,124,0,True,False,False
0,124,20,0,True,False,False
0,20,124,0,True,False,False
0,124,34,0,True,False,False
0,34,124,0,True,False,False
0,238,124,0,True,False,False
0,124,238,0,True,False,False
0,124,196,0,True,False,False
0,196,124,0,True,False,False
0,124,330,0,True,False,False
0,330,124,0,True,False,False
0,124,129,0,True,False,False
0,129,124,0,True,False,False
0,432,218,0,True,False,False
0,218,432,0,True,False,False
0,432,60,0,True,False,False
0,60,432,0,True,False,False
0,238,494,0,True,False,False
0,494,238,0,True,False,False
0,238,684,0,True,False,False
0,684,238,0,True,False,False
0,238,20,0,True,False,False
0,20,238,0,True,False,False
0,46,747,0,True,False,False
0,747,46,0,True,False,False
0,46,838,0,True,False,False
0,838,46,0,True,False,False
0,174,351,0,True,False,False
0,351,174,0,True,False,False
0,351,75,0,True,False,False
0,75,351,0,True,False,False
0,703,496,0,True,False,False
0,496,703,0,True,False,False
0,703,428,0,True,False,False
0,428,703,0,True,False,False
0,703,461,0,True,False,False
0,461,703,0,True,False,False
0,360,117,0,True,False,False
0,117,360,0,True,False,False
0,360,181,0,True,False,False
0,181,360,0,True,False,False
0,360,15,0,True,False,False
0,15,360,0,True,False,False
0,174,823,0,True,False,False
0,823,174,0,True,False,False
0,637,684,0,True,False,False
0,684,637,0,True,False,False
0,637,20,0,True,False,False
0,20,637,0,True,False,False
0,637,709,0,True,False,False
0,709,637,0,True,False,False
0,637,727,0,True,False,False
0,727,637,0,True,False,False
0,20,34,0,True,False,False
0,34,20,0,True,False,False
0,20,330,0,True,False,False
0,330,20,0,True,False,False
0,330,23,0,True,False,False
0,23,330,0,True,False,False
0,330,196,0,True,False,False
0,196,330,0,True,False,False
0,330,727,0,True,False,False
0,727,330,0,True,False,False
0,330,377,0,True,False,False
0,377,330,0,True,False,False
0,838,817,0,True,False,False
0,817,838,0,True,False,False
0,838,42,0,True,False,False
0,42,838,0,True,False,False
0,494,688,0,True,False,False
0,688,494,0,True,False,False
0,390,494,0,True,False,False
0,494,390,0,True,False,False
0,372,830,0,True,False,False
0,830,372,0,True,False,False
0,372,740,0,True,False,False
0,740,372,0,True,False,False
0,207,96,0,True,False,False
0,96,207,0,True,False,False
0,207,188,0,True,False,False
0,188,207,0,True,False,False
0,207,740,0,True,False,False
0,740,207,0,True,False,False
0,11,262,0,True,False,False
0,262,11,0,True,False,False
0,11,378,0,True,False,False
0,378,11,0,True,False,False
0,11,535,0,True,False,False
0,535,11,0,True,False,False
0,378,250,0,True,False,False
0,250,378,0,True,False,False
0,390,596,0,True,False,False
0,596,390,0,True,False,False
0,262,770,0,True,False,False
0,770,262,0,True,False,False
0,262,488,0,True,False,False
0,488,262,0,True,False,False
0,262,497,0,True,False,False
0,497,262,0,True,False,False
0,830,379,0,True,False,False
0,379,830,0,True,False,False
0,188,379,0,True,False,False
0,379,188,0,True,False,False
0,188,672,0,True,False,False
0,672,188,0,True,False,False
0,678,457,0,True,False,False
0,457,678,0,True,False,False
0,248,678,0,True,False,False
0,678,248,0,True,False,False
0,678,610,0,True,False,False
0,610,678,0,True,False,False
0,525,292,0,True,False,False
0,292,525,0,True,False,False
0,525,92,0,True,False,False
0,92,525,0,True,False,False
0,764,610,0,True,False,False
0,610,764,0,True,False,False
0,298,23,0,True,False,False
0,23,298,0,True,False,False
0,298,556,0,True,False,False
0,556,298,0,True,False,False
0,234,298,0,True,False,False
0,298,234,0,True,False,False
0,298,652,0,True,False,False
0,652,298,0,True,False,False
0,377,298,0,True,False,False
0,298,377,0,True,False,False
0,42,723,0,True,False,False
0,723,42,0,True,False,False
0,42,457,0,True,False,False
0,457,42,0,True,False,False
0,42,623,0,True,False,False
0,623,42,0,True,False,False
0,587,522,0,True,False,False
0,522,587,0,True,False,False
0,496,587,0,True,False,False
0,587,496,0,True,False,False
0,587,813,0,True,False,False
0,813,587,0,True,False,False
0,587,727,0,True,False,False
0,727,587,0,True,False,False
0,747,817,0,True,False,False
0,817,747,0,True,False,False
0,747,702,0,True,False,False
0,702,747,0,True,False,False
0,770,853,0,True,False,False
0,853,770,0,True,False,False
0,796,250,0,True,False,False
0,250,796,0,True,False,False
0,250,119,0,True,False,False
0,119,250,0,True,False,False
0,250,535,0,True,False,False
0,535,250,0,True,False,False
0,795,761,0,True,False,False
0,761,795,0,True,False,False
0,795,373,0,True,False,False
0,373,795,0,True,False,False
0,764,248,0,True,False,False
0,248,764,0,True,False,False
0,248,702,0,True,False,False
0,702,248,0,True,False,False
0,497,723,0,True,False,False
0,723,497,0,True,False,False
0,497,413,0,True,False,False
0,413,497,0,True,False,False
0,852,288,0,True,False,False
0,288,852,0,True,False,False
0,288,387,0,True,False,False
0,387,288,0,True,False,False
0,577,288,0,True,False,False
0,288,577,0,True,False,False
0,288,135,0,True,False,False
0,135,288,0,True,False,False
0,288,161,0,True,False,False
0,161,288,0,True,False,False
0,86,269,0,True,False,False
0,269,86,0,True,False,False
0,86,102,0,True,False,False
0,102,86,0,True,False,False
0,85,785,0,True,False,False
0,785,85,0,True,False,False
0,85,409,0,True,False,False
0,409,85,0,True,False,False
0,85,753,0,True,False,False
0,753,85,0,True,False,False
0,85,429,0,True,False,False
0,429,85,0,True,False,False
0,338,40,0,True,False,False
0,40,338,0,True,False,False
0,338,269,0,True,False,False
0,269,338,0,True,False,False
0,338,369,0,True,False,False
0,369,338,0,True,False,False
0,338,92,0,True,False,False
0,92,338,0,True,False,False
0,429,788,0,True,False,False
0,788,429,0,True,False,False
0,429,810,0,True,False,False
0,810,429,0,True,False,False
0,429,656,0,True,False,False
0,656,429,0,True,False,False
0,496,400,0,True,False,False
0,400,496,0,True,False,False
0,496,195,0,True,False,False
0,195,496,0,True,False,False
0,723,475,0,True,False,False
0,475,723,0,True,False,False
0,723,665,0,True,False,False
0,665,723,0,True,False,False
0,109,556,0,True,False,False
0,556,109,0,True,False,False
0,852,556,0,True,False,False
0,556,852,0,True,False,False
0,556,849,0,True,False,False
0,849,556,0,True,False,False
0,161,556,0,True,False,False
0,556,161,0,True,False,False
0,817,457,0,True,False,False
0,457,817,0,True,False,False
0,60,588,0,True,False,False
0,588,60,0,True,False,False
0,60,388,0,True,False,False
0,388,60,0,True,False,False
0,801,577,0,True,False,False
0,577,801,0,True,False,False
0,577,820,0,True,False,False
0,820,577,0,True,False,False
0,577,641,0,True,False,False
0,641,577,0,True,False,False
0,796,75,0,True,False,False
0,75,796,0,True,False,False
0,161,480,0,True,False,False
0,480,161,0,True,False,False
0,813,161,0,True,False,False
0,161,813,0,True,False,False
0,801,161,0,True,False,False
0,161,801,0,True,False,False
0,176,373,0,True,False,False
0,373,176,0,True,False,False
0,176,102,0,True,False,False
0,102,176,0,True,False,False
0,388,761,0,True,False,False
0,761,388,0,True,False,False
0,388,590,0,True,False,False
0,590,388,0,True,False,False
0,377,516,0,True,False,False
0,516,377,0,True,False,False
0,377,109,0,True,False,False
0,109,377,0,True,False,False
0,377,23,0,True,False,False
0,23,377,0,True,False,False
0,813,109,0,True,False,False
0,109,813,0,True,False,False
0,109,698,0,True,False,False
0,698,109,0,True,False,False
0,727,109,0,True,False,False
0,109,727,0,True,False,False
0,234,292,0,True,False,False
0,292,234,0,True,False,False
0,234,807,0,True,False,False
0,807,234,0,True,False,False
0,234,852,0,True,False,False
0,852,234,0,True,False,False
0,234,23,0,True,False,False
0,23,234,0,True,False,False
0,234,394,0,True,False,False
0,394,234,0,True,False,False
0,195,813,0,True,False,False
0,813,195,0,True,False,False
0,195,801,0,True,False,False
0,801,195,0,True,False,False
0,195,836,0,True,False,False
0,836,195,0,True,False,False
0,852,339,0,True,False,False
0,339,852,0,True,False,False
0,852,790,0,True,False,False
0,790,852,0,True,False,False
0,116,701,0,True,False,False
0,701,116,0,True,False,False
0,116,293,0,True,False,False
0,293,116,0,True,False,False
0,116,505,0,True,False,False
0,505,116,0,True,False,False
0,116,326,0,True,False,False
0,326,116,0,True,False,False
0,116,206,0,True,False,False
0,206,116,0,True,False,False
0,116,314,0,True,False,False
0,314,116,0,True,False,False
0,116,336,0,True,False,False
0,336,116,0,True,False,False
0,116,712,0,True,False,False
0,712,116,0,True,False,False
0,116,474,0,True,False,False
0,474,116,0,True,False,False
0,116,160,0,True,False,False
0,160,116,0,True,False,False
0,116,668,0,True,False,False
0,668,116,0,True,False,False
0,116,623,0,True,False,False
0,623,116,0,True,False,False
0,116,628,0,True,False,False
0,628,116,0,True,False,False
0,116,515,0,True,False,False
0,515,116,0,True,False,False
0,116,534,0,True,False,False
0,534,116,0,True,False,False
0,116,780,0,True,False,False
0,780,116,0,True,False,False
0,116,749,0,True,False,False
0,749,116,0,True,False,False
0,116,229,0,True,False,False
0,229,116,0,True,False,False
0,116,74,0,True,False,False
0,74,116,0,True,False,False
0,116,323,0,True,False,False
0,323,116,0,True,False,False
0,116,665,0,True,False,False
0,665,116,0,True,False,False
0,116,576,0,True,False,False
0,576,116,0,True,False,False
0,116,467,0,True,False,False
0,467,116,0,True,False,False
0,116,334,0,True,False,False
0,334,116,0,True,False,False
0,116,586,0,True,False,False
0,586,116,0,True,False,False
0,116,54,0,True,False,False
0,54,116,0,True,False,False
0,116,148,0,True,False,False
0,148,116,0,True,False,False
0,116,182,0,True,False,False
0,182,116,0,True,False,False
0,116,486,0,True,False,False
0,486,116,0,True,False,False
0,116,191,0,True,False,False
0,191,116,0,True,False,False
0,116,158,0,True,False,False
0,158,116,0,True,False,False
0,813,431,0,True,False,False
0,431,813,0,True,False,False
0,535,488,0,True,False,False
0,488,535,0,True,False,False
0,535,702,0,True,False,False
0,702,535,0,True,False,False
0,801,592,0,True,False,False
0,592,801,0,True,False,False
0,727,436,0,True,False,False
0,436,727,0,True,False,False
0,523,732,0,True,False,False
0,732,523,0,True,False,False
0,523,585,0,True,False,False
0,585,523,0,True,False,False
0,861,523,0,True,False,False
0,523,861,0,True,False,False
0,523,455,0,True,False,False
0,455,523,0,True,False,False
0,127,685,0,True,False,False
0,685,127,0,True,False,False
0,127,181,0,True,False,False
0,181,127,0,True,False,False
0,127,331,0,True,False,False
0,331,127,0,True,False,False
0,753,470,0,True,False,False
0,470,753,0,True,False,False
0,753,96,0,True,False,False
0,96,753,0,True,False,False
0,753,638,0,True,False,False
0,638,753,0,True,False,False
0,753,656,0,True,False,False
0,656,753,0,True,False,False
0,409,313,0,True,False,False
0,313,409,0,True,False,False
0,409,96,0,True,False,False
0,96,409,0,True,False,False
0,409,118,0,True,False,False
0,118,409,0,True,False,False
0,117,110,0,True,False,False
0,110,117,0,True,False,False
0,379,110,0,True,False,False
0,110,379,0,True,False,False
0,110,331,0,True,False,False
0,331,110,0,True,False,False
0,110,220,0,True,False,False
0,220,110,0,True,False,False
0,421,297,0,True,False,False
0,297,421,0,True,False,False
0,421,773,0,True,False,False
0,773,421,0,True,False,False
0,421,403,0,True,False,False
0,403,421,0,True,False,False
0,421,118,0,True,False,False
0,118,421,0,True,False,False
0,684,688,0,True,False,False
0,688,684,0,True,False,False
0,684,870,0,True,False,False
0,870,684,0,True,False,False
0,684,571,0,True,False,False
0,571,684,0,True,False,False
0,181,700,0,True,False,False
0,700,181,0,True,False,False
0,181,793,0,True,False,False
0,793,181,0,True,False,False
0,15,181,0,True,False,False
0,181,15,0,True,False,False
0,596,688,0,True,False,False
0,688,596,0,True,False,False
0,688,343,0,True,False,False
0,343,688,0,True,False,False
0,688,752,0,True,False,False
0,752,688,0,True,False,False
0,341,379,0,True,False,False
0,379,341,0,True,False,False
0,379,36,0,True,False,False
0,36,379,0,True,False,False
0,740,379,0,True,False,False
0,379,740,0,True,False,False
0,140,585,0,True,False,False
0,585,140,0,True,False,False
0,861,140,0,True,False,False
0,140,861,0,True,False,False
0,140,426,0,True,False,False
0,426,140,0,True,False,False
0,140,361,0,True,False,False
0,361,140,0,True,False,False
0,455,341,0,True,False,False
0,341,455,0,True,False,False
0,455,441,0,True,False,False
0,441,455,0,True,False,False
0,740,455,0,True,False,False
0,455,740,0,True,False,False
0,426,482,0,True,False,False
0,482,426,0,True,False,False
0,426,547,0,True,False,False
0,547,426,0,True,False,False
0,685,212,0,True,False,False
0,212,685,0,True,False,False
0,793,685,0,True,False,False
0,685,793,0,True,False,False
0,685,420,0,True,False,False
0,420,685,0,True,False,False
0,41,482,0,True,False,False
0,482,41,0,True,False,False
0,810,41,0,True,False,False
0,41,810,0,True,False,False
0,656,41,0,True,False,False
0,41,656,0,True,False,False
0,41,53,0,True,False,False
0,53,41,0,True,False,False
0,656,180,0,True,False,False
0,180,656,0,True,False,False
0,656,361,0,True,False,False
0,361,656,0,True,False,False
0,15,594,0,True,False,False
0,594,15,0,True,False,False
0,15,510,0,True,False,False
0,510,15,0,True,False,False
0,15,793,0,True,False,False
0,793,15,0,True,False,False
0,15,779,0,True,False,False
0,779,15,0,True,False,False
0,594,420,0,True,False,False
0,420,594,0,True,False,False
0,420,501,0,True,False,False
0,501,420,0,True,False,False
0,420,271,0,True,False,False
0,271,420,0,True,False,False
0,129,420,0,True,False,False
0,420,129,0,True,False,False
0,117,341,0,True,False,False
0,341,117,0,True,False,False
0,117,772,0,True,False,False
0,772,117,0,True,False,False
0,117,700,0,True,False,False
0,700,117,0,True,False,False
0,594,867,0,True,False,False
0,867,594,0,True,False,False
0,594,510,0,True,False,False
0,510,594,0,True,False,False
0,594,793,0,True,False,False
0,793,594,0,True,False,False
0,594,570,0,True,False,False
0,570,594,0,True,False,False
0,129,594,0,True,False,False
0,594,129,0,True,False,False
0,218,588,0,True,False,False
0,588,218,0,True,False,False
0,810,304,0,True,False,False
0,304,810,0,True,False,False
0,341,611,0,True,False,False
0,611,341,0,True,False,False
0,96,517,0,True,False,False
0,517,96,0,True,False,False
0,96,672,0,True,False,False
0,672,96,0,True,False,False
0,96,282,0,True,False,False
0,282,96,0,True,False,False
0,861,470,0,True,False,False
0,470,861,0,True,False,False
0,861,740,0,True,False,False
0,740,861,0,True,False,False
0,596,773,0,True,False,False
0,773,596,0,True,False,False
0,596,31,0,True,False,False
0,31,596,0,True,False,False
0,31,622,0,True,False,False
0,622,31,0,True,False,False
0,31,331,0,True,False,False
0,331,31,0,True,False,False
0,31,752,0,True,False,False
0,752,31,0,True,False,False
0,604,79,0,True,False,False
0,79,604,0,True,False,False
0,79,779,0,True,False,False
0,779,79,0,True,False,False
0,793,640,0,True,False,False
0,640,793,0,True,False,False
0,118,101,0,True,False,False
0,101,118,0,True,False,False
0,118,672,0,True,False,False
0,672,118,0,True,False,False
0,547,585,0,True,False,False
0,585,547,0,True,False,False
0,547,353,0,True,False,False
0,353,547,0,True,False,False
0,740,517,0,True,False,False
0,517,740,0,True,False,False
0,129,239,0,True,False,False
0,239,129,0,True,False,False
0,129,464,0,True,False,False
0,464,129,0,True,False,False
0,129,34,0,True,False,False
0,34,129,0,True,False,False
0,129,501,0,True,False,False
0,501,129,0,True,False,False
0,129,510,0,True,False,False
0,510,129,0,True,False,False
0,129,570,0,True,False,False
0,570,129,0,True,False,False
0,129,196,0,True,False,False
0,196,129,0,True,False,False
0,129,690,0,True,False,False
0,690,129,0,True,False,False
0,585,305,0,True,False,False
0,305,585,0,True,False,False
0,336,229,0,True,False,False
0,229,336,0,True,False,False
0,229,515,0,True,False,False
0,515,229,0,True,False,False
0,229,294,0,True,False,False
0,294,229,0,True,False,False
0,229,334,0,True,False,False
0,334,229,0,True,False,False
0,870,32,0,True,False,False
0,32,870,0,True,False,False
0,870,709,0,True,False,False
0,709,870,0,True,False,False
0,870,271,0,True,False,False
0,271,870,0,True,False,False
0,870,752,0,True,False,False
0,752,870,0,True,False,False
0,206,318,0,True,False,False
0,318,206,0,True,False,False
0,206,474,0,True,False,False
0,474,206,0,True,False,False
0,74,206,0,True,False,False
0,206,74,0,True,False,False
0,206,191,0,True,False,False
0,191,206,0,True,False,False
0,709,436,0,True,False,False
0,436,709,0,True,False,False
0,34,709,0,True,False,False
0,709,34,0,True,False,False
0,709,108,0,True,False,False
0,108,709,0,True,False,False
0,433,709,0,True,False,False
0,709,433,0,True,False,False
0,702,457,0,True,False,False
0,457,702,0,True,False,False
0,702,413,0,True,False,False
0,413,702,0,True,False,False
0,461,151,0,True,False,False
0,151,461,0,True,False,False
0,461,400,0,True,False,False
0,400,461,0,True,False,False
0,461,128,0,True,False,False
0,128,461,0,True,False,False
0,461,433,0,True,False,False
0,433,461,0,True,False,False
0,74,750,0,True,False,False
0,750,74,0,True,False,False
0,74,665,0,True,False,False
0,665,74,0,True,False,False
0,56,853,0,True,False,False
0,853,56,0,True,False,False
0,488,853,0,True,False,False
0,853,488,0,True,False,False
0,123,853,0,True,False,False
0,853,123,0,True,False,False
0,297,622,0,True,False,False
0,622,297,0,True,False,False
0,297,672,0,True,False,False
0,672,297,0,True,False,False
0,297,244,0,True,False,False
0,244,297,0,True,False,False
0,297,220,0,True,False,False
0,220,297,0,True,False,False
0,806,56,0,True,False,False
0,56,806,0,True,False,False
0,806,475,0,True,False,False
0,475,806,0,True,False,False
0,806,750,0,True,False,False
0,750,806,0,True,False,False
0,160,505,0,True,False,False
0,505,160,0,True,False,False
0,160,336,0,True,False,False
0,336,160,0,True,False,False
0,160,864,0,True,False,False
0,864,160,0,True,False,False
0,191,160,0,True,False,False
0,160,191,0,True,False,False
0,336,712,0,True,False,False
0,712,336,0,True,False,False
0,336,631,0,True,False,False
0,631,336,0,True,False,False
0,428,151,0,True,False,False
0,151,428,0,True,False,False
0,428,10,0,True,False,False
0,10,428,0,True,False,False
0,428,571,0,True,False,False
0,571,428,0,True,False,False
0,334,314,0,True,False,False
0,314,334,0,True,False,False
0,334,286,0,True,False,False
0,286,334,0,True,False,False
0,334,486,0,True,False,False
0,486,334,0,True,False,False
0,119,123,0,True,False,False
0,123,119,0,True,False,False
0,823,123,0,True,False,False
0,123,823,0,True,False,False
0,196,516,0,True,False,False
0,516,196,0,True,False,False
0,196,239,0,True,False,False
0,239,196,0,True,False,False
0,196,436,0,True,False,False
0,436,196,0,True,False,False
0,23,196,0,True,False,False
0,196,23,0,True,False,False
0,34,196,0,True,False,False
0,196,34,0,True,False,False
0,196,690,0,True,False,False
0,690,196,0,True,False,False
0,486,293,0,True,False,False
0,293,486,0,True,False,False
0,486,534,0,True,False,False
0,534,486,0,True,False,False
0,486,143,0,True,False,False
0,143,486,0,True,False,False
0,56,413,0,True,False,False
0,413,56,0,True,False,False
0,752,212,0,True,False,False
0,212,752,0,True,False,False
0,752,792,0,True,False,False
0,792,752,0,True,False,False
0,293,668,0,True,False,False
0,668,293,0,True,False,False
0,293,54,0,True,False,False
0,54,293,0,True,False,False
0,293,81,0,True,False,False
0,81,293,0,True,False,False
0,293,270,0,True,False,False
0,270,293,0,True,False,False
0,23,516,0,True,False,False
0,516,23,0,True,False,False
0,23,292,0,True,False,False
0,292,23,0,True,False,False
0,23,652,0,True,False,False
0,652,23,0,True,False,False
0,23,690,0,True,False,False
0,690,23,0,True,False,False
0,23,394,0,True,False,False
0,394,23,0,True,False,False
0,668,701,0,True,False,False
0,701,668,0,True,False,False
0,668,759,0,True,False,False
0,759,668,0,True,False,False
0,668,81,0,True,False,False
0,81,668,0,True,False,False
0,668,148,0,True,False,False
0,148,668,0,True,False,False
0,665,474,0,True,False,False
0,474,665,0,True,False,False
0,665,623,0,True,False,False
0,623,665,0,True,False,False
0,665,825,0,True,False,False
0,825,665,0,True,False,False
0,623,519,0,True,False,False
0,519,623,0,True,False,False
0,623,323,0,True,False,False
0,323,623,0,True,False,False
0,474,326,0,True,False,False
0,326,474,0,True,False,False
0,474,58,0,True,False,False
0,58,474,0,True,False,False
0,474,323,0,True,False,False
0,323,474,0,True,False,False
0,672,36,0,True,False,False
0,36,672,0,True,False,False
0,672,198,0,True,False,False
0,198,672,0,True,False,False
0,823,75,0,True,False,False
0,75,823,0,True,False,False
0,191,326,0,True,False,False
0,326,191,0,True,False,False
0,191,67,0,True,False,False
0,67,191,0,True,False,False
0,701,484,0,True,False,False
0,484,701,0,True,False,False
0,701,295,0,True,False,False
0,295,701,0,True,False,False
0,701,573,0,True,False,False
0,573,701,0,True,False,False
0,701,533,0,True,False,False
0,533,701,0,True,False,False
0,701,402,0,True,False,False
0,402,701,0,True,False,False
0,701,204,0,True,False,False
0,204,701,0,True,False,False
0,701,376,0,True,False,False
0,376,701,0,True,False,False
0,701,751,0,True,False,False
0,751,701,0,True,False,False
0,701,137,0,True,False,False
0,137,701,0,True,False,False
0,701,843,0,True,False,False
0,843,701,0,True,False,False
0,701,775,0,True,False,False
0,775,701,0,True,False,False
0,701,583,0,True,False,False
0,583,701,0,True,False,False
0,701,362,0,True,False,False
0,362,701,0,True,False,False
0,701,705,0,True,False,False
0,705,701,0,True,False,False
0,701,300,0,True,False,False
0,300,701,0,True,False,False
0,701,363,0,True,False,False
0,363,701,0,True,False,False
0,701,64,0,True,False,False
0,64,701,0,True,False,False
0,701,711,0,True,False,False
0,711,701,0,True,False,False
0,701,303,0,True,False,False
0,303,701,0,True,False,False
0,701,626,0,True,False,False
0,626,701,0,True,False,False
0,701,733,0,True,False,False
0,733,701,0,True,False,False
0,701,185,0,True,False,False
0,185,701,0,True,False,False
0,701,374,0,True,False,False
0,374,701,0,True,False,False
0,701,655,0,True,False,False
0,655,701,0,True,False,False
0,701,382,0,True,False,False
0,382,701,0,True,False,False
0,701,357,0,True,False,False
0,357,701,0,True,False,False
0,701,812,0,True,False,False
0,812,701,0,True,False,False
0,701,558,0,True,False,False
0,558,701,0,True,False,False
0,701,737,0,True,False,False
0,737,701,0,True,False,False
0,701,397,0,True,False,False
0,397,701,0,True,False,False
0,701,82,0,True,False,False
0,82,701,0,True,False,False
0,701,566,0,True,False,False
0,566,701,0,True,False,False
0,701,686,0,True,False,False
0,686,701,0,True,False,False
0,701,749,0,True,False,False
0,749,701,0,True,False,False
0,701,153,0,True,False,False
0,153,701,0,True,False,False
0,701,865,0,True,False,False
0,865,701,0,True,False,False
0,701,87,0,True,False,False
0,87,701,0,True,False,False
0,701,201,0,True,False,False
0,201,701,0,True,False,False
0,701,77,0,True,False,False
0,77,701,0,True,False,False
0,701,531,0,True,False,False
0,531,701,0,True,False,False
0,701,653,0,True,False,False
0,653,701,0,True,False,False
0,701,679,0,True,False,False
0,679,701,0,True,False,False
0,701,759,0,True,False,False
0,759,701,0,True,False,False
0,701,645,0,True,False,False
0,645,701,0,True,False,False
0,701,625,0,True,False,False
0,625,701,0,True,False,False
0,701,203,0,True,False,False
0,203,701,0,True,False,False
0,701,555,0,True,False,False
0,555,701,0,True,False,False
0,701,371,0,True,False,False
0,371,701,0,True,False,False
0,701,278,0,True,False,False
0,278,701,0,True,False,False
0,701,78,0,True,False,False
0,78,701,0,True,False,False
0,701,815,0,True,False,False
0,815,701,0,True,False,False
0,701,69,0,True,False,False
0,69,701,0,True,False,False
0,701,730,0,True,False,False
0,730,701,0,True,False,False
0,701,287,0,True,False,False
0,287,701,0,True,False,False
0,701,633,0,True,False,False
0,633,701,0,True,False,False
0,701,136,0,True,False,False
0,136,701,0,True,False,False
0,701,738,0,True,False,False
0,738,701,0,True,False,False
0,701,828,0,True,False,False
0,828,701,0,True,False,False
0,701,68,0,True,False,False
0,68,701,0,True,False,False
0,701,290,0,True,False,False
0,290,701,0,True,False,False
0,701,148,0,True,False,False
0,148,701,0,True,False,False
0,701,440,0,True,False,False
0,440,701,0,True,False,False
0,701,827,0,True,False,False
0,827,701,0,True,False,False
0,701,138,0,True,False,False
0,138,701,0,True,False,False
0,701,574,0,True,False,False
0,574,701,0,True,False,False
0,701,19,0,True,False,False
0,19,701,0,True,False,False
0,701,283,0,True,False,False
0,283,701,0,True,False,False
0,701,308,0,True,False,False
0,308,701,0,True,False,False
0,701,646,0,True,False,False
0,646,701,0,True,False,False
0,701,100,0,True,False,False
0,100,701,0,True,False,False
0,488,119,0,True,False,False
0,119,488,0,True,False,False
0,75,119,0,True,False,False
0,119,75,0,True,False,False
0,433,32,0,True,False,False
0,32,433,0,True,False,False
0,433,522,0,True,False,False
0,522,433,0,True,False,False
0,433,513,0,True,False,False
0,513,433,0,True,False,False
0,571,32,0,True,False,False
0,32,571,0,True,False,False
0,571,343,0,True,False,False
0,343,571,0,True,False,False
0,326,505,0,True,False,False
0,505,326,0,True,False,False
0,326,615,0,True,False,False
0,615,326,0,True,False,False
0,326,586,0,True,False,False
0,586,326,0,True,False,False
0,34,501,0,True,False,False
0,501,34,0,True,False,False
0,505,712,0,True,False,False
0,712,505,0,True,False,False
0,505,628,0,True,False,False
0,628,505,0,True,False,False
0,505,410,0,True,False,False
0,410,505,0,True,False,False
0,488,413,0,True,False,False
0,413,488,0,True,False,False
0,576,243,0,True,False,False
0,243,576,0,True,False,False
0,534,576,0,True,False,False
0,576,534,0,True,False,False
0,576,33,0,True,False,False
0,33,576,0,True,False,False
0,182,576,0,True,False,False
0,576,182,0,True,False,False
0,576,158,0,True,False,False
0,158,576,0,True,False,False
0,820,387,0,True,False,False
0,387,820,0,True,False,False
0,820,446,0,True,False,False
0,446,820,0,True,False,False
0,592,820,0,True,False,False
0,820,592,0,True,False,False
0,820,103,0,True,False,False
0,103,820,0,True,False,False
0,515,314,0,True,False,False
0,314,515,0,True,False,False
0,712,515,0,True,False,False
0,515,712,0,True,False,False
0,515,798,0,True,False,False
0,798,515,0,True,False,False
0,515,467,0,True,False,False
0,467,515,0,True,False,False
0,749,531,0,True,False,False
0,531,749,0,True,False,False
0,148,749,0,True,False,False
0,749,148,0,True,False,False
0,749,182,0,True,False,False
0,182,749,0,True,False,False
0,749,676,0,True,False,False
0,676,749,0,True,False,False
0,749,646,0,True,False,False
0,646,749,0,True,False,False
0,182,434,0,True,False,False
0,434,182,0,True,False,False
0,54,182,0,True,False,False
0,182,54,0,True,False,False
0,182,676,0,True,False,False
0,676,182,0,True,False,False
0,314,158,0,True,False,False
0,158,314,0,True,False,False
0,158,210,0,True,False,False
0,210,158,0,True,False,False
0,158,467,0,True,False,False
0,467,158,0,True,False,False
0,522,436,0,True,False,False
0,436,522,0,True,False,False
0,436,386,0,True,False,False
0,386,436,0,True,False,False
0,436,698,0,True,False,False
0,698,436,0,True,False,False
0,516,652,0,True,False,False
0,652,516,0,True,False,False
0,516,734,0,True,False,False
0,734,516,0,True,False,False
0,516,690,0,True,False,False
0,690,516,0,True,False,False
0,516,698,0,True,False,False
0,698,516,0,True,False,False
0,292,807,0,True,False,False
0,807,292,0,True,False,False
0,292,427,0,True,False,False
0,427,292,0,True,False,False
0,292,358,0,True,False,False
0,358,292,0,True,False,False
0,292,197,0,True,False,False
0,197,292,0,True,False,False
0,292,394,0,True,False,False
0,394,292,0,True,False,False
0,92,358,0,True,False,False
0,358,92,0,True,False,False
0,92,697,0,True,False,False
0,697,92,0,True,False,False
0,522,431,0,True,False,False
0,431,522,0,True,False,False
0,522,673,0,True,False,False
0,673,522,0,True,False,False
0,400,522,0,True,False,False
0,522,400,0,True,False,False
0,457,475,0,True,False,False
0,475,457,0,True,False,False
0,457,519,0,True,False,False
0,519,457,0,True,False,False
0,413,475,0,True,False,False
0,475,413,0,True,False,False
0,475,825,0,True,False,False
0,825,475,0,True,False,False
0,807,339,0,True,False,False
0,339,807,0,True,False,False
0,339,837,0,True,False,False
0,837,339,0,True,False,False
0,339,135,0,True,False,False
0,135,339,0,True,False,False
0,652,743,0,True,False,False
0,743,652,0,True,False,False
0,652,849,0,True,False,False
0,849,652,0,True,False,False
0,652,690,0,True,False,False
0,690,652,0,True,False,False
0,394,652,0,True,False,False
0,652,394,0,True,False,False
0,314,534,0,True,False,False
0,534,314,0,True,False,False
0,534,264,0,True,False,False
0,264,534,0,True,False,False
0,534,54,0,True,False,False
0,54,534,0,True,False,False
0,790,387,0,True,False,False
0,387,790,0,True,False,False
0,790,837,0,True,False,False
0,837,790,0,True,False,False
0,790,849,0,True,False,False
0,849,790,0,True,False,False
0,790,632,0,True,False,False
0,632,790,0,True,False,False
0,394,790,0,True,False,False
0,790,394,0,True,False,False
0,135,156,0,True,False,False
0,156,135,0,True,False,False
0,641,135,0,True,False,False
0,135,641,0,True,False,False
0,148,154,0,True,False,False
0,154,148,0,True,False,False
0,148,153,0,True,False,False
0,153,148,0,True,False,False
0,54,148,0,True,False,False
0,148,54,0,True,False,False
0,836,431,0,True,False,False
0,431,836,0,True,False,False
0,836,384,0,True,False,False
0,384,836,0,True,False,False
0,400,836,0,True,False,False
0,836,400,0,True,False,False
0,836,592,0,True,False,False
0,592,836,0,True,False,False
0,394,427,0,True,False,False
0,427,394,0,True,False,False
0,394,197,0,True,False,False
0,197,394,0,True,False,False
0,394,511,0,True,False,False
0,511,394,0,True,False,False
0,394,690,0,True,False,False
0,690,394,0,True,False,False
0,431,480,0,True,False,False
0,480,431,0,True,False,False
0,431,717,0,True,False,False
0,717,431,0,True,False,False
0,431,698,0,True,False,False
0,698,431,0,True,False,False
0,712,671,0,True,False,False
0,671,712,0,True,False,False
0,712,780,0,True,False,False
0,780,712,0,True,False,False
0,400,799,0,True,False,False
0,799,400,0,True,False,False
0,807,197,0,True,False,False
0,197,807,0,True,False,False
0,387,156,0,True,False,False
0,156,387,0,True,False,False
0,387,480,0,True,False,False
0,480,387,0,True,False,False
0,387,120,0,True,False,False
0,120,387,0,True,False,False
0,592,480,0,True,False,False
0,480,592,0,True,False,False
0,480,849,0,True,False,False
0,849,480,0,True,False,False
0,480,809,0,True,False,False
0,809,480,0,True,False,False
0,780,628,0,True,False,False
0,628,780,0,True,False,False
0,467,780,0,True,False,False
0,780,467,0,True,False,False
0,780,579,0,True,False,False
0,579,780,0,True,False,False
0,698,849,0,True,False,False
0,849,698,0,True,False,False
0,698,345,0,True,False,False
0,345,698,0,True,False,False
0,323,636,0,True,False,False
0,636,323,0,True,False,False
0,586,323,0,True,False,False
0,323,586,0,True,False,False
0,592,370,0,True,False,False
0,370,592,0,True,False,False
0,314,340,0,True,False,False
0,340,314,0,True,False,False
0,628,765,0,True,False,False
0,765,628,0,True,False,False
0,628,369,0,True,False,False
0,369,628,0,True,False,False
0,628,586,0,True,False,False
0,586,628,0,True,False,False
0,54,154,0,True,False,False
0,154,54,0,True,False,False
0,54,12,0,True,False,False
0,12,54,0,True,False,False
0,641,103,0,True,False,False
0,103,641,0,True,False,False
0,467,844,0,True,False,False
0,844,467,0,True,False,False
0,586,543,0,True,False,False
0,543,586,0,True,False,False
0,482,493,0,True,False,False
0,493,482,0,True,False,False
0,482,353,0,True,False,False
0,353,482,0,True,False,False
0,361,482,0,True,False,False
0,482,361,0,True,False,False
0,588,590,0,True,False,False
0,590,588,0,True,False,False
0,590,112,0,True,False,False
0,112,590,0,True,False,False
0,470,732,0,True,False,False
0,732,470,0,True,False,False
0,732,441,0,True,False,False
0,441,732,0,True,False,False
0,732,822,0,True,False,False
0,822,732,0,True,False,False
0,732,305,0,True,False,False
0,305,732,0,True,False,False
0,517,441,0,True,False,False
0,441,517,0,True,False,False
0,441,227,0,True,False,False
0,227,441,0,True,False,False
0,441,611,0,True,False,False
0,611,441,0,True,False,False
0,464,239,0,True,False,False
0,239,464,0,True,False,False
0,464,302,0,True,False,False
0,302,464,0,True,False,False
0,510,464,0,True,False,False
0,464,510,0,True,False,False
0,464,601,0,True,False,False
0,601,464,0,True,False,False
0,570,464,0,True,False,False
0,464,570,0,True,False,False
0,464,476,0,True,False,False
0,476,464,0,True,False,False
0,690,464,0,True,False,False
0,464,690,0,True,False,False
0,501,239,0,True,False,False
0,239,501,0,True,False,False
0,239,734,0,True,False,False
0,734,239,0,True,False,False
0,239,386,0,True,False,False
0,386,239,0,True,False,False
0,690,239,0,True,False,False
0,239,690,0,True,False,False
0,700,21,0,True,False,False
0,21,700,0,True,False,False
0,331,700,0,True,False,False
0,700,331,0,True,False,False
0,700,640,0,True,False,False
0,640,700,0,True,False,False
0,867,271,0,True,False,False
0,271,867,0,True,False,False
0,867,504,0,True,False,False
0,504,867,0,True,False,False
0,867,520,0,True,False,False
0,520,867,0,True,False,False
0,867,640,0,True,False,False
0,640,867,0,True,False,False
0,212,271,0,True,False,False
0,271,212,0,True,False,False
0,271,276,0,True,False,False
0,276,271,0,True,False,False
0,271,108,0,True,False,False
0,108,271,0,True,False,False
0,785,638,0,True,False,False
0,638,785,0,True,False,False
0,638,180,0,True,False,False
0,180,638,0,True,False,False
0,638,282,0,True,False,False
0,282,638,0,True,False,False
0,638,24,0,True,False,False
0,24,638,0,True,False,False
0,788,180,0,True,False,False
0,180,788,0,True,False,False
0,180,720,0,True,False,False
0,720,180,0,True,False,False
0,180,53,0,True,False,False
0,53,180,0,True,False,False
0,849,237,0,True,False,False
0,237,849,0,True,False,False
0,501,570,0,True,False,False
0,570,501,0,True,False,False
0,510,570,0,True,False,False
0,570,510,0,True,False,False
0,570,504,0,True,False,False
0,504,570,0,True,False,False
0,690,427,0,True,False,False
0,427,690,0,True,False,False
0,690,302,0,True,False,False
0,302,690,0,True,False,False
0,690,769,0,True,False,False
0,769,690,0,True,False,False
0,690,743,0,True,False,False
0,743,690,0,True,False,False
0,690,734,0,True,False,False
0,734,690,0,True,False,False
0,690,511,0,True,False,False
0,511,690,0,True,False,False
0,690,476,0,True,False,False
0,476,690,0,True,False,False
0,690,595,0,True,False,False
0,595,690,0,True,False,False
0,331,212,0,True,False,False
0,212,331,0,True,False,False
0,212,52,0,True,False,False
0,52,212,0,True,False,False
0,640,212,0,True,False,False
0,212,640,0,True,False,False
0,40,765,0,True,False,False
0,765,40,0,True,False,False
0,761,112,0,True,False,False
0,112,761,0,True,False,False
0,761,443,0,True,False,False
0,443,761,0,True,False,False
0,640,200,0,True,False,False
0,200,640,0,True,False,False
0,269,105,0,True,False,False
0,105,269,0,True,False,False
0,269,357,0,True,False,False
0,357,269,0,True,False,False
0,269,697,0,True,False,False
0,697,269,0,True,False,False
0,269,33,0,True,False,False
0,33,269,0,True,False,False
0,501,108,0,True,False,False
0,108,501,0,True,False,False
0,53,493,0,True,False,False
0,493,53,0,True,False,False
0,304,53,0,True,False,False
0,53,304,0,True,False,False
0,470,517,0,True,False,False
0,517,470,0,True,False,False
0,470,24,0,True,False,False
0,24,470,0,True,False,False
0,470,361,0,True,False,False
0,361,470,0,True,False,False
0,779,62,0,True,False,False
0,62,779,0,True,False,False
0,517,333,0,True,False,False
0,333,517,0,True,False,False
0,517,36,0,True,False,False
0,36,517,0,True,False,False
0,373,687,0,True,False,False
0,687,373,0,True,False,False
0,373,443,0,True,False,False
0,443,373,0,True,False,False
0,102,687,0,True,False,False
0,687,102,0,True,False,False
0,102,357,0,True,False,False
0,357,102,0,True,False,False
0,102,89,0,True,False,False
0,89,102,0,True,False,False
0,102,707,0,True,False,False
0,707,102,0,True,False,False
0,785,788,0,True,False,False
0,788,785,0,True,False,False
0,788,304,0,True,False,False
0,304,788,0,True,False,False
0,353,27,0,True,False,False
0,27,353,0,True,False,False
0,353,305,0,True,False,False
0,305,353,0,True,False,False
0,305,97,0,True,False,False
0,97,305,0,True,False,False
0,361,305,0,True,False,False
0,305,361,0,True,False,False
0,361,720,0,True,False,False
0,720,361,0,True,False,False
0,510,302,0,True,False,False
0,302,510,0,True,False,False
0,510,62,0,True,False,False
0,62,510,0,True,False,False
0,331,263,0,True,False,False
0,263,331,0,True,False,False
0,785,313,0,True,False,False
0,313,785,0,True,False,False
0,622,792,0,True,False,False
0,792,622,0,True,False,False
0,32,792,0,True,False,False
0,792,32,0,True,False,False
0,792,375,0,True,False,False
0,375,792,0,True,False,False
0,792,52,0,True,False,False
0,52,792,0,True,False,False
0,343,792,0,True,False,False
0,792,343,0,True,False,False
0,32,151,0,True,False,False
0,151,32,0,True,False,False
0,151,375,0,True,False,False
0,375,151,0,True,False,False
0,151,778,0,True,False,False
0,778,151,0,True,False,False
0,864,410,0,True,False,False
0,410,864,0,True,False,False
0,864,631,0,True,False,False
0,631,864,0,True,False,False
0,67,864,0,True,False,False
0,864,67,0,True,False,False
0,313,101,0,True,False,False
0,101,313,0,True,False,False
0,403,101,0,True,False,False
0,101,403,0,True,False,False
0,101,198,0,True,False,False
0,198,101,0,True,False,False
0,10,375,0,True,False,False
0,375,10,0,True,False,False
0,343,10,0,True,False,False
0,10,343,0,True,False,False
0,10,783,0,True,False,False
0,783,10,0,True,False,False
0,750,318,0,True,False,False
0,318,750,0,True,False,False
0,750,825,0,True,False,False
0,825,750,0,True,False,False
0,631,671,0,True,False,False
0,671,631,0,True,False,False
0,631,294,0,True,False,False
0,294,631,0,True,False,False
0,286,340,0,True,False,False
0,340,286,0,True,False,False
0,294,286,0,True,False,False
0,286,294,0,True,False,False
0,286,143,0,True,False,False
0,143,286,0,True,False,False
0,143,264,0,True,False,False
0,264,143,0,True,False,False
0,143,270,0,True,False,False
0,270,143,0,True,False,False
0,318,58,0,True,False,False
0,58,318,0,True,False,False
0,318,67,0,True,False,False
0,67,318,0,True,False,False
0,81,154,0,True,False,False
0,154,81,0,True,False,False
0,81,608,0,True,False,False
0,608,81,0,True,False,False
0,81,270,0,True,False,False
0,270,81,0,True,False,False
0,270,12,0,True,False,False
0,12,270,0,True,False,False
0,484,751,0,True,False,False
0,751,484,0,True,False,False
0,484,453,0,True,False,False
0,453,484,0,True,False,False
0,300,484,0,True,False,False
0,484,300,0,True,False,False
0,484,730,0,True,False,False
0,730,484,0,True,False,False
0,772,21,0,True,False,False
0,21,772,0,True,False,False
0,772,220,0,True,False,False
0,220,772,0,True,False,False
0,772,208,0,True,False,False
0,208,772,0,True,False,False
0,772,611,0,True,False,False
0,611,772,0,True,False,False
0,198,550,0,True,False,False
0,550,198,0,True,False,False
0,244,198,0,True,False,False
0,198,244,0,True,False,False
0,282,198,0,True,False,False
0,198,282,0,True,False,False
0,294,798,0,True,False,False
0,798,294,0,True,False,False
0,759,608,0,True,False,False
0,608,759,0,True,False,False
0,759,626,0,True,False,False
0,626,759,0,True,False,False
0,759,153,0,True,False,False
0,153,759,0,True,False,False
0,69,170,0,True,False,False
0,170,69,0,True,False,False
0,69,233,0,True,False,False
0,233,69,0,True,False,False
0,69,268,0,True,False,False
0,268,69,0,True,False,False
0,69,733,0,True,False,False
0,733,69,0,True,False,False
0,69,185,0,True,False,False
0,185,69,0,True,False,False
0,69,710,0,True,False,False
0,710,69,0,True,False,False
0,69,382,0,True,False,False
0,382,69,0,True,False,False
0,69,82,0,True,False,False
0,82,69,0,True,False,False
0,69,552,0,True,False,False
0,552,69,0,True,False,False
0,69,177,0,True,False,False
0,177,69,0,True,False,False
0,69,77,0,True,False,False
0,77,69,0,True,False,False
0,69,278,0,True,False,False
0,278,69,0,True,False,False
0,69,663,0,True,False,False
0,663,69,0,True,False,False
0,69,518,0,True,False,False
0,518,69,0,True,False,False
0,611,36,0,True,False,False
0,36,611,0,True,False,False
0,611,691,0,True,False,False
0,691,611,0,True,False,False
0,773,343,0,True,False,False
0,343,773,0,True,False,False
0,128,253,0,True,False,False
0,253,128,0,True,False,False
0,128,799,0,True,False,False
0,799,128,0,True,False,False
0,128,513,0,True,False,False
0,513,128,0,True,False,False
0,128,778,0,True,False,False
0,778,128,0,True,False,False
0,36,220,0,True,False,False
0,220,36,0,True,False,False
0,220,416,0,True,False,False
0,416,220,0,True,False,False
0,220,263,0,True,False,False
0,263,220,0,True,False,False
0,773,622,0,True,False,False
0,622,773,0,True,False,False
0,622,263,0,True,False,False
0,263,622,0,True,False,False
0,622,647,0,True,False,False
0,647,622,0,True,False,False
0,32,276,0,True,False,False
0,276,32,0,True,False,False
0,300,137,0,True,False,False
0,137,300,0,True,False,False
0,300,682,0,True,False,False
0,682,300,0,True,False,False
0,300,708,0,True,False,False
0,708,300,0,True,False,False
0,36,550,0,True,False,False
0,550,36,0,True,False,False
0,403,244,0,True,False,False
0,244,403,0,True,False,False
0,244,416,0,True,False,False
0,416,244,0,True,False,False
0,244,647,0,True,False,False
0,647,244,0,True,False,False
0,513,108,0,True,False,False
0,108,513,0,True,False,False
0,108,504,0,True,False,False
0,504,108,0,True,False,False
0,108,386,0,True,False,False
0,386,108,0,True,False,False
0,513,276,0,True,False,False
0,276,513,0,True,False,False
0,513,782,0,True,False,False
0,782,513,0,True,False,False
0,513,673,0,True,False,False
0,673,513,0,True,False,False
0,313,282,0,True,False,False
0,282,313,0,True,False,False
0,67,615,0,True,False,False
0,615,67,0,True,False,False
0,282,333,0,True,False,False
0,333,282,0,True,False,False
0,773,783,0,True,False,False
0,783,773,0,True,False,False
0,403,783,0,True,False,False
0,783,403,0,True,False,False
0,812,609,0,True,False,False
0,609,812,0,True,False,False
0,812,533,0,True,False,False
0,533,812,0,True,False,False
0,751,812,0,True,False,False
0,812,751,0,True,False,False
0,730,812,0,True,False,False
0,812,730,0,True,False,False
0,812,633,0,True,False,False
0,633,812,0,True,False,False
0,363,402,0,True,False,False
0,402,363,0,True,False,False
0,363,566,0,True,False,False
0,566,363,0,True,False,False
0,363,661,0,True,False,False
0,661,363,0,True,False,False
0,371,363,0,True,False,False
0,363,371,0,True,False,False
0,566,500,0,True,False,False
0,500,566,0,True,False,False
0,566,284,0,True,False,False
0,284,566,0,True,False,False
0,566,440,0,True,False,False
0,440,566,0,True,False,False
0,136,583,0,True,False,False
0,583,136,0,True,False,False
0,64,136,0,True,False,False
0,136,64,0,True,False,False
0,653,136,0,True,False,False
0,136,653,0,True,False,False
0,136,642,0,True,False,False
0,642,136,0,True,False,False
0,136,447,0,True,False,False
0,447,136,0,True,False,False
0,730,172,0,True,False,False
0,172,730,0,True,False,False
0,137,730,0,True,False,False
0,730,137,0,True,False,False
0,730,287,0,True,False,False
0,287,730,0,True,False,False
0,533,402,0,True,False,False
0,402,533,0,True,False,False
0,402,537,0,True,False,False
0,537,402,0,True,False,False
0,402,737,0,True,False,False
0,737,402,0,True,False,False
0,402,440,0,True,False,False
0,440,402,0,True,False,False
0,733,382,0,True,False,False
0,382,733,0,True,False,False
0,558,733,0,True,False,False
0,733,558,0,True,False,False
0,82,733,0,True,False,False
0,733,82,0,True,False,False
0,733,552,0,True,False,False
0,552,733,0,True,False,False
0,533,546,0,True,False,False
0,546,533,0,True,False,False
0,371,533,0,True,False,False
0,533,371,0,True,False,False
0,533,78,0,True,False,False
0,78,533,0,True,False,False
0,775,843,0,True,False,False
0,843,775,0,True,False,False
0,843,741,0,True,False,False
0,741,843,0,True,False,False
0,843,5,0,True,False,False
0,5,843,0,True,False,False
0,843,226,0,True,False,False
0,226,843,0,True,False,False
0,843,828,0,True,False,False
0,828,843,0,True,False,False
0,185,711,0,True,False,False
0,711,185,0,True,False,False
0,185,710,0,True,False,False
0,710,185,0,True,False,False
0,382,185,0,True,False,False
0,185,382,0,True,False,False
0,77,185,0,True,False,False
0,185,77,0,True,False,False
0,185,203,0,True,False,False
0,203,185,0,True,False,False
0,357,105,0,True,False,False
0,105,357,0,True,False,False
0,357,33,0,True,False,False
0,33,357,0,True,False,False
0,357,89,0,True,False,False
0,89,357,0,True,False,False
0,278,357,0,True,False,False
0,357,278,0,True,False,False
0,357,707,0,True,False,False
0,707,357,0,True,False,False
0,357,574,0,True,False,False
0,574,357,0,True,False,False
0,646,357,0,True,False,False
0,357,646,0,True,False,False
0,357,100,0,True,False,False
0,100,357,0,True,False,False
0,382,374,0,True,False,False
0,374,382,0,True,False,False
0,382,663,0,True,False,False
0,663,382,0,True,False,False
0,531,295,0,True,False,False
0,295,531,0,True,False,False
0,531,153,0,True,False,False
0,153,531,0,True,False,False
0,531,816,0,True,False,False
0,816,531,0,True,False,False
0,531,100,0,True,False,False
0,100,531,0,True,False,False
0,751,371,0,True,False,False
0,371,751,0,True,False,False
0,371,811,0,True,False,False
0,811,371,0,True,False,False
0,653,295,0,True,False,False
0,295,653,0,True,False,False
0,653,95,0,True,False,False
0,95,653,0,True,False,False
0,626,653,0,True,False,False
0,653,626,0,True,False,False
0,153,653,0,True,False,False
0,653,153,0,True,False,False
0,278,639,0,True,False,False
0,639,278,0,True,False,False
0,278,268,0,True,False,False
0,268,278,0,True,False,False
0,278,710,0,True,False,False
0,710,278,0,True,False,False
0,278,697,0,True,False,False
0,697,278,0,True,False,False
0,278,77,0,True,False,False
0,77,278,0,True,False,False
0,203,639,0,True,False,False
0,639,203,0,True,False,False
0,203,711,0,True,False,False
0,711,203,0,True,False,False
0,203,710,0,True,False,False
0,710,203,0,True,False,False
0,203,865,0,True,False,False
0,865,203,0,True,False,False
0,77,203,0,True,False,False
0,203,77,0,True,False,False
0,203,454,0,True,False,False
0,454,203,0,True,False,False
0,203,414,0,True,False,False
0,414,203,0,True,False,False
0,203,827,0,True,False,False
0,827,203,0,True,False,False
0,203,283,0,True,False,False
0,283,203,0,True,False,False
0,287,584,0,True,False,False
0,584,287,0,True,False,False
0,555,287,0,True,False,False
0,287,555,0,True,False,False
0,287,815,0,True,False,False
0,815,287,0,True,False,False
0,287,633,0,True,False,False
0,633,287,0,True,False,False
0,646,89,0,True,False,False
0,89,646,0,True,False,False
0,646,100,0,True,False,False
0,100,646,0,True,False,False
0,775,582,0,True,False,False
0,582,775,0,True,False,False
0,775,284,0,True,False,False
0,284,775,0,True,False,False
0,775,126,0,True,False,False
0,126,775,0,True,False,False
0,440,557,0,True,False,False
0,557,440,0,True,False,False
0,440,741,0,True,False,False
0,741,440,0,True,False,False
0,440,19,0,True,False,False
0,19,440,0,True,False,False
0,100,738,0,True,False,False
0,738,100,0,True,False,False
0,100,707,0,True,False,False
0,707,100,0,True,False,False
0,574,100,0,True,False,False
0,100,574,0,True,False,False
0,751,325,0,True,False,False
0,325,751,0,True,False,False
0,626,64,0,True,False,False
0,64,626,0,True,False,False
0,626,163,0,True,False,False
0,163,626,0,True,False,False
0,303,582,0,True,False,False
0,582,303,0,True,False,False
0,303,686,0,True,False,False
0,686,303,0,True,False,False
0,303,320,0,True,False,False
0,320,303,0,True,False,False
0,303,308,0,True,False,False
0,308,303,0,True,False,False
0,64,682,0,True,False,False
0,682,64,0,True,False,False
0,64,309,0,True,False,False
0,309,64,0,True,False,False
0,686,204,0,True,False,False
0,204,686,0,True,False,False
0,686,655,0,True,False,False
0,655,686,0,True,False,False
0,686,328,0,True,False,False
0,328,686,0,True,False,False
0,77,710,0,True,False,False
0,710,77,0,True,False,False
0,77,87,0,True,False,False
0,87,77,0,True,False,False
0,77,574,0,True,False,False
0,574,77,0,True,False,False
0,574,1,0,True,False,False
0,1,574,0,True,False,False
0,574,362,0,True,False,False
0,362,574,0,True,False,False
0,574,687,0,True,False,False
0,687,574,0,True,False,False
0,574,625,0,True,False,False
0,625,574,0,True,False,False
0,574,738,0,True,False,False
0,738,574,0,True,False,False
0,574,707,0,True,False,False
0,707,574,0,True,False,False
0,574,539,0,True,False,False
0,539,574,0,True,False,False
0,295,583,0,True,False,False
0,583,295,0,True,False,False
0,295,184,0,True,False,False
0,184,295,0,True,False,False
0,295,738,0,True,False,False
0,738,295,0,True,False,False
0,87,362,0,True,False,False
0,362,87,0,True,False,False
0,87,215,0,True,False,False
0,215,87,0,True,False,False
0,87,865,0,True,False,False
0,865,87,0,True,False,False
0,87,669,0,True,False,False
0,669,87,0,True,False,False
0,87,815,0,True,False,False
0,815,87,0,True,False,False
0,87,47,0,True,False,False
0,47,87,0,True,False,False
0,87,68,0,True,False,False
0,68,87,0,True,False,False
0,87,290,0,True,False,False
0,290,87,0,True,False,False
0,87,99,0,True,False,False
0,99,87,0,True,False,False
0,137,555,0,True,False,False
0,555,137,0,True,False,False
0,555,280,0,True,False,False
0,280,555,0,True,False,False
0,555,316,0,True,False,False
0,316,555,0,True,False,False
0,555,290,0,True,False,False
0,290,555,0,True,False,False
0,204,354,0,True,False,False
0,354,204,0,True,False,False
0,204,558,0,True,False,False
0,558,204,0,True,False,False
0,204,201,0,True,False,False
0,201,204,0,True,False,False
0,308,204,0,True,False,False
0,204,308,0,True,False,False
0,655,558,0,True,False,False
0,558,655,0,True,False,False
0,655,82,0,True,False,False
0,82,655,0,True,False,False
0,655,319,0,True,False,False
0,319,655,0,True,False,False
0,82,233,0,True,False,False
0,233,82,0,True,False,False
0,308,607,0,True,False,False
0,607,308,0,True,False,False
0,308,645,0,True,False,False
0,645,308,0,True,False,False
0,308,226,0,True,False,False
0,226,308,0,True,False,False
0,137,296,0,True,False,False
0,296,137,0,True,False,False
0,137,447,0,True,False,False
0,447,137,0,True,False,False
0,558,374,0,True,False,False
0,374,558,0,True,False,False
0,558,171,0,True,False,False
0,171,558,0,True,False,False
0,153,65,0,True,False,False
0,65,153,0,True,False,False
0,645,855,0,True,False,False
0,855,645,0,True,False,False
0,645,4,0,True,False,False
0,4,645,0,True,False,False
0,645,397,0,True,False,False
0,397,645,0,True,False,False
0,645,201,0,True,False,False
0,201,645,0,True,False,False
0,815,215,0,True,False,False
0,215,815,0,True,False,False
0,68,815,0,True,False,False
0,815,68,0,True,False,False
0,815,290,0,True,False,False
0,290,815,0,True,False,False
0,264,243,0,True,False,False
0,243,264,0,True,False,False
0,340,264,0,True,False,False
0,264,340,0,True,False,False
0,264,12,0,True,False,False
0,12,264,0,True,False,False
0,58,615,0,True,False,False
0,615,58,0,True,False,False
0,615,410,0,True,False,False
0,410,615,0,True,False,False
0,615,543,0,True,False,False
0,543,615,0,True,False,False
0,154,12,0,True,False,False
0,12,154,0,True,False,False
0,12,434,0,True,False,False
0,434,12,0,True,False,False
0,711,283,0,True,False,False
0,283,711,0,True,False,False
0,283,397,0,True,False,False
0,397,283,0,True,False,False
0,201,283,0,True,False,False
0,283,201,0,True,False,False
0,283,454,0,True,False,False
0,454,283,0,True,False,False
0,283,827,0,True,False,False
0,827,283,0,True,False,False
0,573,705,0,True,False,False
0,705,573,0,True,False,False
0,737,573,0,True,False,False
0,573,737,0,True,False,False
0,865,573,0,True,False,False
0,573,865,0,True,False,False
0,573,508,0,True,False,False
0,508,573,0,True,False,False
0,573,679,0,True,False,False
0,679,573,0,True,False,False
0,138,573,0,True,False,False
0,573,138,0,True,False,False
0,376,22,0,True,False,False
0,22,376,0,True,False,False
0,376,679,0,True,False,False
0,679,376,0,True,False,False
0,376,18,0,True,False,False
0,18,376,0,True,False,False
0,376,337,0,True,False,False
0,337,376,0,True,False,False
0,376,735,0,True,False,False
0,735,376,0,True,False,False
0,828,376,0,True,False,False
0,376,828,0,True,False,False
0,376,317,0,True,False,False
0,317,376,0,True,False,False
0,827,376,0,True,False,False
0,376,827,0,True,False,False
0,243,105,0,True,False,False
0,105,243,0,True,False,False
0,243,210,0,True,False,False
0,210,243,0,True,False,False
0,434,243,0,True,False,False
0,243,434,0,True,False,False
0,583,316,0,True,False,False
0,316,583,0,True,False,False
0,583,625,0,True,False,False
0,625,583,0,True,False,False
0,583,242,0,True,False,False
0,242,583,0,True,False,False
0,671,798,0,True,False,False
0,798,671,0,True,False,False
0,410,671,0,True,False,False
0,671,410,0,True,False,False
0,671,579,0,True,False,False
0,579,671,0,True,False,False
0,374,711,0,True,False,False
0,711,374,0,True,False,False
0,201,374,0,True,False,False
0,374,201,0,True,False,False
0,374,714,0,True,False,False
0,714,374,0,True,False,False
0,397,735,0,True,False,False
0,735,397,0,True,False,False
0,827,397,0,True,False,False
0,397,827,0,True,False,False
0,397,30,0,True,False,False
0,30,397,0,True,False,False
0,58,636,0,True,False,False
0,636,58,0,True,False,False
0,825,58,0,True,False,False
0,58,825,0,True,False,False
0,625,362,0,True,False,False
0,362,625,0,True,False,False
0,625,841,0,True,False,False
0,841,625,0,True,False,False
0,625,738,0,True,False,False
0,738,625,0,True,False,False
0,625,539,0,True,False,False
0,539,625,0,True,False,False
0,679,491,0,True,False,False
0,491,679,0,True,False,False
0,705,679,0,True,False,False
0,679,705,0,True,False,False
0,679,22,0,True,False,False
0,22,679,0,True,False,False
0,679,149,0,True,False,False
0,149,679,0,True,False,False
0,865,679,0,True,False,False
0,679,865,0,True,False,False
0,679,508,0,True,False,False
0,508,679,0,True,False,False
0,679,463,0,True,False,False
0,463,679,0,True,False,False
0,679,337,0,True,False,False
0,337,679,0,True,False,False
0,827,679,0,True,False,False
0,679,827,0,True,False,False
0,362,290,0,True,False,False
0,290,362,0,True,False,False
0,290,841,0,True,False,False
0,841,290,0,True,False,False
0,290,47,0,True,False,False
0,47,290,0,True,False,False
0,78,737,0,True,False,False
0,737,78,0,True,False,False
0,633,78,0,True,False,False
0,78,633,0,True,False,False
0,78,554,0,True,False,False
0,554,78,0,True,False,False
0,78,138,0,True,False,False
0,138,78,0,True,False,False
0,865,68,0,True,False,False
0,68,865,0,True,False,False
0,633,68,0,True,False,False
0,68,633,0,True,False,False
0,68,138,0,True,False,False
0,138,68,0,True,False,False
0,68,99,0,True,False,False
0,99,68,0,True,False,False
0,19,736,0,True,False,False
0,736,19,0,True,False,False
0,19,705,0,True,False,False
0,705,19,0,True,False,False
0,737,19,0,True,False,False
0,19,737,0,True,False,False
0,19,847,0,True,False,False
0,847,19,0,True,False,False
0,827,495,0,True,False,False
0,495,827,0,True,False,False
0,827,241,0,True,False,False
0,241,827,0,True,False,False
0,827,454,0,True,False,False
0,454,827,0,True,False,False
0,827,735,0,True,False,False
0,735,827,0,True,False,False
0,827,317,0,True,False,False
0,317,827,0,True,False,False
0,827,30,0,True,False,False
0,30,827,0,True,False,False
0,798,340,0,True,False,False
0,340,798,0,True,False,False
0,340,210,0,True,False,False
0,210,340,0,True,False,False
0,362,841,0,True,False,False
0,841,362,0,True,False,False
0,362,246,0,True,False,False
0,246,362,0,True,False,False
0,362,391,0,True,False,False
0,391,362,0,True,False,False
0,362,213,0,True,False,False
0,213,362,0,True,False,False
0,362,228,0,True,False,False
0,228,362,0,True,False,False
0,362,600,0,True,False,False
0,600,362,0,True,False,False
0,362,47,0,True,False,False
0,47,362,0,True,False,False
0,362,539,0,True,False,False
0,539,362,0,True,False,False
0,519,636,0,True,False,False
0,636,519,0,True,False,False
0,825,519,0,True,False,False
0,519,825,0,True,False,False
0,154,65,0,True,False,False
0,65,154,0,True,False,False
0,154,676,0,True,False,False
0,676,154,0,True,False,False
0,705,22,0,True,False,False
0,22,705,0,True,False,False
0,705,149,0,True,False,False
0,149,705,0,True,False,False
0,210,844,0,False,True,False
0,844,210,0,False,True,False
0,865,593,0,False,True,False
0,593,865,0,False,True,False
0,865,624,0,False,True,False
0,624,865,0,False,True,False
0,865,508,0,False,True,False
0,508,865,0,False,True,False
0,865,138,0,False,True,False
0,138,865,0,False,True,False
0,865,99,0,False,True,False
0,99,865,0,False,True,False
0,633,616,0,False,True,False
0,616,633,0,False,True,False
0,676,434,0,False,True,False
0,434,676,0,False,True,False
0,676,89,0,False,True,False
0,89,676,0,False,True,False
0,676,816,0,False,True,False
0,816,676,0,False,True,False
0,828,855,0,False,True,False
0,855,828,0,False,True,False
0,828,252,0,False,True,False
0,252,828,0,False,True,False
0,828,847,0,False,True,False
0,847,828,0,False,True,False
0,711,414,0,False,True,False
0,414,711,0,False,True,False
0,738,1,0,False,True,False
0,1,738,0,False,True,False
0,138,593,0,False,True,False
0,593,138,0,False,True,False
0,410,765,0,False,True,False
0,765,410,0,False,True,False
0,201,483,0,False,True,False
0,483,201,0,False,True,False
0,798,844,0,False,True,False
0,844,798,0,False,True,False
0,737,502,0,False,True,False
0,502,737,0,False,True,False
0,844,579,0,False,True,False
0,579,844,0,False,True,False
0,103,156,0,False,True,False
0,156,103,0,False,True,False
0,103,261,0,False,True,False
0,261,103,0,False,True,False
0,673,386,0,False,True,False
0,386,673,0,False,True,False
0,386,601,0,False,True,False
0,601,386,0,False,True,False
0,386,345,0,False,True,False
0,345,386,0,False,True,False
0,837,156,0,False,True,False
0,156,837,0,False,True,False
0,156,689,0,False,True,False
0,689,156,0,False,True,False
0,120,45,0,False,True,False
0,45,120,0,False,True,False
0,446,120,0,False,True,False
0,120,446,0,False,True,False
0,120,689,0,False,True,False
0,689,120,0,False,True,False
0,120,809,0,False,True,False
0,809,120,0,False,True,False
0,632,120,0,False,True,False
0,120,632,0,False,True,False
0,687,1,0,False,True,False
0,1,687,0,False,True,False
0,687,246,0,False,True,False
0,246,687,0,False,True,False
0,707,687,0,False,True,False
0,687,707,0,False,True,False
0,687,539,0,False,True,False
0,539,687,0,False,True,False
0,697,771,0,False,True,False
0,771,697,0,False,True,False
0,112,347,0,False,True,False
0,347,112,0,False,True,False
0,799,384,0,False,True,False
0,384,799,0,False,True,False
0,799,507,0,False,True,False
0,507,799,0,False,True,False
0,799,673,0,False,True,False
0,673,799,0,False,True,False
0,89,707,0,False,True,False
0,707,89,0,False,True,False
0,632,179,0,False,True,False
0,179,632,0,False,True,False
0,632,754,0,False,True,False
0,754,632,0,False,True,False
0,632,237,0,False,True,False
0,237,632,0,False,True,False
0,511,632,0,False,True,False
0,632,511,0,False,True,False
0,237,178,0,False,True,False
0,178,237,0,False,True,False
0,743,237,0,False,True,False
0,237,743,0,False,True,False
0,809,237,0,False,True,False
0,237,809,0,False,True,False
0,345,237,0,False,True,False
0,237,345,0,False,True,False
0,707,1,0,False,True,False
0,1,707,0,False,True,False
0,707,816,0,False,True,False
0,816,707,0,False,True,False
0,443,246,0,False,True,False
0,246,443,0,False,True,False
0,443,347,0,False,True,False
0,347,443,0,False,True,False
0,24,333,0,False,True,False
0,333,24,0,False,True,False
0,24,822,0,False,True,False
0,822,24,0,False,True,False
0,24,720,0,False,True,False
0,720,24,0,False,True,False
0,427,307,0,False,True,False
0,307,427,0,False,True,False
0,427,769,0,False,True,False
0,769,427,0,False,True,False
0,427,219,0,False,True,False
0,219,427,0,False,True,False
0,427,619,0,False,True,False
0,619,427,0,False,True,False
0,427,197,0,False,True,False
0,197,427,0,False,True,False
0,427,511,0,False,True,False
0,511,427,0,False,True,False
0,427,76,0,False,True,False
0,76,427,0,False,True,False
0,345,173,0,False,True,False
0,173,345,0,False,True,False
0,734,345,0,False,True,False
0,345,734,0,False,True,False
0,717,345,0,False,True,False
0,345,717,0,False,True,False
0,384,411,0,False,True,False
0,411,384,0,False,True,False
0,384,370,0,False,True,False
0,370,384,0,False,True,False
0,384,717,0,False,True,False
0,717,384,0,False,True,False
0,358,307,0,False,True,False
0,307,358,0,False,True,False
0,358,771,0,False,True,False
0,771,358,0,False,True,False
0,720,493,0,False,True,False
0,493,720,0,False,True,False
0,493,27,0,False,True,False
0,27,493,0,False,True,False
0,446,748,0,False,True,False
0,748,446,0,False,True,False
0,370,446,0,False,True,False
0,446,370,0,False,True,False
0,446,261,0,False,True,False
0,261,446,0,False,True,False
0,809,93,0,False,True,False
0,93,809,0,False,True,False
0,370,809,0,False,True,False
0,809,370,0,False,True,False
0,717,809,0,False,True,False
0,809,717,0,False,True,False
0,720,97,0,False,True,False
0,97,720,0,False,True,False
0,837,754,0,False,True,False
0,754,837,0,False,True,False
0,197,837,0,False,True,False
0,837,197,0,False,True,False
0,511,769,0,False,True,False
0,769,511,0,False,True,False
0,511,743,0,False,True,False
0,743,511,0,False,True,False
0,511,619,0,False,True,False
0,619,511,0,False,True,False
0,673,717,0,False,True,False
0,717,673,0,False,True,False
0,717,536,0,False,True,False
0,536,717,0,False,True,False
0,765,543,0,False,True,False
0,543,765,0,False,True,False
0,543,636,0,False,True,False
0,636,543,0,False,True,False
0,579,765,0,False,True,False
0,765,579,0,False,True,False
0,673,355,0,False,True,False
0,355,673,0,False,True,False
0,734,743,0,False,True,False
0,743,734,0,False,True,False
0,743,595,0,False,True,False
0,595,743,0,False,True,False
0,370,285,0,False,True,False
0,285,370,0,False,True,False
0,734,476,0,False,True,False
0,476,734,0,False,True,False
0,197,619,0,False,True,False
0,619,197,0,False,True,False
0,608,163,0,False,True,False
0,163,608,0,False,True,False
0,608,65,0,False,True,False
0,65,608,0,False,True,False
0,595,178,0,False,True,False
0,178,595,0,False,True,False
0,302,595,0,False,True,False
0,595,302,0,False,True,False
0,769,595,0,False,True,False
0,595,769,0,False,True,False
0,476,595,0,False,True,False
0,595,476,0,False,True,False
0,208,691,0,False,True,False
0,691,208,0,False,True,False
0,208,416,0,False,True,False
0,416,208,0,False,True,False
0,208,649,0,False,True,False
0,649,208,0,False,True,False
0,268,639,0,False,True,False
0,639,268,0,False,True,False
0,268,710,0,False,True,False
0,710,268,0,False,True,False
0,268,177,0,False,True,False
0,177,268,0,False,True,False
0,268,115,0,False,True,False
0,115,268,0,False,True,False
0,710,639,0,False,True,False
0,639,710,0,False,True,False
0,710,663,0,False,True,False
0,663,710,0,False,True,False
0,710,414,0,False,True,False
0,414,710,0,False,True,False
0,647,845,0,False,True,False
0,845,647,0,False,True,False
0,647,375,0,False,True,False
0,375,647,0,False,True,False
0,783,647,0,False,True,False
0,647,783,0,False,True,False
0,177,35,0,False,True,False
0,35,177,0,False,True,False
0,177,663,0,False,True,False
0,663,177,0,False,True,False
0,177,518,0,False,True,False
0,518,177,0,False,True,False
0,769,179,0,False,True,False
0,179,769,0,False,True,False
0,302,769,0,False,True,False
0,769,302,0,False,True,False
0,769,219,0,False,True,False
0,219,769,0,False,True,False
0,769,76,0,False,True,False
0,76,769,0,False,True,False
0,375,167,0,False,True,False
0,167,375,0,False,True,False
0,518,170,0,False,True,False
0,170,518,0,False,True,False
0,518,552,0,False,True,False
0,552,518,0,False,True,False
0,518,211,0,False,True,False
0,211,518,0,False,True,False
0,170,233,0,False,True,False
0,233,170,0,False,True,False
0,170,478,0,False,True,False
0,478,170,0,False,True,False
0,476,173,0,False,True,False
0,173,476,0,False,True,False
0,302,476,0,False,True,False
0,476,302,0,False,True,False
0,233,319,0,False,True,False
0,319,233,0,False,True,False
0,233,552,0,False,True,False
0,552,233,0,False,True,False
0,520,276,0,False,True,False
0,276,520,0,False,True,False
0,52,276,0,False,True,False
0,276,52,0,False,True,False
0,276,778,0,False,True,False
0,778,276,0,False,True,False
0,302,157,0,False,True,False
0,157,302,0,False,True,False
0,302,219,0,False,True,False
0,219,302,0,False,True,False
0,263,845,0,False,True,False
0,845,263,0,False,True,False
0,263,21,0,False,True,False
0,21,263,0,False,True,False
0,263,52,0,False,True,False
0,52,263,0,False,True,False
0,822,97,0,False,True,False
0,97,822,0,False,True,False
0,822,227,0,False,True,False
0,227,822,0,False,True,False
0,27,97,0,False,True,False
0,97,27,0,False,True,False
0,333,227,0,False,True,False
0,227,333,0,False,True,False
0,227,691,0,False,True,False
0,691,227,0,False,True,False
0,504,782,0,False,True,False
0,782,504,0,False,True,False
0,504,601,0,False,True,False
0,601,504,0,False,True,False
0,62,157,0,False,True,False
0,157,62,0,False,True,False
0,52,167,0,False,True,False
0,167,52,0,False,True,False
0,200,52,0,False,True,False
0,52,200,0,False,True,False
0,333,550,0,False,True,False
0,550,333,0,False,True,False
0,691,550,0,False,True,False
0,550,691,0,False,True,False
0,550,416,0,False,True,False
0,416,550,0,False,True,False
0,416,845,0,False,True,False
0,845,416,0,False,True,False
0,21,649,0,False,True,False
0,649,21,0,False,True,False
0,21,200,0,False,True,False
0,200,21,0,False,True,False
0,520,756,0,False,True,False
0,756,520,0,False,True,False
0,520,782,0,False,True,False
0,782,520,0,False,True,False
0,520,200,0,False,True,False
0,200,520,0,False,True,False
0,601,173,0,False,True,False
0,173,601,0,False,True,False
0,601,355,0,False,True,False
0,355,601,0,False,True,False
0,778,756,0,False,True,False
0,756,778,0,False,True,False
0,778,167,0,False,True,False
0,167,778,0,False,True,False
0,200,450,0,False,True,False
0,450,200,0,False,True,False
0,253,756,0,False,True,False
0,756,253,0,False,True,False
0,253,507,0,False,True,False
0,507,253,0,False,True,False
0,253,782,0,False,True,False
0,782,253,0,False,True,False
0,782,355,0,False,True,False
0,355,782,0,False,True,False
0,319,171,0,False,True,False
0,171,319,0,False,True,False
0,319,478,0,False,True,False
0,478,319,0,False,True,False
0,328,319,0,False,True,False
0,319,328,0,False,True,False
0,296,172,0,False,True,False
0,172,296,0,False,True,False
0,296,315,0,False,True,False
0,315,296,0,False,True,False
0,296,280,0,False,True,False
0,280,296,0,False,True,False
0,708,296,0,False,True,False
0,296,708,0,False,True,False
0,500,557,0,False,True,False
0,557,500,0,False,True,False
0,661,500,0,False,True,False
0,500,661,0,False,True,False
0,500,563,0,False,True,False
0,563,500,0,False,True,False
0,682,635,0,False,True,False
0,635,682,0,False,True,False
0,682,447,0,False,True,False
0,447,682,0,False,True,False
0,682,589,0,False,True,False
0,589,682,0,False,True,False
0,552,663,0,False,True,False
0,663,552,0,False,True,False
0,663,714,0,False,True,False
0,714,663,0,False,True,False
0,309,635,0,False,True,False
0,635,309,0,False,True,False
0,163,309,0,False,True,False
0,309,163,0,False,True,False
0,309,642,0,False,True,False
0,642,309,0,False,True,False
0,447,315,0,False,True,False
0,315,447,0,False,True,False
0,447,316,0,False,True,False
0,316,447,0,False,True,False
0,447,142,0,False,True,False
0,142,447,0,False,True,False
0,172,609,0,False,True,False
0,609,172,0,False,True,False
0,609,546,0,False,True,False
0,546,609,0,False,True,False
0,609,616,0,False,True,False
0,616,609,0,False,True,False
0,325,609,0,False,True,False
0,609,325,0,False,True,False
0,811,546,0,False,True,False
0,546,811,0,False,True,False
0,811,661,0,False,True,False
0,661,811,0,False,True,False
0,325,811,0,False,True,False
0,811,325,0,False,True,False
0,639,495,0,False,True,False
0,495,639,0,False,True,False
0,639,435,0,False,True,False
0,435,639,0,False,True,False
0,639,454,0,False,True,False
0,454,639,0,False,True,False
0,639,414,0,False,True,False
0,414,639,0,False,True,False
0,639,771,0,False,True,False
0,771,639,0,False,True,False
0,639,115,0,False,True,False
0,115,639,0,False,True,False
0,453,172,0,False,True,False
0,172,453,0,False,True,False
0,708,453,0,False,True,False
0,453,708,0,False,True,False
0,453,325,0,False,True,False
0,325,453,0,False,True,False
0,163,95,0,False,True,False
0,95,163,0,False,True,False
0,65,95,0,False,True,False
0,95,65,0,False,True,False
0,816,65,0,False,True,False
0,65,816,0,False,True,False
0,557,736,0,False,True,False
0,736,557,0,False,True,False
0,537,557,0,False,True,False
0,557,537,0,False,True,False
0,557,728,0,False,True,False
0,728,557,0,False,True,False
0,5,274,0,False,True,False
0,274,5,0,False,True,False
0,126,5,0,False,True,False
0,5,126,0,False,True,False
0,5,252,0,False,True,False
0,252,5,0,False,True,False
0,5,692,0,False,True,False
0,692,5,0,False,True,False
0,126,458,0,False,True,False
0,458,126,0,False,True,False
0,126,291,0,False,True,False
0,291,126,0,False,True,False
0,661,537,0,False,True,False
0,537,661,0,False,True,False
0,582,226,0,False,True,False
0,226,582,0,False,True,False
0,226,855,0,False,True,False
0,855,226,0,False,True,False
0,226,438,0,False,True,False
0,438,226,0,False,True,False
0,226,692,0,False,True,False
0,692,226,0,False,True,False
0,582,458,0,False,True,False
0,458,582,0,False,True,False
0,582,57,0,False,True,False
0,57,582,0,False,True,False
0,328,354,0,False,True,False
0,354,328,0,False,True,False
0,328,202,0,False,True,False
0,202,328,0,False,True,False
0,320,328,0,False,True,False
0,328,320,0,False,True,False
0,607,354,0,False,True,False
0,354,607,0,False,True,False
0,607,4,0,False,True,False
0,4,607,0,False,True,False
0,607,438,0,False,True,False
0,438,607,0,False,True,False
0,320,607,0,False,True,False
0,607,320,0,False,True,False
0,607,829,0,False,True,False
0,829,607,0,False,True,False
0,354,808,0,False,True,False
0,808,354,0,False,True,False
0,354,171,0,False,True,False
0,171,354,0,False,True,False
0,354,483,0,False,True,False
0,483,354,0,False,True,False
0,552,171,0,False,True,False
0,171,552,0,False,True,False
0,171,714,0,False,True,False
0,714,171,0,False,True,False
0,171,211,0,False,True,False
0,211,171,0,False,True,False
0,95,184,0,False,True,False
0,184,95,0,False,True,False
0,95,642,0,False,True,False
0,642,95,0,False,True,False
0,284,291,0,False,True,False
0,291,284,0,False,True,False
0,284,741,0,False,True,False
0,741,284,0,False,True,False
0,284,563,0,False,True,False
0,563,284,0,False,True,False
0,816,184,0,False,True,False
0,184,816,0,False,True,False
0,708,589,0,False,True,False
0,589,708,0,False,True,False
0,172,584,0,False,True,False
0,584,172,0,False,True,False
0,546,537,0,False,True,False
0,537,546,0,False,True,False
0,546,554,0,False,False,True
0,554,546,0,False,False,True
0,320,659,0,False,False,True
0,659,320,0,False,False,True
0,320,57,0,False,False,True
0,57,320,0,False,False,True
0,537,502,0,False,False,True
0,502,537,0,False,False,True
0,741,728,0,False,False,True
0,728,741,0,False,False,True
0,741,274,0,False,False,True
0,274,741,0,False,False,True
0,741,847,0,False,False,True
0,847,741,0,False,False,True
0,584,616,0,False,False,True
0,616,584,0,False,False,True
0,616,554,0,False,False,True
0,554,616,0,False,False,True
0,99,616,0,False,False,True
0,616,99,0,False,False,True
0,847,383,0,False,False,True
0,383,847,0,False,False,True
0,847,22,0,False,False,True
0,22,847,0,False,False,True
0,847,468,0,False,False,True
0,468,847,0,False,False,True
0,454,495,0,False,False,True
0,495,454,0,False,False,True
0,454,435,0,False,False,True
0,435,454,0,False,False,True
0,414,454,0,False,False,True
0,454,414,0,False,False,True
0,454,483,0,False,False,True
0,483,454,0,False,False,True
0,454,30,0,False,False,True
0,30,454,0,False,False,True
0,1,184,0,False,False,True
0,184,1,0,False,False,True
0,184,242,0,False,False,True
0,242,184,0,False,False,True
0,215,584,0,False,False,True
0,584,215,0,False,False,True
0,47,215,0,False,False,True
0,215,47,0,False,False,True
0,99,215,0,False,False,True
0,215,99,0,False,False,True
0,414,714,0,False,False,True
0,714,414,0,False,False,True
0,414,115,0,False,False,True
0,115,414,0,False,False,True
0,99,593,0,False,False,True
0,593,99,0,False,False,True
0,502,736,0,False,False,True
0,736,502,0,False,False,True
0,736,149,0,False,False,True
0,149,736,0,False,False,True
0,736,468,0,False,False,True
0,468,736,0,False,False,True
0,47,280,0,False,False,True
0,280,47,0,False,False,True
0,47,600,0,False,False,True
0,600,47,0,False,False,True
0,502,508,0,False,False,True
0,508,502,0,False,False,True
0,554,502,0,False,False,True
0,502,554,0,False,False,True
0,246,391,0,False,False,True
0,391,246,0,False,False,True
0,246,228,0,False,False,True
0,228,246,0,False,False,True
0,246,49,0,False,False,True
0,49,246,0,False,False,True
0,539,246,0,False,False,True
0,246,539,0,False,False,True
0,841,391,0,False,False,True
0,391,841,0,False,False,True
0,391,228,0,False,False,True
0,228,391,0,False,False,True
0,391,755,0,False,False,True
0,755,391,0,False,False,True
0,539,391,0,False,False,True
0,391,539,0,False,False,True
0,280,584,0,False,False,True
0,584,280,0,False,False,True
0,280,787,0,False,False,True
0,787,280,0,False,False,True
0,714,35,0,False,False,True
0,35,714,0,False,False,True
0,483,714,0,False,False,True
0,714,483,0,False,False,True
0,669,213,0,False,False,True
0,213,669,0,False,False,True
0,213,49,0,False,False,True
0,49,213,0,False,False,True
0,600,787,0,False,False,True
0,787,600,0,False,False,True
0,841,600,0,False,False,True
0,600,841,0,False,False,True
0,228,600,0,False,False,True
0,600,228,0,False,False,True
0,4,483,0,False,False,True
0,483,4,0,False,False,True
0,483,821,0,False,False,True
0,821,483,0,False,False,True
0,495,30,0,False,False,True
0,30,495,0,False,False,True
0,4,30,0,False,False,True
0,30,4,0,False,False,True
0,30,241,0,False,False,True
0,241,30,0,False,False,True
0,30,863,0,False,False,True
0,863,30,0,False,False,True
0,855,735,0,False,False,True
0,735,855,0,False,False,True
0,241,735,0,False,False,True
0,735,241,0,False,False,True
0,735,359,0,False,False,True
0,359,735,0,False,False,True
0,317,735,0,False,False,True
0,735,317,0,False,False,True
0,642,242,0,False,False,True
0,242,642,0,False,False,True
0,242,755,0,False,False,True
0,755,242,0,False,False,True
0,539,242,0,False,False,True
0,242,539,0,False,False,True
0,1,539,0,False,False,True
0,539,1,0,False,False,True
0,508,593,0,False,False,True
0,593,508,0,False,False,True
0,554,593,0,False,False,True
0,593,554,0,False,False,True
0,22,491,0,False,False,True
0,491,22,0,False,False,True
0,22,648,0,False,False,True
0,648,22,0,False,False,True
0,22,337,0,False,False,True
0,337,22,0,False,False,True
0,495,599,0,False,False,True
0,599,495,0,False,False,True
0,495,26,0,False,False,True
0,26,495,0,False,False,True
0,495,241,0,False,False,True
0,241,495,0,False,False,True
0,495,863,0,False,False,True
0,863,495,0,False,False,True
0,495,435,0,False,False,True
0,435,495,0,False,False,True
0,495,521,0,False,False,True
0,521,495,0,False,False,True
0,149,491,0,False,False,True
0,491,149,0,False,False,True
0,508,149,0,False,False,True
0,149,508,0,False,False,True
0,4,575,0,False,False,True
0,575,4,0,False,False,True
0,4,166,0,False,False,True
0,166,4,0,False,False,True
0,317,241,0,False,False,True
0,241,317,0,False,False,True
0,317,221,0,False,False,True
0,221,317,0,False,False,True
0,317,359,0,False,False,True
0,359,317,0,False,False,True
0,317,337,0,False,False,True
0,337,317,0,False,False,True
0,317,18,0,False,False,True
0,18,317,0,False,False,True
0,317,613,0,False,False,True
0,613,317,0,False,False,True
0,317,521,0,False,False,True
0,521,317,0,False,False,True
0,316,787,0,False,False,True
0,787,316,0,False,False,True
0,316,841,0,False,False,True
0,841,316,0,False,False,True
0,316,755,0,False,False,True
0,755,316,0,False,False,True
0,669,624,0,False,False,True
0,624,669,0,False,False,True
0,252,383,0,False,False,True
0,383,252,0,False,False,True
0,252,18,0,False,False,True
0,18,252,0,False,False,True
0,252,490,0,False,False,True
0,490,252,0,False,False,True
0,855,166,0,False,False,True
0,166,855,0,False,False,True
0,855,490,0,False,False,True
0,490,855,0,False,False,True
0,241,26,0,False,False,True
0,26,241,0,False,False,True
0,241,221,0,False,False,True
0,221,241,0,False,False,True
0,241,166,0,False,False,True
0,166,241,0,False,False,True
0,241,521,0,False,False,True
0,521,241,0,False,False,True
0,228,850,0,False,False,True
0,850,228,0,False,False,True
0,624,463,0,False,False,True
0,463,624,0,False,False,True
0,18,648,0,False,False,True
0,648,18,0,False,False,True
0,18,359,0,False,False,True
0,359,18,0,False,False,True
0,18,337,0,False,False,True
0,337,18,0,False,False,True
0,642,142,0,False,False,True
0,142,642,0,False,False,True
0,115,435,0,False,False,True
0,435,115,0,False,False,True
0,115,35,0,False,False,True
0,35,115,0,False,False,True
0,463,121,0,False,False,True
0,121,463,0,False,False,True
0,619,754,0,False,False,True
0,754,619,0,False,False,True
0,619,76,0,False,False,True
0,76,619,0,False,False,True
0,771,599,0,False,False,True
0,599,771,0,False,False,True
0,507,411,0,False,False,True
0,411,507,0,False,False,True
0,411,285,0,False,False,True
0,285,411,0,False,False,True
0,411,536,0,False,False,True
0,536,411,0,False,False,True
0,756,450,0,False,False,True
0,450,756,0,False,False,True
0,649,450,0,False,False,True
0,450,649,0,False,False,True
0,450,167,0,False,False,True
0,167,450,0,False,False,True
0,93,178,0,False,False,True
0,178,93,0,False,False,True
0,45,93,0,False,False,True
0,93,45,0,False,False,True
0,285,93,0,False,False,True
0,93,285,0,False,False,True
0,536,93,0,False,False,True
0,93,536,0,False,False,True
0,157,477,0,False,False,True
0,477,157,0,False,False,True
0,211,808,0,False,False,True
0,808,211,0,False,False,True
0,35,211,0,False,False,True
0,211,35,0,False,False,True
0,211,478,0,False,False,True
0,478,211,0,False,False,True
0,261,629,0,False,False,True
0,629,261,0,False,False,True
0,261,689,0,False,False,True
0,689,261,0,False,False,True
0,754,689,0,False,False,True
0,689,754,0,False,False,True
0,689,329,0,False,False,True
0,329,689,0,False,False,True
0,478,202,0,False,False,True
0,202,478,0,False,False,True
0,589,315,0,False,False,True
0,315,589,0,False,False,True
0,589,404,0,False,False,True
0,404,589,0,False,False,True
0,845,649,0,False,False,True
0,649,845,0,False,False,True
0,845,167,0,False,False,True
0,167,845,0,False,False,True
0,173,178,0,False,False,True
0,178,173,0,False,False,True
0,179,178,0,False,False,True
0,178,179,0,False,False,True
0,748,45,0,False,False,True
0,45,748,0,False,False,True
0,285,748,0,False,False,True
0,748,285,0,False,False,True
0,748,629,0,False,False,True
0,629,748,0,False,False,True
0,754,94,0,False,False,True
0,94,754,0,False,False,True
0,507,355,0,False,False,True
0,355,507,0,False,False,True
0,355,536,0,False,False,True
0,536,355,0,False,False,True
0,337,491,0,False,False,True
0,491,337,0,False,False,True
0,337,121,0,False,False,True
0,121,337,0,False,False,True
0,337,648,0,False,False,True
0,648,337,0,False,False,True
0,337,131,0,False,False,True
0,131,337,0,False,False,True
0,337,72,0,False,False,True
0,72,337,0,False,False,True
0,491,468,0,False,False,True
0,468,491,0,False,False,True
0,491,131,0,False,False,True
0,131,491,0,False,False,True
0,35,821,0,False,False,True
0,821,35,0,False,False,True
0,347,49,0,False,False,True
0,49,347,0,False,False,True
0,307,599,0,False,False,True
0,599,307,0,False,False,True
0,307,654,0,False,False,True
0,654,307,0,False,False,True
0,179,94,0,False,False,True
0,94,179,0,False,False,True
0,179,45,0,False,False,True
0,45,179,0,False,False,True
0,45,329,0,False,False,True
0,329,45,0,False,False,True
0,76,94,0,False,False,True
0,94,76,0,False,False,True
0,219,76,0,False,False,True
0,76,219,0,False,False,True
0,536,173,0,False,False,True
0,173,536,0,False,False,True
0,219,654,0,False,False,True
0,654,219,0,False,False,True
0,219,477,0,False,False,True
0,477,219,0,False,False,True
0,599,469,0,False,False,True
0,469,599,0,False,False,True
0,728,468,0,False,False,True
0,468,728,0,False,False,True
0,728,693,0,False,False,True
0,693,728,0,False,False,True
0,563,728,0,False,False,True
0,728,563,0,False,False,True
0,26,549,0,False,False,True
0,549,26,0,False,False,True
0,26,699,0,False,False,True
0,699,26,0,False,False,True
0,26,863,0,False,False,True
0,863,26,0,False,False,True
0,521,26,0,False,False,True
0,26,521,0,False,False,True
0,57,602,0,False,False,True
0,602,57,0,False,False,True
0,57,332,0,False,False,True
0,332,57,0,False,False,True
0,57,438,0,False,False,True
0,438,57,0,False,False,True
0,490,272,0,False,False,True
0,272,490,0,False,False,True
0,490,359,0,False,False,True
0,359,490,0,False,False,True
0,692,490,0,False,False,True
0,490,692,0,False,False,True
0,468,145,0,False,False,True
0,145,468,0,False,False,True
0,383,648,0,False,False,True
0,648,383,0,False,False,True
0,648,131,0,False,False,True
0,131,648,0,False,False,True
0,221,699,0,False,False,True
0,699,221,0,False,False,True
0,221,272,0,False,False,True
0,272,221,0,False,False,True
0,221,359,0,False,False,True
0,359,221,0,False,False,True
0,521,221,0,False,False,True
0,221,521,0,False,False,True
0,613,72,0,False,False,True
0,72,613,0,False,False,True
0,72,324,0,False,False,True
0,324,72,0,False,False,True
0,458,692,0,False,False,True
0,692,458,0,False,False,True
0,692,216,0,False,False,True
0,216,692,0,False,False,True
0,787,850,0,False,False,True
0,850,787,0,False,False,True
0,850,561,0,False,False,True
0,561,850,0,False,False,True
0,755,850,0,False,False,True
0,850,755,0,False,False,True
0,659,602,0,False,False,True
0,602,659,0,False,False,True
0,659,202,0,False,False,True
0,202,659,0,False,False,True
0,659,829,0,False,False,True
0,829,659,0,False,False,True
0,291,274,0,False,False,True
0,274,291,0,False,False,True
0,291,763,0,False,False,True
0,763,291,0,False,False,True
0,458,332,0,False,False,True
0,332,458,0,False,False,True
0,635,404,0,False,False,True
0,404,635,0,False,False,True
0,635,142,0,False,False,True
0,142,635,0,False,False,True
0,315,787,0,False,False,True
0,787,315,0,False,False,True
0,315,561,0,False,False,True
0,561,315,0,False,False,True
0,575,549,0,False,False,True
0,549,575,0,False,False,True
0,575,821,0,False,False,True
0,821,575,0,False,False,True
0,575,863,0,False,False,True
0,863,575,0,False,False,True
0,829,575,0,False,False,True
0,575,829,0,False,False,True
0,808,821,0,False,False,True
0,821,808,0,False,False,True
0,435,821,0,False,False,True
0,821,435,0,False,False,True
0,435,863,0,False,False,True
0,863,435,0,False,False,True
0,613,664,0,False,False,True
0,664,613,0,False,False,True
0,521,699,0,False,False,True
0,699,521,0,False,False,True
0,521,664,0,False,False,True
0,664,521,0,False,False,True
0,521,469,0,False,False,True
0,469,521,0,False,False,True
0,438,216,0,False,False,True
0,216,438,0,False,False,True
0,438,398,0,False,False,True
0,398,438,0,False,False,True
0,438,166,0,False,False,True
0,166,438,0,False,False,True
0,142,755,0,False,False,True
0,755,142,0,False,False,True
0,274,383,0,False,False,True
0,383,274,0,False,False,True
0,383,145,0,False,False,True
0,145,383,0,False,False,True
0,829,398,0,False,False,True
0,398,829,0,False,False,True
0,829,808,0,False,False,True
0,808,829,0,False,False,True
0,274,693,0,False,False,True
0,693,274,0,False,False,True
0,202,808,0,False,False,True
0,808,202,0,False,False,True
0,142,561,0,False,False,True
0,561,142,0,False,False,True
0,563,763,0,False,False,True
0,763,563,0,False,False,True
0,166,549,0,False,False,True
0,549,166,0,False,False,True
0,166,272,0,False,False,True
0,272,166,0,False,False,True
0,216,272,0,False,False,True
0,272,216,0,False,False,True
0,272,487,0,False,False,True
0,487,272,0,False,False,True
0,216,651,0,False,False,True
0,651,216,0,False,False,True
0,398,651,0,False,False,True
0,651,398,0,False,False,True
0,581,651,0,False,False,True
0,651,581,0,False,False,True
0,651,487,0,False,False,True
0,487,651,0,False,False,True
0,131,145,0,False,False,True
0,145,131,0,False,False,True
0,693,145,0,False,False,True
0,145,693,0,False,False,True
0,763,693,0,False,False,True
0,693,763,0,False,False,True
0,664,832,0,False,False,True
0,832,664,0,False,False,True
0,602,398,0,False,False,True
0,398,602,0,False,False,True
0,602,581,0,False,False,True
0,581,602,0,False,False,True
0,699,487,0,False,False,True
0,487,699,0,False,False,True
0,94,329,0,False,False,True
0,329,94,0,False,False,True
0,605,832,0,False,False,True
0,832,605,0,False,False,True
0,469,832,0,False,False,True
0,832,469,0,False,False,True
0,404,561,0,False,False,True
0,561,404,0,False,False,True
0,332,581,0,False,False,True
0,581,332,0,False,False,True
0,477,605,0,False,False,True
0,605,477,0,False,False,True
0,332,216,0,False,False,True
0,216,332,0,False,False,True
0,121,324,0,False,False,True
0,324,121,0,False,False,True
0,398,549,0,False,False,True
0,549,398,0,False,False,True
0,549,487,0,False,False,True
0,487,549,0,False,False,True
0,654,469,0,False,False,True
0,469,654,0,False,False,True
0,629,329,0,False,False,True
0,329,629,0,False,False,True
0,654,605,0,False,False,True
0,605,654,0,False,False,True
